run_id,run_dir,slice_label,slice_ul_pct,slice_dl_pct,edge_label,edge_cpus,edge_compute_capacity,camera_width,camera_height,resolution,run_speed,model_path,model_name,encoding,background_iperf_mbit,background_iperf_direction,background_tun_iface,status,exclude_from_analysis,raw_rows,removed_artifact_rows,kept_attempted_rows,attempted_parts,correct_parts,late_parts,unknown_parts,correct_on_time_parts,correct_rate,late_rate,unknown_rate,correct_on_time_rate,latency_col,mean_roundtrip_ms,p50_roundtrip_ms,p90_roundtrip_ms,p95_roundtrip_ms,p99_roundtrip_ms,mean_inference_ms,p95_inference_ms,mean_edge_process_ms,p95_edge_process_ms,mean_edge_total_ms,p95_edge_total_ms,prb_cost,cpu_cost,resource_cost_model,resource_cost,normalized_speed,part_spacing_m,production_rate_parts_per_min,production_goodput_unit,production_goodput,correct_per_resource,cot_per_resource,production_efficiency,utility,feasible,bg_throughput_mbps,bg_lost_percent,bg_jitter_ms
run_001_20260618_164105_slice_ul75_dl50_edge_cpu8_bg30m_ul_best_n_1280x720_speed0p5_raw,automated_experiments/results/run_001_20260618_164105_slice_ul75_dl50_edge_cpu8_bg30m_ul_best_n_1280x720_speed0p5_raw,slice_ul75_dl50,75.0,50.0,edge_cpu8,8.0,1.0,1280,720,1280x720,0.5,best_n.pt,best_n.pt,raw,30.0,ul,oaitun_ue2,completed,False,56,6,50,50,27,0,23,27,0.54,0.0,0.46,0.54,factory_roundtrip_ms,658.8001999999999,658.492,679.2900999999999,682.9289,694.48576,60.94956035999999,68.1288266,109.11014715999998,118.74569305,109.55872442000002,119.2657098,75.0,8.0,raw_prb_pct_cpu_product,600.0,0.25,1.0,30.0,correct_parts_per_min,16.200000000000003,0.0009000000000000001,0.0009000000000000001,0.027000000000000003,-3.799999999999997,False,,,
run_001_20260629_151737_slice_ul85_dl50_edge_cpu8_bg30m_ul_best_n_1280x720_speed0p5_raw,automated_experiments/results/run_001_20260629_151737_slice_ul85_dl50_edge_cpu8_bg30m_ul_best_n_1280x720_speed0p5_raw,slice_ul85_dl50,85.0,50.0,edge_cpu8,8.0,1.0,1280,720,1280x720,0.5,best_n.pt,best_n.pt,raw,30.0,ul,oaitun_ue2,completed,False,51,1,50,50,27,0,23,27,0.54,0.0,0.46,0.54,factory_roundtrip_ms,595.75086,593.124,612.4648,625.2704999999999,637.09334,63.776858759999996,71.52738455,75.34739594000001,104.99217874999998,76.21440388,106.89663199999998,85.0,8.0,raw_prb_pct_cpu_product,680.0,0.25,1.0,30.0,correct_parts_per_min,16.200000000000003,0.0007941176470588236,0.0007941176470588236,0.02382352941176471,-6.466666666666665,False,,,
run_001_20260704_141138_slice_ul90_dl50_edge_cpu8_bg30m_ul_best_n_1280x720_speed0p5_raw,automated_experiments/results/run_001_20260704_141138_slice_ul90_dl50_edge_cpu8_bg30m_ul_best_n_1280x720_speed0p5_raw,slice_ul90_dl50,90.0,50.0,edge_cpu8,8.0,1.0,1280,720,1280x720,0.5,best_n.pt,best_n.pt,raw,30.0,ul,oaitun_ue2,completed,False,50,0,50,50,32,0,18,32,0.64,0.0,0.36,0.64,factory_roundtrip_ms,582.35462,580.252,598.5949,605.1267499999999,637.29765,60.26773836,69.74375069999999,70.7131663,85.14453244999997,71.48099744000001,85.53344209999997,90.0,8.0,raw_prb_pct_cpu_product,720.0,0.25,1.0,30.0,correct_parts_per_min,19.2,0.0008888888888888889,0.0008888888888888889,0.026666666666666665,-4.800000000000001,False,,,
run_002_20260618_164759_slice_ul75_dl50_edge_cpu8_bg30m_ul_best_n_1280x720_speed1p0_raw,automated_experiments/results/run_002_20260618_164759_slice_ul75_dl50_edge_cpu8_bg30m_ul_best_n_1280x720_speed1p0_raw,slice_ul75_dl50,75.0,50.0,edge_cpu8,8.0,1.0,1280,720,1280x720,1.0,best_n.pt,best_n.pt,raw,30.0,ul,oaitun_ue2,completed,False,138,88,50,50,33,0,17,33,0.66,0.0,0.34,0.66,factory_roundtrip_ms,653.8012,651.9945,666.4815,668.44715,681.46849,59.382907720000006,66.67164265,107.43337365999997,118.04613475,107.95740247999998,118.46186265,75.0,8.0,raw_prb_pct_cpu_product,600.0,0.5,1.0,60.0,correct_parts_per_min,39.6,0.0011,0.0011,0.066,19.6,False,,,
run_002_20260629_152311_slice_ul85_dl50_edge_cpu8_bg30m_ul_best_n_1280x720_speed1p0_raw,automated_experiments/results/run_002_20260629_152311_slice_ul85_dl50_edge_cpu8_bg30m_ul_best_n_1280x720_speed1p0_raw,slice_ul85_dl50,85.0,50.0,edge_cpu8,8.0,1.0,1280,720,1280x720,1.0,best_n.pt,best_n.pt,raw,30.0,ul,oaitun_ue2,completed,False,134,84,50,50,30,0,20,30,0.6,0.0,0.4,0.6,factory_roundtrip_ms,584.86066,579.9135,610.8032000000001,626.00045,655.1103499999999,61.5573845,67.997463,73.78269650000001,96.05459589999998,74.50438542,99.98929924999999,85.0,8.0,raw_prb_pct_cpu_product,680.0,0.5,1.0,60.0,correct_parts_per_min,36.0,0.0008823529411764705,0.0008823529411764705,0.052941176470588235,13.333333333333332,False,,,
run_002_20260704_141706_slice_ul90_dl50_edge_cpu8_bg30m_ul_best_n_1280x720_speed1p0_raw,automated_experiments/results/run_002_20260704_141706_slice_ul90_dl50_edge_cpu8_bg30m_ul_best_n_1280x720_speed1p0_raw,slice_ul90_dl50,90.0,50.0,edge_cpu8,8.0,1.0,1280,720,1280x720,1.0,best_n.pt,best_n.pt,raw,30.0,ul,oaitun_ue2,completed,False,57,7,50,50,29,0,21,29,0.58,0.0,0.42,0.58,factory_roundtrip_ms,579.83356,575.29,604.2040000000001,616.1795,626.9335599999999,59.76951448,66.259851,69.90951120000001,86.9711799,70.85967104000001,91.27756314999999,90.0,8.0,raw_prb_pct_cpu_product,720.0,0.5,1.0,60.0,correct_parts_per_min,34.8,0.0008055555555555555,0.0008055555555555555,0.04833333333333333,10.799999999999997,False,,,
run_003_20260618_165707_slice_ul75_dl50_edge_cpu8_bg30m_ul_best_n_1280x720_speed1p5_raw,automated_experiments/results/run_003_20260618_165707_slice_ul75_dl50_edge_cpu8_bg30m_ul_best_n_1280x720_speed1p5_raw,slice_ul75_dl50,75.0,50.0,edge_cpu8,8.0,1.0,1280,720,1280x720,1.5,best_n.pt,best_n.pt,raw,30.0,ul,oaitun_ue2,completed,False,54,4,50,50,20,16,14,20,0.4,0.32,0.28,0.4,factory_roundtrip_ms,649.20064,644.6745,661.9375,674.05185,722.0297099999999,59.35289522000001,65.23616034999999,108.62011742,123.43106134999996,109.03354662,123.74129714999995,75.0,8.0,raw_prb_pct_cpu_product,600.0,0.75,1.0,90.0,correct_parts_per_min,36.0,0.0006666666666666668,0.0006666666666666668,0.06,16.0,False,,,
run_003_20260629_153048_slice_ul85_dl50_edge_cpu8_bg30m_ul_best_n_1280x720_speed1p5_raw,automated_experiments/results/run_003_20260629_153048_slice_ul85_dl50_edge_cpu8_bg30m_ul_best_n_1280x720_speed1p5_raw,slice_ul85_dl50,85.0,50.0,edge_cpu8,8.0,1.0,1280,720,1280x720,1.5,best_n.pt,best_n.pt,raw,30.0,ul,oaitun_ue2,completed,False,51,1,50,50,27,0,23,27,0.54,0.0,0.46,0.54,factory_roundtrip_ms,577.24116,574.748,587.4915000000001,591.9623,628.8095,61.363759920000014,71.13644794999999,71.03884930000001,84.34681699999999,71.40550255999999,84.50256214999999,85.0,8.0,raw_prb_pct_cpu_product,680.0,0.75,1.0,90.0,correct_parts_per_min,48.6,0.0007941176470588236,0.0007941176470588236,0.07147058823529412,25.933333333333334,False,,,
run_003_20260704_142113_slice_ul90_dl50_edge_cpu8_bg30m_ul_best_n_1280x720_speed1p5_raw,automated_experiments/results/run_003_20260704_142113_slice_ul90_dl50_edge_cpu8_bg30m_ul_best_n_1280x720_speed1p5_raw,slice_ul90_dl50,90.0,50.0,edge_cpu8,8.0,1.0,1280,720,1280x720,1.5,best_n.pt,best_n.pt,raw,30.0,ul,oaitun_ue2,completed,False,50,0,50,50,26,2,22,26,0.52,0.04,0.44,0.52,factory_roundtrip_ms,572.7540799999999,566.643,594.7457,612.61895,656.11316,60.68215008,77.67816595,72.46410992000001,100.6319034,73.53340334,102.676377,90.0,8.0,raw_prb_pct_cpu_product,720.0,0.75,1.0,90.0,correct_parts_per_min,46.800000000000004,0.0007222222222222223,0.0007222222222222223,0.065,22.800000000000004,False,,,
run_004_20260618_170101_slice_ul75_dl50_edge_cpu8_bg30m_ul_best_n_1280x720_speed2p0_raw,automated_experiments/results/run_004_20260618_170101_slice_ul75_dl50_edge_cpu8_bg30m_ul_best_n_1280x720_speed2p0_raw,slice_ul75_dl50,75.0,50.0,edge_cpu8,8.0,1.0,1280,720,1280x720,2.0,best_n.pt,best_n.pt,raw,30.0,ul,oaitun_ue2,completed,False,56,6,50,50,0,50,0,0,0.0,1.0,0.0,0.0,factory_roundtrip_ms,644.0267,643.29,656.5956,664.0419,676.82557,56.296889160000006,64.1805592,103.19430452,113.047209,103.62738716000001,113.35842455,75.0,8.0,raw_prb_pct_cpu_product,600.0,1.0,1.0,120.0,correct_parts_per_min,0.0,0.0,0.0,0.0,-20.0,False,,,
run_004_20260629_153406_slice_ul85_dl50_edge_cpu8_bg30m_ul_best_n_1280x720_speed2p0_raw,automated_experiments/results/run_004_20260629_153406_slice_ul85_dl50_edge_cpu8_bg30m_ul_best_n_1280x720_speed2p0_raw,slice_ul85_dl50,85.0,50.0,edge_cpu8,8.0,1.0,1280,720,1280x720,2.0,best_n.pt,best_n.pt,raw,30.0,ul,oaitun_ue2,completed,False,72,22,50,50,0,50,0,0,0.0,1.0,0.0,0.0,factory_roundtrip_ms,577.28716,574.533,588.7985000000001,594.09145,615.7065399999999,60.59576798,67.52408614999999,69.05566628,77.2540961,69.49997311999999,77.43529845,85.0,8.0,raw_prb_pct_cpu_product,680.0,1.0,1.0,120.0,correct_parts_per_min,0.0,0.0,0.0,0.0,-22.666666666666668,False,,,
run_004_20260704_142426_slice_ul90_dl50_edge_cpu8_bg30m_ul_best_n_1280x720_speed2p0_raw,automated_experiments/results/run_004_20260704_142426_slice_ul90_dl50_edge_cpu8_bg30m_ul_best_n_1280x720_speed2p0_raw,slice_ul90_dl50,90.0,50.0,edge_cpu8,8.0,1.0,1280,720,1280x720,2.0,best_n.pt,best_n.pt,raw,30.0,ul,oaitun_ue2,completed,False,50,0,50,50,0,50,0,0,0.0,1.0,0.0,0.0,factory_roundtrip_ms,572.3567,570.203,587.7046,591.1391,607.26699,60.14335918,67.25368909999999,68.38087602,76.38912715,68.76931617999999,76.6233083,90.0,8.0,raw_prb_pct_cpu_product,720.0,1.0,1.0,120.0,correct_parts_per_min,0.0,0.0,0.0,0.0,-24.0,False,,,
run_005_20260618_170439_slice_ul75_dl50_edge_cpu8_bg30m_ul_best_n_640x360_speed0p5_raw,automated_experiments/results/run_005_20260618_170439_slice_ul75_dl50_edge_cpu8_bg30m_ul_best_n_640x360_speed0p5_raw,slice_ul75_dl50,75.0,50.0,edge_cpu8,8.0,1.0,640,360,640x360,0.5,best_n.pt,best_n.pt,raw,30.0,ul,oaitun_ue2,completed,False,50,0,50,50,12,0,38,12,0.24,0.0,0.76,0.24,factory_roundtrip_ms,355.32518,354.37149999999997,364.2572,370.7582,377.77172,61.05438946,70.59411549999999,76.25109702,87.3944353,76.35709241999999,87.45839025,75.0,8.0,raw_prb_pct_cpu_product,600.0,0.25,1.0,30.0,correct_parts_per_min,7.199999999999999,0.00039999999999999996,0.00039999999999999996,0.011999999999999999,-12.8,False,,,
run_005_20260629_153753_slice_ul85_dl50_edge_cpu8_bg30m_ul_best_n_640x360_speed0p5_raw,automated_experiments/results/run_005_20260629_153753_slice_ul85_dl50_edge_cpu8_bg30m_ul_best_n_640x360_speed0p5_raw,slice_ul85_dl50,85.0,50.0,edge_cpu8,8.0,1.0,640,360,640x360,0.5,best_n.pt,best_n.pt,raw,30.0,ul,oaitun_ue2,completed,False,50,0,50,50,14,0,36,14,0.28,0.0,0.72,0.28,factory_roundtrip_ms,328.11116000000004,327.397,342.245,344.1742,346.87717,65.72684496,77.88024569999999,68.20274768,80.89257539999998,68.29999292000001,81.01060179999999,85.0,8.0,raw_prb_pct_cpu_product,680.0,0.25,1.0,30.0,correct_parts_per_min,8.4,0.00041176470588235296,0.00041176470588235296,0.012352941176470589,-14.266666666666667,False,,,
run_005_20260704_142727_slice_ul90_dl50_edge_cpu8_bg30m_ul_best_n_640x360_speed0p5_raw,automated_experiments/results/run_005_20260704_142727_slice_ul90_dl50_edge_cpu8_bg30m_ul_best_n_640x360_speed0p5_raw,slice_ul90_dl50,90.0,50.0,edge_cpu8,8.0,1.0,640,360,640x360,0.5,best_n.pt,best_n.pt,raw,30.0,ul,oaitun_ue2,completed,False,50,0,50,50,11,0,39,11,0.22,0.0,0.78,0.22,factory_roundtrip_ms,326.54102,323.36400000000003,340.01250000000005,355.74789999999996,365.95129,66.84145748,84.05919819999997,69.62297254,88.61906709999998,69.74590252,89.18040859999998,90.0,8.0,raw_prb_pct_cpu_product,720.0,0.25,1.0,30.0,correct_parts_per_min,6.6,0.00030555555555555555,0.00030555555555555555,0.009166666666666667,-17.4,False,,,
run_006_20260618_171102_slice_ul75_dl50_edge_cpu8_bg30m_ul_best_n_640x360_speed1p0_raw,automated_experiments/results/run_006_20260618_171102_slice_ul75_dl50_edge_cpu8_bg30m_ul_best_n_640x360_speed1p0_raw,slice_ul75_dl50,75.0,50.0,edge_cpu8,8.0,1.0,640,360,640x360,1.0,best_n.pt,best_n.pt,raw,30.0,ul,oaitun_ue2,completed,False,68,18,50,50,12,0,38,12,0.24,0.0,0.76,0.24,factory_roundtrip_ms,356.09831999999994,355.115,367.4121,373.6258,379.47835999999995,63.27931894,75.7445239,78.89855440000001,93.97918059999999,78.9993089,94.06271584999999,75.0,8.0,raw_prb_pct_cpu_product,600.0,0.5,1.0,60.0,correct_parts_per_min,14.399999999999999,0.00039999999999999996,0.00039999999999999996,0.023999999999999997,-5.600000000000001,False,,,
run_006_20260629_154335_slice_ul85_dl50_edge_cpu8_bg30m_ul_best_n_640x360_speed1p0_raw,automated_experiments/results/run_006_20260629_154335_slice_ul85_dl50_edge_cpu8_bg30m_ul_best_n_640x360_speed1p0_raw,slice_ul85_dl50,85.0,50.0,edge_cpu8,8.0,1.0,640,360,640x360,1.0,best_n.pt,best_n.pt,raw,30.0,ul,oaitun_ue2,completed,False,60,10,50,50,12,0,38,12,0.24,0.0,0.76,0.24,factory_roundtrip_ms,322.23172,321.202,334.956,337.97475,349.57225999999997,63.97813964000001,73.2848101,66.36493496000001,75.55494304999999,66.45962684,75.59711539999999,85.0,8.0,raw_prb_pct_cpu_product,680.0,0.5,1.0,60.0,correct_parts_per_min,14.399999999999999,0.0003529411764705882,0.0003529411764705882,0.021176470588235293,-8.26666666666667,False,,,
run_006_20260704_143312_slice_ul90_dl50_edge_cpu8_bg30m_ul_best_n_640x360_speed1p0_raw,automated_experiments/results/run_006_20260704_143312_slice_ul90_dl50_edge_cpu8_bg30m_ul_best_n_640x360_speed1p0_raw,slice_ul90_dl50,90.0,50.0,edge_cpu8,8.0,1.0,640,360,640x360,1.0,best_n.pt,best_n.pt,raw,30.0,ul,oaitun_ue2,completed,False,58,8,50,50,11,0,39,11,0.22,0.0,0.78,0.22,factory_roundtrip_ms,319.85854,318.903,327.3528,335.50145,343.36716,64.33604223999998,74.95082919999999,66.81829276,78.79082159999999,66.93032058,78.98125859999999,90.0,8.0,raw_prb_pct_cpu_product,720.0,0.5,1.0,60.0,correct_parts_per_min,13.2,0.00030555555555555555,0.00030555555555555555,0.018333333333333333,-10.8,False,,,
run_007_20260618_171622_slice_ul75_dl50_edge_cpu8_bg30m_ul_best_n_640x360_speed1p5_raw,automated_experiments/results/run_007_20260618_171622_slice_ul75_dl50_edge_cpu8_bg30m_ul_best_n_640x360_speed1p5_raw,slice_ul75_dl50,75.0,50.0,edge_cpu8,8.0,1.0,640,360,640x360,1.5,best_n.pt,best_n.pt,raw,30.0,ul,oaitun_ue2,completed,False,50,0,50,50,12,0,38,12,0.24,0.0,0.76,0.24,factory_roundtrip_ms,359.9554,360.1935,370.3282,376.4824,382.35392,62.52149696000001,71.59148275,78.58280614,90.741706,78.68539879999999,90.79705845,75.0,8.0,raw_prb_pct_cpu_product,600.0,0.75,1.0,90.0,correct_parts_per_min,21.599999999999998,0.00039999999999999996,0.00039999999999999996,0.036,1.5999999999999979,False,,,
run_007_20260629_154755_slice_ul85_dl50_edge_cpu8_bg30m_ul_best_n_640x360_speed1p5_raw,automated_experiments/results/run_007_20260629_154755_slice_ul85_dl50_edge_cpu8_bg30m_ul_best_n_640x360_speed1p5_raw,slice_ul85_dl50,85.0,50.0,edge_cpu8,8.0,1.0,640,360,640x360,1.5,best_n.pt,best_n.pt,raw,30.0,ul,oaitun_ue2,completed,False,50,0,50,50,14,0,36,14,0.28,0.0,0.72,0.28,factory_roundtrip_ms,326.84857999999997,326.56449999999995,335.4994,340.8164,346.91259,63.44211676,75.9043215,65.83503390000001,79.19953805,65.92553738,79.25037225,85.0,8.0,raw_prb_pct_cpu_product,680.0,0.75,1.0,90.0,correct_parts_per_min,25.200000000000003,0.00041176470588235296,0.00041176470588235296,0.03705882352941177,2.533333333333335,False,,,
run_007_20260704_143725_slice_ul90_dl50_edge_cpu8_bg30m_ul_best_n_640x360_speed1p5_raw,automated_experiments/results/run_007_20260704_143725_slice_ul90_dl50_edge_cpu8_bg30m_ul_best_n_640x360_speed1p5_raw,slice_ul90_dl50,90.0,50.0,edge_cpu8,8.0,1.0,640,360,640x360,1.5,best_n.pt,best_n.pt,raw,30.0,ul,oaitun_ue2,completed,False,50,0,50,50,13,0,37,13,0.26,0.0,0.74,0.26,factory_roundtrip_ms,330.76446,329.23699999999997,344.18440000000004,347.9377,406.3646999999999,66.22041802,81.576708,69.28927296,84.26624665,69.3947927,84.4406781,90.0,8.0,raw_prb_pct_cpu_product,720.0,0.75,1.0,90.0,correct_parts_per_min,23.400000000000002,0.00036111111111111115,0.00036111111111111115,0.0325,-0.5999999999999979,False,,,
run_008_20260618_172006_slice_ul75_dl50_edge_cpu8_bg30m_ul_best_n_640x360_speed2p0_raw,automated_experiments/results/run_008_20260618_172006_slice_ul75_dl50_edge_cpu8_bg30m_ul_best_n_640x360_speed2p0_raw,slice_ul75_dl50,75.0,50.0,edge_cpu8,8.0,1.0,640,360,640x360,2.0,best_n.pt,best_n.pt,raw,30.0,ul,oaitun_ue2,completed,False,50,0,50,50,15,0,35,15,0.3,0.0,0.7,0.3,factory_roundtrip_ms,359.05096,360.394,368.52389999999997,370.107,379.01149999999996,62.658382700000004,72.25062885,78.43726068,90.88532319999999,78.55384514,90.9629104,75.0,8.0,raw_prb_pct_cpu_product,600.0,1.0,1.0,120.0,correct_parts_per_min,36.0,0.0005,0.0005,0.06,16.0,False,,,
run_008_20260629_155111_slice_ul85_dl50_edge_cpu8_bg30m_ul_best_n_640x360_speed2p0_raw,automated_experiments/results/run_008_20260629_155111_slice_ul85_dl50_edge_cpu8_bg30m_ul_best_n_640x360_speed2p0_raw,slice_ul85_dl50,85.0,50.0,edge_cpu8,8.0,1.0,640,360,640x360,2.0,best_n.pt,best_n.pt,raw,30.0,ul,oaitun_ue2,completed,False,50,0,50,50,15,0,35,15,0.3,0.0,0.7,0.3,factory_roundtrip_ms,328.52,328.122,339.6048,341.08675,342.89063,66.02907452,74.6697796,68.52917888,77.19381745,68.61750882,77.2609258,85.0,8.0,raw_prb_pct_cpu_product,680.0,1.0,1.0,120.0,correct_parts_per_min,36.0,0.00044117647058823526,0.00044117647058823526,0.052941176470588235,13.333333333333332,False,,,
run_008_20260704_144041_slice_ul90_dl50_edge_cpu8_bg30m_ul_best_n_640x360_speed2p0_raw,automated_experiments/results/run_008_20260704_144041_slice_ul90_dl50_edge_cpu8_bg30m_ul_best_n_640x360_speed2p0_raw,slice_ul90_dl50,90.0,50.0,edge_cpu8,8.0,1.0,640,360,640x360,2.0,best_n.pt,best_n.pt,raw,30.0,ul,oaitun_ue2,completed,False,51,1,50,50,12,0,38,12,0.24,0.0,0.76,0.24,factory_roundtrip_ms,323.81623999999994,323.77250000000004,331.35810000000004,335.36699999999996,340.1732,62.93518258000001,72.55978225,65.83422404,76.72433095,65.94532539999999,76.9059558,90.0,8.0,raw_prb_pct_cpu_product,720.0,1.0,1.0,120.0,correct_parts_per_min,28.799999999999997,0.0003333333333333333,0.0003333333333333333,0.039999999999999994,4.799999999999997,False,,,
run_009_20260618_172332_slice_ul75_dl50_edge_cpu8_bg30m_ul_best_n_320x180_speed0p5_raw,automated_experiments/results/run_009_20260618_172332_slice_ul75_dl50_edge_cpu8_bg30m_ul_best_n_320x180_speed0p5_raw,slice_ul75_dl50,75.0,50.0,edge_cpu8,8.0,1.0,320,180,320x180,0.5,best_n.pt,best_n.pt,raw,30.0,ul,oaitun_ue2,completed,False,50,0,50,50,6,0,44,6,0.12,0.0,0.88,0.12,factory_roundtrip_ms,204.21153999999999,203.329,215.9144,218.3306,221.54327,64.0375661,75.39566855,70.14320192,82.3439196,70.19508720000002,82.38859289999999,75.0,8.0,raw_prb_pct_cpu_product,600.0,0.25,1.0,30.0,correct_parts_per_min,3.5999999999999996,0.00019999999999999998,0.00019999999999999998,0.005999999999999999,-16.4,False,,,
run_009_20260629_155413_slice_ul85_dl50_edge_cpu8_bg30m_ul_best_n_320x180_speed0p5_raw,automated_experiments/results/run_009_20260629_155413_slice_ul85_dl50_edge_cpu8_bg30m_ul_best_n_320x180_speed0p5_raw,slice_ul85_dl50,85.0,50.0,edge_cpu8,8.0,1.0,320,180,320x180,0.5,best_n.pt,best_n.pt,raw,30.0,ul,oaitun_ue2,completed,False,50,0,50,50,6,0,44,6,0.12,0.0,0.88,0.12,factory_roundtrip_ms,191.61264,191.304,204.9067,206.8615,213.96182999999996,66.03909716,78.3466184,67.14553946,79.5507301,67.20732514000001,79.59193675,85.0,8.0,raw_prb_pct_cpu_product,680.0,0.25,1.0,30.0,correct_parts_per_min,3.5999999999999996,0.0001764705882352941,0.0001764705882352941,0.005294117647058823,-19.06666666666667,False,,,
run_009_20260704_144341_slice_ul90_dl50_edge_cpu8_bg30m_ul_best_n_320x180_speed0p5_raw,automated_experiments/results/run_009_20260704_144341_slice_ul90_dl50_edge_cpu8_bg30m_ul_best_n_320x180_speed0p5_raw,slice_ul90_dl50,90.0,50.0,edge_cpu8,8.0,1.0,320,180,320x180,0.5,best_n.pt,best_n.pt,raw,30.0,ul,oaitun_ue2,completed,False,50,0,50,50,6,0,44,6,0.12,0.0,0.88,0.12,factory_roundtrip_ms,185.39606,184.8355,195.584,199.2303,217.66899999999993,60.84066854,71.18599545,62.07782401999999,72.65949004999999,62.135556920000006,72.69664289999999,90.0,8.0,raw_prb_pct_cpu_product,720.0,0.25,1.0,30.0,correct_parts_per_min,3.5999999999999996,0.00016666666666666666,0.00016666666666666666,0.004999999999999999,-20.4,False,,,
run_010_20260618_173000_slice_ul75_dl50_edge_cpu8_bg30m_ul_best_n_320x180_speed1p0_raw,automated_experiments/results/run_010_20260618_173000_slice_ul75_dl50_edge_cpu8_bg30m_ul_best_n_320x180_speed1p0_raw,slice_ul75_dl50,75.0,50.0,edge_cpu8,8.0,1.0,320,180,320x180,1.0,best_n.pt,best_n.pt,raw,30.0,ul,oaitun_ue2,completed,False,51,1,50,50,6,0,44,6,0.12,0.0,0.88,0.12,factory_roundtrip_ms,200.60660000000004,199.691,211.73930000000001,215.04,222.74663999999999,61.9540013,72.83024565,67.90861992,79.58298414999999,67.95484898,79.62773944999999,75.0,8.0,raw_prb_pct_cpu_product,600.0,0.5,1.0,60.0,correct_parts_per_min,7.199999999999999,0.00019999999999999998,0.00019999999999999998,0.011999999999999999,-12.8,False,,,
run_010_20260629_155956_slice_ul85_dl50_edge_cpu8_bg30m_ul_best_n_320x180_speed1p0_raw,automated_experiments/results/run_010_20260629_155956_slice_ul85_dl50_edge_cpu8_bg30m_ul_best_n_320x180_speed1p0_raw,slice_ul85_dl50,85.0,50.0,edge_cpu8,8.0,1.0,320,180,320x180,1.0,best_n.pt,best_n.pt,raw,30.0,ul,oaitun_ue2,completed,False,91,8,83,83,11,0,72,11,0.13253012048192772,0.0,0.8674698795180723,0.13253012048192772,factory_roundtrip_ms,190.81296385542169,188.149,204.50820000000002,208.3105,217.75423999999973,64.63025146987952,79.9994734,65.75025266265058,81.65325259999999,65.81339753012048,81.75999219999999,85.0,8.0,raw_prb_pct_cpu_product,680.0,0.5,1.0,60.0,correct_parts_per_min,7.951807228915663,0.0001948972360028349,0.0001948972360028349,0.011693834160170093,-14.714859437751006,False,,,
run_010_20260704_144921_slice_ul90_dl50_edge_cpu8_bg30m_ul_best_n_320x180_speed1p0_raw,automated_experiments/results/run_010_20260704_144921_slice_ul90_dl50_edge_cpu8_bg30m_ul_best_n_320x180_speed1p0_raw,slice_ul90_dl50,90.0,50.0,edge_cpu8,8.0,1.0,320,180,320x180,1.0,best_n.pt,best_n.pt,raw,30.0,ul,oaitun_ue2,completed,False,50,0,50,50,6,0,44,6,0.12,0.0,0.88,0.12,factory_roundtrip_ms,184.14128,183.599,192.90019999999998,196.87935,199.56584999999998,61.83484568,71.25071254999999,62.903982619999994,72.77208184999999,62.95609478,72.83197884999998,90.0,8.0,raw_prb_pct_cpu_product,720.0,0.5,1.0,60.0,correct_parts_per_min,7.199999999999999,0.00016666666666666666,0.00016666666666666666,0.009999999999999998,-16.8,False,,,
run_011_20260618_173429_slice_ul75_dl50_edge_cpu8_bg30m_ul_best_n_320x180_speed1p5_raw,automated_experiments/results/run_011_20260618_173429_slice_ul75_dl50_edge_cpu8_bg30m_ul_best_n_320x180_speed1p5_raw,slice_ul75_dl50,75.0,50.0,edge_cpu8,8.0,1.0,320,180,320x180,1.5,best_n.pt,best_n.pt,raw,30.0,ul,oaitun_ue2,completed,False,50,0,50,50,6,0,44,6,0.12,0.0,0.88,0.12,factory_roundtrip_ms,203.47366,203.01350000000002,213.3553,220.13354999999999,231.25,62.68397678,76.0360286,69.00610732,83.33381564999999,69.05570686,83.36959599999999,75.0,8.0,raw_prb_pct_cpu_product,600.0,0.75,1.0,90.0,correct_parts_per_min,10.799999999999999,0.00019999999999999998,0.00019999999999999998,0.018,-9.200000000000001,False,,,
run_011_20260629_160831_slice_ul85_dl50_edge_cpu8_bg30m_ul_best_n_320x180_speed1p5_raw,automated_experiments/results/run_011_20260629_160831_slice_ul85_dl50_edge_cpu8_bg30m_ul_best_n_320x180_speed1p5_raw,slice_ul85_dl50,85.0,50.0,edge_cpu8,8.0,1.0,320,180,320x180,1.5,best_n.pt,best_n.pt,raw,30.0,ul,oaitun_ue2,completed,False,50,0,50,50,6,0,44,6,0.12,0.0,0.88,0.12,factory_roundtrip_ms,188.65146000000001,186.3595,198.89600000000002,204.1248,222.29848999999996,63.49032315999999,73.63540264999999,64.69977394,74.79176724999999,64.76693597999999,74.86136214999999,85.0,8.0,raw_prb_pct_cpu_product,680.0,0.75,1.0,90.0,correct_parts_per_min,10.799999999999999,0.0001764705882352941,0.0001764705882352941,0.01588235294117647,-11.866666666666669,False,,,
run_011_20260704_145314_slice_ul90_dl50_edge_cpu8_bg30m_ul_best_n_320x180_speed1p5_raw,automated_experiments/results/run_011_20260704_145314_slice_ul90_dl50_edge_cpu8_bg30m_ul_best_n_320x180_speed1p5_raw,slice_ul90_dl50,90.0,50.0,edge_cpu8,8.0,1.0,320,180,320x180,1.5,best_n.pt,best_n.pt,raw,30.0,ul,oaitun_ue2,completed,False,50,0,50,50,7,0,43,7,0.14,0.0,0.86,0.14,factory_roundtrip_ms,182.92883999999998,183.4145,190.0964,193.623,200.31145999999998,60.42121704,70.85930494999998,61.48229504,72.04277464999998,61.52978498,72.08988159999998,90.0,8.0,raw_prb_pct_cpu_product,720.0,0.75,1.0,90.0,correct_parts_per_min,12.600000000000001,0.00019444444444444446,0.00019444444444444446,0.0175,-11.399999999999999,False,,,
run_012_20260618_173817_slice_ul75_dl50_edge_cpu8_bg30m_ul_best_n_320x180_speed2p0_raw,automated_experiments/results/run_012_20260618_173817_slice_ul75_dl50_edge_cpu8_bg30m_ul_best_n_320x180_speed2p0_raw,slice_ul75_dl50,75.0,50.0,edge_cpu8,8.0,1.0,320,180,320x180,2.0,best_n.pt,best_n.pt,raw,30.0,ul,oaitun_ue2,completed,False,50,0,50,50,6,0,44,6,0.12,0.0,0.88,0.12,factory_roundtrip_ms,200.63377999999997,199.332,210.74290000000002,212.36405,216.46455,61.883919199999994,69.5859543,67.98334032000001,76.5798066,68.04253265999999,76.65319845,75.0,8.0,raw_prb_pct_cpu_product,600.0,1.0,1.0,120.0,correct_parts_per_min,14.399999999999999,0.00019999999999999998,0.00019999999999999998,0.023999999999999997,-5.600000000000001,False,,,
run_012_20260629_161151_slice_ul85_dl50_edge_cpu8_bg30m_ul_best_n_320x180_speed2p0_raw,automated_experiments/results/run_012_20260629_161151_slice_ul85_dl50_edge_cpu8_bg30m_ul_best_n_320x180_speed2p0_raw,slice_ul85_dl50,85.0,50.0,edge_cpu8,8.0,1.0,320,180,320x180,2.0,best_n.pt,best_n.pt,raw,30.0,ul,oaitun_ue2,completed,False,50,0,50,50,6,0,44,6,0.12,0.0,0.88,0.12,factory_roundtrip_ms,196.7034,192.21800000000002,215.71650000000002,220.97845,245.49789999999996,69.24666966,85.41253729999998,70.57008818,88.78346549999999,70.6457757,89.00034799999999,85.0,8.0,raw_prb_pct_cpu_product,680.0,1.0,1.0,120.0,correct_parts_per_min,14.399999999999999,0.0001764705882352941,0.0001764705882352941,0.021176470588235293,-8.26666666666667,False,,,
run_012_20260704_145629_slice_ul90_dl50_edge_cpu8_bg30m_ul_best_n_320x180_speed2p0_raw,automated_experiments/results/run_012_20260704_145629_slice_ul90_dl50_edge_cpu8_bg30m_ul_best_n_320x180_speed2p0_raw,slice_ul90_dl50,90.0,50.0,edge_cpu8,8.0,1.0,320,180,320x180,2.0,best_n.pt,best_n.pt,raw,30.0,ul,oaitun_ue2,completed,False,50,0,50,50,6,0,44,6,0.12,0.0,0.88,0.12,factory_roundtrip_ms,186.92347999999998,184.97500000000002,198.1073,202.79665,212.37509999999997,62.56036503999999,72.86430005,63.649832800000006,73.762366,63.708997360000005,73.7998288,90.0,8.0,raw_prb_pct_cpu_product,720.0,1.0,1.0,120.0,correct_parts_per_min,14.399999999999999,0.00016666666666666666,0.00016666666666666666,0.019999999999999997,-9.600000000000001,False,,,
run_013_20260618_174150_slice_ul75_dl50_edge_cpu4_bg30m_ul_best_n_1280x720_speed0p5_raw,automated_experiments/results/run_013_20260618_174150_slice_ul75_dl50_edge_cpu4_bg30m_ul_best_n_1280x720_speed0p5_raw,slice_ul75_dl50,75.0,50.0,edge_cpu4,4.0,0.5,1280,720,1280x720,0.5,best_n.pt,best_n.pt,raw,30.0,ul,oaitun_ue2,completed,False,56,6,50,50,27,0,23,27,0.54,0.0,0.46,0.54,factory_roundtrip_ms,667.7008999999999,657.6495,706.5963,709.86535,718.67179,70.41391618,109.03635004999998,122.5005089,162.36618395,123.16373418,164.56946434999998,75.0,4.0,raw_prb_pct_cpu_product,300.0,0.25,1.0,30.0,correct_parts_per_min,16.200000000000003,0.0018000000000000002,0.0018000000000000002,0.054000000000000006,6.200000000000003,False,,,
run_013_20260629_161458_slice_ul85_dl50_edge_cpu7_bg30m_ul_best_n_1280x720_speed0p5_raw,automated_experiments/results/run_013_20260629_161458_slice_ul85_dl50_edge_cpu7_bg30m_ul_best_n_1280x720_speed0p5_raw,slice_ul85_dl50,85.0,50.0,edge_cpu7,7.0,0.875,1280,720,1280x720,0.5,best_n.pt,best_n.pt,raw,30.0,ul,oaitun_ue2,completed,False,59,9,50,50,31,0,19,31,0.62,0.0,0.38,0.62,factory_roundtrip_ms,598.6019,597.3255,615.7628000000001,621.8340000000001,629.46688,68.44415618,81.9756477,77.65896950000001,92.37428879999999,78.52716509999999,95.5371342,85.0,7.0,raw_prb_pct_cpu_product,595.0,0.25,1.0,30.0,correct_parts_per_min,18.6,0.001042016806722689,0.001042016806722689,0.031260504201680674,-1.2333333333333307,False,,,
run_013_20260704_145928_slice_ul90_dl50_edge_cpu7_bg30m_ul_best_n_1280x720_speed0p5_raw,automated_experiments/results/run_013_20260704_145928_slice_ul90_dl50_edge_cpu7_bg30m_ul_best_n_1280x720_speed0p5_raw,slice_ul90_dl50,90.0,50.0,edge_cpu7,7.0,0.875,1280,720,1280x720,0.5,best_n.pt,best_n.pt,raw,30.0,ul,oaitun_ue2,completed,False,50,0,50,50,31,0,19,31,0.62,0.0,0.38,0.62,factory_roundtrip_ms,571.6594200000001,567.005,599.4938,612.32845,617.3634900000001,58.365537579999994,64.4115642,70.7549457,99.8397847,71.66241078000002,103.39086549999999,90.0,7.0,raw_prb_pct_cpu_product,630.0,0.25,1.0,30.0,correct_parts_per_min,18.6,0.0009841269841269842,0.0009841269841269842,0.029523809523809525,-2.3999999999999986,False,,,
run_014_20260618_174900_slice_ul75_dl50_edge_cpu4_bg30m_ul_best_n_1280x720_speed1p0_raw,automated_experiments/results/run_014_20260618_174900_slice_ul75_dl50_edge_cpu4_bg30m_ul_best_n_1280x720_speed1p0_raw,slice_ul75_dl50,75.0,50.0,edge_cpu4,4.0,0.5,1280,720,1280x720,1.0,best_n.pt,best_n.pt,raw,30.0,ul,oaitun_ue2,completed,False,129,79,50,50,30,0,20,30,0.6,0.0,0.4,0.6,factory_roundtrip_ms,663.2840600000001,661.268,688.9748,695.30705,698.95837,68.66287573999999,97.47004464999999,120.43669064,149.11292985,120.99123302,149.3718658,75.0,4.0,raw_prb_pct_cpu_product,300.0,0.5,1.0,60.0,correct_parts_per_min,36.0,0.002,0.002,0.12,26.0,False,,,
run_014_20260629_162200_slice_ul85_dl50_edge_cpu7_bg30m_ul_best_n_1280x720_speed1p0_raw,automated_experiments/results/run_014_20260629_162200_slice_ul85_dl50_edge_cpu7_bg30m_ul_best_n_1280x720_speed1p0_raw,slice_ul85_dl50,85.0,50.0,edge_cpu7,7.0,0.875,1280,720,1280x720,1.0,best_n.pt,best_n.pt,raw,30.0,ul,oaitun_ue2,completed,False,161,111,50,50,31,0,19,31,0.62,0.0,0.38,0.62,factory_roundtrip_ms,590.6225999999999,587.114,618.1898,626.55245,652.78627,63.391177039999995,74.41429589999998,75.520992,96.80729594999994,76.7560191,101.07449789999995,85.0,7.0,raw_prb_pct_cpu_product,595.0,0.5,1.0,60.0,correct_parts_per_min,37.2,0.001042016806722689,0.001042016806722689,0.06252100840336135,17.36666666666667,False,,,
run_014_20260704_150517_slice_ul90_dl50_edge_cpu7_bg30m_ul_best_n_1280x720_speed1p0_raw,automated_experiments/results/run_014_20260704_150517_slice_ul90_dl50_edge_cpu7_bg30m_ul_best_n_1280x720_speed1p0_raw,slice_ul90_dl50,90.0,50.0,edge_cpu7,7.0,0.875,1280,720,1280x720,1.0,best_n.pt,best_n.pt,raw,30.0,ul,oaitun_ue2,completed,False,57,7,50,50,32,0,18,32,0.64,0.0,0.36,0.64,factory_roundtrip_ms,575.84892,575.335,585.3934,595.48075,625.3450799999999,59.19975636000001,66.52565725,69.84630768000001,80.22318829999999,70.46676774,83.55083184999998,90.0,7.0,raw_prb_pct_cpu_product,630.0,0.5,1.0,60.0,correct_parts_per_min,38.4,0.0010158730158730158,0.0010158730158730158,0.06095238095238095,17.4,False,,,
run_015_20260618_175815_slice_ul75_dl50_edge_cpu4_bg30m_ul_best_n_1280x720_speed1p5_raw,automated_experiments/results/run_015_20260618_175815_slice_ul75_dl50_edge_cpu4_bg30m_ul_best_n_1280x720_speed1p5_raw,slice_ul75_dl50,75.0,50.0,edge_cpu4,4.0,0.5,1280,720,1280x720,1.5,best_n.pt,best_n.pt,raw,30.0,ul,oaitun_ue2,completed,False,63,13,50,50,12,33,5,12,0.24,0.66,0.1,0.24,factory_roundtrip_ms,660.99062,656.3365,688.2296,693.9992,720.8361199999999,65.18469730000001,96.4372636,118.27126724,150.46956089999998,118.60670218,150.93399509999998,75.0,4.0,raw_prb_pct_cpu_product,300.0,0.75,1.0,90.0,correct_parts_per_min,21.599999999999998,0.0007999999999999999,0.0007999999999999999,0.072,11.599999999999998,False,,,
run_015_20260629_163158_slice_ul85_dl50_edge_cpu7_bg30m_ul_best_n_1280x720_speed1p5_raw,automated_experiments/results/run_015_20260629_163158_slice_ul85_dl50_edge_cpu7_bg30m_ul_best_n_1280x720_speed1p5_raw,slice_ul85_dl50,85.0,50.0,edge_cpu7,7.0,0.875,1280,720,1280x720,1.5,best_n.pt,best_n.pt,raw,30.0,ul,oaitun_ue2,completed,False,54,4,50,50,28,0,22,28,0.56,0.0,0.44,0.56,factory_roundtrip_ms,580.1144799999998,578.2245,597.6743,609.83645,612.92538,62.71055566,76.1204027,71.42391294000001,86.34107675,71.91235646,86.8551428,85.0,7.0,raw_prb_pct_cpu_product,595.0,0.75,1.0,90.0,correct_parts_per_min,50.400000000000006,0.0009411764705882354,0.0009411764705882354,0.08470588235294119,30.566666666666674,False,,,
run_015_20260704_150936_slice_ul90_dl50_edge_cpu7_bg30m_ul_best_n_1280x720_speed1p5_raw,automated_experiments/results/run_015_20260704_150936_slice_ul90_dl50_edge_cpu7_bg30m_ul_best_n_1280x720_speed1p5_raw,slice_ul90_dl50,90.0,50.0,edge_cpu7,7.0,0.875,1280,720,1280x720,1.5,best_n.pt,best_n.pt,raw,30.0,ul,oaitun_ue2,completed,False,50,0,50,50,28,0,22,28,0.56,0.0,0.44,0.56,factory_roundtrip_ms,565.10972,564.5364999999999,575.0757,581.83015,587.8477399999999,58.80561191999999,66.3524942,66.83409344,75.0722553,67.29159456,75.66313445,90.0,7.0,raw_prb_pct_cpu_product,630.0,0.75,1.0,90.0,correct_parts_per_min,50.400000000000006,0.0008888888888888889,0.0008888888888888889,0.08000000000000002,29.400000000000006,False,,,
run_016_20260618_180251_slice_ul75_dl50_edge_cpu4_bg30m_ul_best_n_1280x720_speed2p0_raw,automated_experiments/results/run_016_20260618_180251_slice_ul75_dl50_edge_cpu4_bg30m_ul_best_n_1280x720_speed2p0_raw,slice_ul75_dl50,75.0,50.0,edge_cpu4,4.0,0.5,1280,720,1280x720,2.0,best_n.pt,best_n.pt,raw,30.0,ul,oaitun_ue2,completed,False,66,16,50,50,0,50,0,0,0.0,1.0,0.0,0.0,factory_roundtrip_ms,655.21688,649.8765000000001,683.5867,686.3571,703.62692,64.19491714000002,94.21387055,112.97600718000001,145.16110609999998,113.33875364000001,145.49737034999998,75.0,4.0,raw_prb_pct_cpu_product,300.0,1.0,1.0,120.0,correct_parts_per_min,0.0,0.0,0.0,0.0,-10.0,False,,,
run_016_20260629_163543_slice_ul85_dl50_edge_cpu7_bg30m_ul_best_n_1280x720_speed2p0_raw,automated_experiments/results/run_016_20260629_163543_slice_ul85_dl50_edge_cpu7_bg30m_ul_best_n_1280x720_speed2p0_raw,slice_ul85_dl50,85.0,50.0,edge_cpu7,7.0,0.875,1280,720,1280x720,2.0,best_n.pt,best_n.pt,raw,30.0,ul,oaitun_ue2,completed,False,62,12,50,50,0,50,0,0,0.0,1.0,0.0,0.0,factory_roundtrip_ms,578.69844,577.612,590.1913,594.71995,600.5953599999999,61.691795119999995,69.6199575,69.48224382000001,78.76081725,69.86217925999999,79.0551604,85.0,7.0,raw_prb_pct_cpu_product,595.0,1.0,1.0,120.0,correct_parts_per_min,0.0,0.0,0.0,0.0,-19.833333333333332,False,,,
run_016_20260704_151301_slice_ul90_dl50_edge_cpu7_bg30m_ul_best_n_1280x720_speed2p0_raw,automated_experiments/results/run_016_20260704_151301_slice_ul90_dl50_edge_cpu7_bg30m_ul_best_n_1280x720_speed2p0_raw,slice_ul90_dl50,90.0,50.0,edge_cpu7,7.0,0.875,1280,720,1280x720,2.0,best_n.pt,best_n.pt,raw,30.0,ul,oaitun_ue2,completed,False,51,1,50,50,0,50,0,0,0.0,1.0,0.0,0.0,factory_roundtrip_ms,567.1369,566.4865,579.4802,585.02325,593.34032,58.56697405999999,65.72287159999999,66.7337503,74.7408132,67.17450068,74.9996546,90.0,7.0,raw_prb_pct_cpu_product,630.0,1.0,1.0,120.0,correct_parts_per_min,0.0,0.0,0.0,0.0,-21.0,False,,,
run_017_20260618_180710_slice_ul75_dl50_edge_cpu4_bg30m_ul_best_n_640x360_speed0p5_raw,automated_experiments/results/run_017_20260618_180710_slice_ul75_dl50_edge_cpu4_bg30m_ul_best_n_640x360_speed0p5_raw,slice_ul75_dl50,75.0,50.0,edge_cpu4,4.0,0.5,640,360,640x360,0.5,best_n.pt,best_n.pt,raw,30.0,ul,oaitun_ue2,completed,False,50,0,50,50,12,0,38,12,0.24,0.0,0.76,0.24,factory_roundtrip_ms,365.83564,360.9335,395.571,401.2376,411.28797,70.8970503,98.02856924999999,89.85337662,124.92533244999998,89.97268826,124.99807309999998,75.0,4.0,raw_prb_pct_cpu_product,300.0,0.25,1.0,30.0,correct_parts_per_min,7.199999999999999,0.0007999999999999999,0.0007999999999999999,0.023999999999999997,-2.8000000000000007,False,,,
run_017_20260629_163923_slice_ul85_dl50_edge_cpu7_bg30m_ul_best_n_640x360_speed0p5_raw,automated_experiments/results/run_017_20260629_163923_slice_ul85_dl50_edge_cpu7_bg30m_ul_best_n_640x360_speed0p5_raw,slice_ul85_dl50,85.0,50.0,edge_cpu7,7.0,0.875,640,360,640x360,0.5,best_n.pt,best_n.pt,raw,30.0,ul,oaitun_ue2,completed,False,50,0,50,50,13,0,37,13,0.26,0.0,0.74,0.26,factory_roundtrip_ms,329.44588,327.4615,340.1181,358.82484999999997,366.84463999999997,67.30002058,82.29996624999998,70.15868918,97.49879114999995,70.26467442,97.59384099999995,85.0,7.0,raw_prb_pct_cpu_product,595.0,0.25,1.0,30.0,correct_parts_per_min,7.800000000000001,0.0004369747899159664,0.0004369747899159664,0.013109243697478993,-12.033333333333331,False,,,
run_017_20260704_151614_slice_ul90_dl50_edge_cpu7_bg30m_ul_best_n_640x360_speed0p5_raw,automated_experiments/results/run_017_20260704_151614_slice_ul90_dl50_edge_cpu7_bg30m_ul_best_n_640x360_speed0p5_raw,slice_ul90_dl50,90.0,50.0,edge_cpu7,7.0,0.875,640,360,640x360,0.5,best_n.pt,best_n.pt,raw,30.0,ul,oaitun_ue2,completed,False,50,0,50,50,13,0,37,13,0.26,0.0,0.74,0.26,factory_roundtrip_ms,322.69626,321.043,334.26279999999997,341.947,361.56425,66.73994368000001,78.9130632,70.05491018,84.38701709999998,70.20921274,84.48847189999998,90.0,7.0,raw_prb_pct_cpu_product,630.0,0.25,1.0,30.0,correct_parts_per_min,7.800000000000001,0.0004126984126984127,0.0004126984126984127,0.012380952380952381,-13.2,False,,,
run_018_20260618_181352_slice_ul75_dl50_edge_cpu4_bg30m_ul_best_n_640x360_speed1p0_raw,automated_experiments/results/run_018_20260618_181352_slice_ul75_dl50_edge_cpu4_bg30m_ul_best_n_640x360_speed1p0_raw,slice_ul75_dl50,75.0,50.0,edge_cpu4,4.0,0.5,640,360,640x360,1.0,best_n.pt,best_n.pt,raw,30.0,ul,oaitun_ue2,completed,False,68,18,50,50,13,0,37,13,0.26,0.0,0.74,0.26,factory_roundtrip_ms,366.53352000000007,356.861,402.2848,414.6126499999999,428.46087,74.12043286,106.5199585,91.90073324000001,135.64646454999996,92.05286321999998,136.28315704999994,75.0,4.0,raw_prb_pct_cpu_product,300.0,0.5,1.0,60.0,correct_parts_per_min,15.600000000000001,0.0008666666666666667,0.0008666666666666667,0.052000000000000005,5.600000000000001,False,,,
run_018_20260629_164529_slice_ul85_dl50_edge_cpu7_bg30m_ul_best_n_640x360_speed1p0_raw,automated_experiments/results/run_018_20260629_164529_slice_ul85_dl50_edge_cpu7_bg30m_ul_best_n_640x360_speed1p0_raw,slice_ul85_dl50,85.0,50.0,edge_cpu7,7.0,0.875,640,360,640x360,1.0,best_n.pt,best_n.pt,raw,30.0,ul,oaitun_ue2,completed,False,63,13,50,50,12,0,38,12,0.24,0.0,0.76,0.24,factory_roundtrip_ms,323.54313999999994,322.8365,333.90860000000004,337.34215,339.71262,64.78925272000001,74.4982709,67.25768092,76.95879475,67.35674870000001,77.17508935000001,85.0,7.0,raw_prb_pct_cpu_product,595.0,0.5,1.0,60.0,correct_parts_per_min,14.399999999999999,0.00040336134453781514,0.00040336134453781514,0.024201680672268903,-5.433333333333334,False,,,
run_018_20260704_152209_slice_ul90_dl50_edge_cpu7_bg30m_ul_best_n_640x360_speed1p0_raw,automated_experiments/results/run_018_20260704_152209_slice_ul90_dl50_edge_cpu7_bg30m_ul_best_n_640x360_speed1p0_raw,slice_ul90_dl50,90.0,50.0,edge_cpu7,7.0,0.875,640,360,640x360,1.0,best_n.pt,best_n.pt,raw,30.0,ul,oaitun_ue2,completed,False,52,2,50,50,11,0,39,11,0.22,0.0,0.78,0.22,factory_roundtrip_ms,318.2306,319.2615,327.3684,327.7044,331.77237,64.91586822000001,77.9199615,67.50877998,80.8375935,67.62352316,80.88451694999999,90.0,7.0,raw_prb_pct_cpu_product,630.0,0.5,1.0,60.0,correct_parts_per_min,13.2,0.0003492063492063492,0.0003492063492063492,0.02095238095238095,-7.800000000000001,False,,,
run_019_20260618_181939_slice_ul75_dl50_edge_cpu4_bg30m_ul_best_n_640x360_speed1p5_raw,automated_experiments/results/run_019_20260618_181939_slice_ul75_dl50_edge_cpu4_bg30m_ul_best_n_640x360_speed1p5_raw,slice_ul75_dl50,75.0,50.0,edge_cpu4,4.0,0.5,640,360,640x360,1.5,best_n.pt,best_n.pt,raw,30.0,ul,oaitun_ue2,completed,False,51,1,50,50,13,0,37,13,0.26,0.0,0.74,0.26,factory_roundtrip_ms,367.83034,364.8835,393.0114,400.74564999999996,407.32723,73.66501274,104.39405665,91.57023936,122.60806225,91.67407286,122.66463449999999,75.0,4.0,raw_prb_pct_cpu_product,300.0,0.75,1.0,90.0,correct_parts_per_min,23.400000000000002,0.0008666666666666667,0.0008666666666666667,0.07800000000000001,13.400000000000002,False,,,
run_019_20260629_165023_slice_ul85_dl50_edge_cpu7_bg30m_ul_best_n_640x360_speed1p5_raw,automated_experiments/results/run_019_20260629_165023_slice_ul85_dl50_edge_cpu7_bg30m_ul_best_n_640x360_speed1p5_raw,slice_ul85_dl50,85.0,50.0,edge_cpu7,7.0,0.875,640,360,640x360,1.5,best_n.pt,best_n.pt,raw,30.0,ul,oaitun_ue2,completed,False,51,1,50,50,14,0,36,14,0.28,0.0,0.72,0.28,factory_roundtrip_ms,332.07091999999994,329.378,350.9501,353.47235,363.25924,67.52870438,83.5554834,69.9817709,86.5856976,70.0660479,86.66871535,85.0,7.0,raw_prb_pct_cpu_product,595.0,0.75,1.0,90.0,correct_parts_per_min,25.200000000000003,0.0004705882352941177,0.0004705882352941177,0.04235294117647059,5.366666666666671,False,,,
run_019_20260704_152617_slice_ul90_dl50_edge_cpu7_bg30m_ul_best_n_640x360_speed1p5_raw,automated_experiments/results/run_019_20260704_152617_slice_ul90_dl50_edge_cpu7_bg30m_ul_best_n_640x360_speed1p5_raw,slice_ul90_dl50,90.0,50.0,edge_cpu7,7.0,0.875,640,360,640x360,1.5,best_n.pt,best_n.pt,raw,30.0,ul,oaitun_ue2,completed,False,50,0,50,50,11,0,39,11,0.22,0.0,0.78,0.22,factory_roundtrip_ms,324.8351,322.887,336.4449,338.95144999999997,346.5188,68.8863746,78.64544085,71.32342368,81.7305328,71.41172606,81.83686035,90.0,7.0,raw_prb_pct_cpu_product,630.0,0.75,1.0,90.0,correct_parts_per_min,19.8,0.0003492063492063492,0.0003492063492063492,0.03142857142857143,-1.1999999999999993,False,,,
run_020_20260618_182342_slice_ul75_dl50_edge_cpu4_bg30m_ul_best_n_640x360_speed2p0_raw,automated_experiments/results/run_020_20260618_182342_slice_ul75_dl50_edge_cpu4_bg30m_ul_best_n_640x360_speed2p0_raw,slice_ul75_dl50,75.0,50.0,edge_cpu4,4.0,0.5,640,360,640x360,2.0,best_n.pt,best_n.pt,raw,30.0,ul,oaitun_ue2,completed,False,50,0,50,50,15,0,35,15,0.3,0.0,0.7,0.3,factory_roundtrip_ms,371.51829999999995,365.2135,403.9642,407.43424999999996,412.8051,70.59136661999999,99.79752595,89.71179454000001,117.91552545,89.88390312000001,118.02751125,75.0,4.0,raw_prb_pct_cpu_product,300.0,1.0,1.0,120.0,correct_parts_per_min,36.0,0.001,0.001,0.12,26.0,False,,,
run_020_20260629_165358_slice_ul85_dl50_edge_cpu7_bg30m_ul_best_n_640x360_speed2p0_raw,automated_experiments/results/run_020_20260629_165358_slice_ul85_dl50_edge_cpu7_bg30m_ul_best_n_640x360_speed2p0_raw,slice_ul85_dl50,85.0,50.0,edge_cpu7,7.0,0.875,640,360,640x360,2.0,best_n.pt,best_n.pt,raw,30.0,ul,oaitun_ue2,completed,False,50,0,50,50,14,0,36,14,0.28,0.0,0.72,0.28,factory_roundtrip_ms,333.29888,331.68,347.2805,348.75919999999996,351.85357999999997,66.0011525,76.27156099999999,68.45738068,78.88384585,68.55413072,78.94106435,85.0,7.0,raw_prb_pct_cpu_product,595.0,1.0,1.0,120.0,correct_parts_per_min,33.6,0.0004705882352941177,0.0004705882352941177,0.05647058823529412,13.76666666666667,False,,,
run_020_20260704_152946_slice_ul90_dl50_edge_cpu7_bg30m_ul_best_n_640x360_speed2p0_raw,automated_experiments/results/run_020_20260704_152946_slice_ul90_dl50_edge_cpu7_bg30m_ul_best_n_640x360_speed2p0_raw,slice_ul90_dl50,90.0,50.0,edge_cpu7,7.0,0.875,640,360,640x360,2.0,best_n.pt,best_n.pt,raw,30.0,ul,oaitun_ue2,completed,False,50,0,50,50,16,0,34,16,0.32,0.0,0.68,0.32,factory_roundtrip_ms,338.28346000000005,335.9975,349.50010000000003,369.02155,386.45576,73.26362422,91.11965794999999,77.85064272000001,111.12729339999997,78.06556408,112.61286249999998,90.0,7.0,raw_prb_pct_cpu_product,630.0,1.0,1.0,120.0,correct_parts_per_min,38.4,0.0005079365079365079,0.0005079365079365079,0.06095238095238095,17.4,False,,,
run_021_20260618_182722_slice_ul75_dl50_edge_cpu4_bg30m_ul_best_n_320x180_speed0p5_raw,automated_experiments/results/run_021_20260618_182722_slice_ul75_dl50_edge_cpu4_bg30m_ul_best_n_320x180_speed0p5_raw,slice_ul75_dl50,75.0,50.0,edge_cpu4,4.0,0.5,320,180,320x180,0.5,best_n.pt,best_n.pt,raw,30.0,ul,oaitun_ue2,completed,False,50,0,50,50,6,0,44,6,0.12,0.0,0.88,0.12,factory_roundtrip_ms,216.16172000000003,210.424,241.4202,246.74894999999998,257.76977999999997,75.84878788,106.46332955,82.07588928,112.1955182,82.12870038000001,112.23270964999999,75.0,4.0,raw_prb_pct_cpu_product,300.0,0.25,1.0,30.0,correct_parts_per_min,3.5999999999999996,0.00039999999999999996,0.00039999999999999996,0.011999999999999999,-6.4,False,,,
run_021_20260629_165714_slice_ul85_dl50_edge_cpu7_bg30m_ul_best_n_320x180_speed0p5_raw,automated_experiments/results/run_021_20260629_165714_slice_ul85_dl50_edge_cpu7_bg30m_ul_best_n_320x180_speed0p5_raw,slice_ul85_dl50,85.0,50.0,edge_cpu7,7.0,0.875,320,180,320x180,0.5,best_n.pt,best_n.pt,raw,30.0,ul,oaitun_ue2,completed,False,50,0,50,50,6,0,44,6,0.12,0.0,0.88,0.12,factory_roundtrip_ms,192.0956,191.206,200.65050000000002,208.07559999999998,213.5232,65.02382573999999,75.93808239999998,66.18020824,77.25621,66.23620732,77.30633074999999,85.0,7.0,raw_prb_pct_cpu_product,595.0,0.25,1.0,30.0,correct_parts_per_min,3.5999999999999996,0.00020168067226890757,0.00020168067226890757,0.006050420168067226,-16.233333333333334,False,,,
run_021_20260704_153300_slice_ul90_dl50_edge_cpu7_bg30m_ul_best_n_320x180_speed0p5_raw,automated_experiments/results/run_021_20260704_153300_slice_ul90_dl50_edge_cpu7_bg30m_ul_best_n_320x180_speed0p5_raw,slice_ul90_dl50,90.0,50.0,edge_cpu7,7.0,0.875,320,180,320x180,0.5,best_n.pt,best_n.pt,raw,30.0,ul,oaitun_ue2,completed,False,50,0,50,50,6,0,44,6,0.12,0.0,0.88,0.12,factory_roundtrip_ms,196.46172,192.9775,211.0799,216.08905,222.58366999999998,71.69281172,87.1691615,73.28076528,89.7505542,73.38018446,90.18886284999999,90.0,7.0,raw_prb_pct_cpu_product,630.0,0.25,1.0,30.0,correct_parts_per_min,3.5999999999999996,0.00019047619047619048,0.00019047619047619048,0.005714285714285713,-17.4,False,,,
run_022_20260618_183411_slice_ul75_dl50_edge_cpu4_bg30m_ul_best_n_320x180_speed1p0_raw,automated_experiments/results/run_022_20260618_183411_slice_ul75_dl50_edge_cpu4_bg30m_ul_best_n_320x180_speed1p0_raw,slice_ul75_dl50,75.0,50.0,edge_cpu4,4.0,0.5,320,180,320x180,1.0,best_n.pt,best_n.pt,raw,30.0,ul,oaitun_ue2,completed,False,62,12,50,50,6,0,44,6,0.12,0.0,0.88,0.12,factory_roundtrip_ms,205.5856,202.01049999999998,225.2927,231.5338,248.02433999999997,67.43445514,91.96752364999999,73.52728344,97.76104005,73.58702438,97.7954955,75.0,4.0,raw_prb_pct_cpu_product,300.0,0.5,1.0,60.0,correct_parts_per_min,7.199999999999999,0.00039999999999999996,0.00039999999999999996,0.023999999999999997,-2.8000000000000007,False,,,
run_022_20260629_170326_slice_ul85_dl50_edge_cpu7_bg30m_ul_best_n_320x180_speed1p0_raw,automated_experiments/results/run_022_20260629_170326_slice_ul85_dl50_edge_cpu7_bg30m_ul_best_n_320x180_speed1p0_raw,slice_ul85_dl50,85.0,50.0,edge_cpu7,7.0,0.875,320,180,320x180,1.0,best_n.pt,best_n.pt,raw,30.0,ul,oaitun_ue2,completed,False,56,6,50,50,7,0,43,7,0.14,0.0,0.86,0.14,factory_roundtrip_ms,191.27005999999997,190.4195,200.9573,206.8163,225.8698,65.80123382000001,76.9878007,66.94476444,78.324777,66.99557539999999,78.37251115,85.0,7.0,raw_prb_pct_cpu_product,595.0,0.5,1.0,60.0,correct_parts_per_min,8.4,0.00023529411764705886,0.00023529411764705886,0.01411764705882353,-11.433333333333332,False,,,
run_022_20260704_153910_slice_ul90_dl50_edge_cpu7_bg30m_ul_best_n_320x180_speed1p0_raw,automated_experiments/results/run_022_20260704_153910_slice_ul90_dl50_edge_cpu7_bg30m_ul_best_n_320x180_speed1p0_raw,slice_ul90_dl50,90.0,50.0,edge_cpu7,7.0,0.875,320,180,320x180,1.0,best_n.pt,best_n.pt,raw,30.0,ul,oaitun_ue2,completed,False,50,0,50,50,7,0,43,7,0.14,0.0,0.86,0.14,factory_roundtrip_ms,188.57066000000003,190.1095,199.5325,202.3667,206.92157,65.79565858,77.0631862,66.89429118000001,78.54932649999999,66.9509394,78.5995282,90.0,7.0,raw_prb_pct_cpu_product,630.0,0.5,1.0,60.0,correct_parts_per_min,8.4,0.00022222222222222223,0.00022222222222222223,0.013333333333333334,-12.6,False,,,
run_023_20260618_183936_slice_ul75_dl50_edge_cpu4_bg30m_ul_best_n_320x180_speed1p5_raw,automated_experiments/results/run_023_20260618_183936_slice_ul75_dl50_edge_cpu4_bg30m_ul_best_n_320x180_speed1p5_raw,slice_ul75_dl50,75.0,50.0,edge_cpu4,4.0,0.5,320,180,320x180,1.5,best_n.pt,best_n.pt,raw,30.0,ul,oaitun_ue2,completed,False,50,0,50,50,6,0,44,6,0.12,0.0,0.88,0.12,factory_roundtrip_ms,206.59286,200.836,234.4203,238.1573,246.86446999999998,66.12553515999998,96.76412364999997,72.08738198,103.13863079999999,72.1522812,103.17628884999999,75.0,4.0,raw_prb_pct_cpu_product,300.0,0.75,1.0,90.0,correct_parts_per_min,10.799999999999999,0.00039999999999999996,0.00039999999999999996,0.036,0.7999999999999989,False,,,
run_023_20260629_170802_slice_ul85_dl50_edge_cpu7_bg30m_ul_best_n_320x180_speed1p5_raw,automated_experiments/results/run_023_20260629_170802_slice_ul85_dl50_edge_cpu7_bg30m_ul_best_n_320x180_speed1p5_raw,slice_ul85_dl50,85.0,50.0,edge_cpu7,7.0,0.875,320,180,320x180,1.5,best_n.pt,best_n.pt,raw,30.0,ul,oaitun_ue2,completed,False,50,0,50,50,6,0,44,6,0.12,0.0,0.88,0.12,factory_roundtrip_ms,189.9778,189.356,199.7825,202.8542,209.28630999999996,64.07616866000001,74.0972007,65.19539982,75.26746564999999,65.25070972,75.33721915,85.0,7.0,raw_prb_pct_cpu_product,595.0,0.75,1.0,90.0,correct_parts_per_min,10.799999999999999,0.00020168067226890757,0.00020168067226890757,0.01815126050420168,-9.033333333333333,False,,,
run_023_20260704_154319_slice_ul90_dl50_edge_cpu7_bg30m_ul_best_n_320x180_speed1p5_raw,automated_experiments/results/run_023_20260704_154319_slice_ul90_dl50_edge_cpu7_bg30m_ul_best_n_320x180_speed1p5_raw,slice_ul90_dl50,90.0,50.0,edge_cpu7,7.0,0.875,320,180,320x180,1.5,best_n.pt,best_n.pt,raw,30.0,ul,oaitun_ue2,completed,False,50,0,50,50,7,0,43,7,0.14,0.0,0.86,0.14,factory_roundtrip_ms,189.81434000000002,189.687,197.46040000000002,199.03545,207.47232,64.80188822,74.68581845,65.98282816,75.67718984999999,66.0441364,75.73345625,90.0,7.0,raw_prb_pct_cpu_product,630.0,0.75,1.0,90.0,correct_parts_per_min,12.600000000000001,0.00022222222222222223,0.00022222222222222223,0.020000000000000004,-8.399999999999999,False,,,
run_024_20260618_184334_slice_ul75_dl50_edge_cpu4_bg30m_ul_best_n_320x180_speed2p0_raw,automated_experiments/results/run_024_20260618_184334_slice_ul75_dl50_edge_cpu4_bg30m_ul_best_n_320x180_speed2p0_raw,slice_ul75_dl50,75.0,50.0,edge_cpu4,4.0,0.5,320,180,320x180,2.0,best_n.pt,best_n.pt,raw,30.0,ul,oaitun_ue2,completed,False,50,0,50,50,7,0,43,7,0.14,0.0,0.86,0.14,factory_roundtrip_ms,212.91056,208.1385,245.5808,253.31154999999998,257.94687999999996,74.12825154000001,107.79122454999998,80.11924698,114.78229209999998,80.17051308,114.82705599999997,75.0,4.0,raw_prb_pct_cpu_product,300.0,1.0,1.0,120.0,correct_parts_per_min,16.8,0.0004666666666666667,0.0004666666666666667,0.056,6.800000000000001,False,,,
run_024_20260629_171137_slice_ul85_dl50_edge_cpu7_bg30m_ul_best_n_320x180_speed2p0_raw,automated_experiments/results/run_024_20260629_171137_slice_ul85_dl50_edge_cpu7_bg30m_ul_best_n_320x180_speed2p0_raw,slice_ul85_dl50,85.0,50.0,edge_cpu7,7.0,0.875,320,180,320x180,2.0,best_n.pt,best_n.pt,raw,30.0,ul,oaitun_ue2,completed,False,50,0,50,50,7,0,43,7,0.14,0.0,0.86,0.14,factory_roundtrip_ms,190.05540000000002,189.308,198.2672,205.49859999999998,219.80882,65.41062526,75.72696624999998,66.54706138,76.79600534999999,66.6119916,76.83568949999999,85.0,7.0,raw_prb_pct_cpu_product,595.0,1.0,1.0,120.0,correct_parts_per_min,16.8,0.00023529411764705886,0.00023529411764705886,0.02823529411764706,-3.0333333333333314,False,,,
run_024_20260704_154654_slice_ul90_dl50_edge_cpu7_bg30m_ul_best_n_320x180_speed2p0_raw,automated_experiments/results/run_024_20260704_154654_slice_ul90_dl50_edge_cpu7_bg30m_ul_best_n_320x180_speed2p0_raw,slice_ul90_dl50,90.0,50.0,edge_cpu7,7.0,0.875,320,180,320x180,2.0,best_n.pt,best_n.pt,raw,30.0,ul,oaitun_ue2,completed,False,50,0,50,50,6,0,44,6,0.12,0.0,0.88,0.12,factory_roundtrip_ms,187.98203999999998,187.57999999999998,196.3944,201.335,218.16097999999994,64.1206349,73.76580614999999,65.40523776,74.85689005,65.47058718,74.8991087,90.0,7.0,raw_prb_pct_cpu_product,630.0,1.0,1.0,120.0,correct_parts_per_min,14.399999999999999,0.00019047619047619048,0.00019047619047619048,0.022857142857142854,-6.600000000000001,False,,,
run_025_20260618_184717_slice_ul75_dl50_edge_cpu2_bg30m_ul_best_n_1280x720_speed0p5_raw,automated_experiments/results/run_025_20260618_184717_slice_ul75_dl50_edge_cpu2_bg30m_ul_best_n_1280x720_speed0p5_raw,slice_ul75_dl50,75.0,50.0,edge_cpu2,2.0,0.25,1280,720,1280x720,0.5,best_n.pt,best_n.pt,raw,30.0,ul,oaitun_ue2,completed,False,104,9,95,95,56,0,39,56,0.5894736842105263,0.0,0.4105263157894737,0.5894736842105263,factory_roundtrip_ms,772.2499578947368,771.461,821.216,830.6715,856.1628000000001,170.00795004210528,217.7028009,222.9962774526316,271.9118777,223.6745983789473,272.3142848,75.0,2.0,raw_prb_pct_cpu_product,150.0,0.25,1.0,30.0,correct_parts_per_min,17.684210526315788,0.003929824561403508,0.003929824561403508,0.11789473684210525,12.684210526315788,False,,,
run_025_20260629_171458_slice_ul85_dl50_edge_cpu6_bg30m_ul_best_n_1280x720_speed0p5_raw,automated_experiments/results/run_025_20260629_171458_slice_ul85_dl50_edge_cpu6_bg30m_ul_best_n_1280x720_speed0p5_raw,slice_ul85_dl50,85.0,50.0,edge_cpu6,6.0,0.75,1280,720,1280x720,0.5,best_n.pt,best_n.pt,raw,30.0,ul,oaitun_ue2,completed,False,58,8,50,50,31,0,19,31,0.62,0.0,0.38,0.62,factory_roundtrip_ms,577.13132,574.11,590.5753,606.4113,626.7770199999999,62.256145260000004,69.6124748,72.86658324,88.62798089999998,73.66503676,92.51187699999998,85.0,6.0,raw_prb_pct_cpu_product,510.0,0.25,1.0,30.0,correct_parts_per_min,18.6,0.0012156862745098039,0.0012156862745098039,0.03647058823529412,1.6000000000000014,False,,,
run_025_20260704_155008_slice_ul90_dl50_edge_cpu6_bg30m_ul_best_n_1280x720_speed0p5_raw,automated_experiments/results/run_025_20260704_155008_slice_ul90_dl50_edge_cpu6_bg30m_ul_best_n_1280x720_speed0p5_raw,slice_ul90_dl50,90.0,50.0,edge_cpu6,6.0,0.75,1280,720,1280x720,0.5,best_n.pt,best_n.pt,raw,30.0,ul,oaitun_ue2,completed,False,50,0,50,50,28,0,22,28,0.56,0.0,0.44,0.56,factory_roundtrip_ms,573.1683,567.284,596.3825,628.12145,643.7166,59.527294219999995,66.42858625,74.28713674,121.07502769999996,75.38666875999999,124.79819974999995,90.0,6.0,raw_prb_pct_cpu_product,540.0,0.25,1.0,30.0,correct_parts_per_min,16.8,0.001037037037037037,0.001037037037037037,0.031111111111111114,-1.1999999999999993,False,,,
run_026_20260618_190238_slice_ul75_dl50_edge_cpu2_bg30m_ul_best_n_1280x720_speed1p0_raw,automated_experiments/results/run_026_20260618_190238_slice_ul75_dl50_edge_cpu2_bg30m_ul_best_n_1280x720_speed1p0_raw,slice_ul75_dl50,75.0,50.0,edge_cpu2,2.0,0.25,1280,720,1280x720,1.0,best_n.pt,best_n.pt,raw,30.0,ul,oaitun_ue2,completed,False,131,81,50,50,30,0,20,30,0.6,0.0,0.4,0.6,factory_roundtrip_ms,775.90152,778.491,829.0539,860.82945,916.9463499999998,171.54191290000003,212.16327295,232.40261683999998,312.58531819999996,232.90916475999998,312.9448771,75.0,2.0,raw_prb_pct_cpu_product,150.0,0.5,1.0,60.0,correct_parts_per_min,36.0,0.004,0.004,0.24,31.0,False,,,
run_026_20260629_172204_slice_ul85_dl50_edge_cpu6_bg30m_ul_best_n_1280x720_speed1p0_raw,automated_experiments/results/run_026_20260629_172204_slice_ul85_dl50_edge_cpu6_bg30m_ul_best_n_1280x720_speed1p0_raw,slice_ul85_dl50,85.0,50.0,edge_cpu6,6.0,0.75,1280,720,1280x720,1.0,best_n.pt,best_n.pt,raw,30.0,ul,oaitun_ue2,completed,False,141,91,50,50,32,0,18,32,0.64,0.0,0.36,0.64,factory_roundtrip_ms,580.8674000000001,577.6804999999999,596.5067,619.8886,663.9654999999999,61.91056888,69.7361313,73.58827306,93.65548219999997,74.53767518000001,97.83145739999998,85.0,6.0,raw_prb_pct_cpu_product,510.0,0.5,1.0,60.0,correct_parts_per_min,38.4,0.0012549019607843138,0.0012549019607843138,0.07529411764705882,21.4,False,,,
run_026_20260704_155621_slice_ul90_dl50_edge_cpu6_bg30m_ul_best_n_1280x720_speed1p0_raw,automated_experiments/results/run_026_20260704_155621_slice_ul90_dl50_edge_cpu6_bg30m_ul_best_n_1280x720_speed1p0_raw,slice_ul90_dl50,90.0,50.0,edge_cpu6,6.0,0.75,1280,720,1280x720,1.0,best_n.pt,best_n.pt,raw,30.0,ul,oaitun_ue2,completed,False,62,12,50,50,29,0,21,29,0.58,0.0,0.42,0.58,factory_roundtrip_ms,572.245,569.083,584.8308000000001,596.9510499999999,660.9334299999999,61.17139413999999,67.78304525,72.47447612,90.76842364999997,73.00251178,90.99339149999997,90.0,6.0,raw_prb_pct_cpu_product,540.0,0.5,1.0,60.0,correct_parts_per_min,34.8,0.001074074074074074,0.001074074074074074,0.06444444444444444,16.799999999999997,False,,,
run_027_20260618_191244_slice_ul75_dl50_edge_cpu2_bg30m_ul_best_n_1280x720_speed1p5_raw,automated_experiments/results/run_027_20260618_191244_slice_ul75_dl50_edge_cpu2_bg30m_ul_best_n_1280x720_speed1p5_raw,slice_ul75_dl50,75.0,50.0,edge_cpu2,2.0,0.25,1280,720,1280x720,1.5,best_n.pt,best_n.pt,raw,30.0,ul,oaitun_ue2,completed,False,58,8,50,50,0,50,0,0,0.0,1.0,0.0,0.0,factory_roundtrip_ms,762.8194599999999,753.0765,798.2974,834.1072499999999,1034.6889299999993,178.44194442,239.41026294999998,225.65218122000002,285.43156474999995,225.99085133999998,285.70468774999995,75.0,2.0,raw_prb_pct_cpu_product,150.0,0.75,1.0,90.0,correct_parts_per_min,0.0,0.0,0.0,0.0,-5.0,False,,,
run_027_20260629_173126_slice_ul85_dl50_edge_cpu6_bg30m_ul_best_n_1280x720_speed1p5_raw,automated_experiments/results/run_027_20260629_173126_slice_ul85_dl50_edge_cpu6_bg30m_ul_best_n_1280x720_speed1p5_raw,slice_ul85_dl50,85.0,50.0,edge_cpu6,6.0,0.75,1280,720,1280x720,1.5,best_n.pt,best_n.pt,raw,30.0,ul,oaitun_ue2,completed,False,55,5,50,50,27,0,23,27,0.54,0.0,0.46,0.54,factory_roundtrip_ms,576.19182,575.2595,583.952,586.08605,614.0556699999999,60.32860053999999,66.89849025,68.26224594,76.34591784999999,68.64112706,77.06379905,85.0,6.0,raw_prb_pct_cpu_product,510.0,0.75,1.0,90.0,correct_parts_per_min,48.6,0.0010588235294117648,0.0010588235294117648,0.09529411764705882,31.6,False,,,
run_027_20260704_160116_slice_ul90_dl50_edge_cpu6_bg30m_ul_best_n_1280x720_speed1p5_raw,automated_experiments/results/run_027_20260704_160116_slice_ul90_dl50_edge_cpu6_bg30m_ul_best_n_1280x720_speed1p5_raw,slice_ul90_dl50,90.0,50.0,edge_cpu6,6.0,0.75,1280,720,1280x720,1.5,best_n.pt,best_n.pt,raw,30.0,ul,oaitun_ue2,completed,False,50,0,50,50,26,0,24,26,0.52,0.0,0.48,0.52,factory_roundtrip_ms,563.596,563.653,574.2978,578.6918,584.55178,58.772460179999996,65.43776085,66.45897226,73.99641115,66.77952818,74.39934505000001,90.0,6.0,raw_prb_pct_cpu_product,540.0,0.75,1.0,90.0,correct_parts_per_min,46.800000000000004,0.000962962962962963,0.000962962962962963,0.08666666666666667,28.800000000000004,False,,,
run_028_20260618_191725_slice_ul75_dl50_edge_cpu2_bg30m_ul_best_n_1280x720_speed2p0_raw,automated_experiments/results/run_028_20260618_191725_slice_ul75_dl50_edge_cpu2_bg30m_ul_best_n_1280x720_speed2p0_raw,slice_ul75_dl50,75.0,50.0,edge_cpu2,2.0,0.25,1280,720,1280x720,2.0,best_n.pt,best_n.pt,raw,30.0,ul,oaitun_ue2,completed,False,62,12,50,50,0,50,0,0,0.0,1.0,0.0,0.0,factory_roundtrip_ms,773.3826400000002,755.592,822.5638,952.6941999999999,1071.2987,185.59715156000001,371.6303253499999,236.40545837999997,417.7181553499999,236.82270170000004,418.1303907999999,75.0,2.0,raw_prb_pct_cpu_product,150.0,1.0,1.0,120.0,correct_parts_per_min,0.0,0.0,0.0,0.0,-5.0,False,,,
run_028_20260629_173524_slice_ul85_dl50_edge_cpu6_bg30m_ul_best_n_1280x720_speed2p0_raw,automated_experiments/results/run_028_20260629_173524_slice_ul85_dl50_edge_cpu6_bg30m_ul_best_n_1280x720_speed2p0_raw,slice_ul85_dl50,85.0,50.0,edge_cpu6,6.0,0.75,1280,720,1280x720,2.0,best_n.pt,best_n.pt,raw,30.0,ul,oaitun_ue2,completed,False,62,12,50,50,0,50,0,0,0.0,1.0,0.0,0.0,factory_roundtrip_ms,577.65524,575.7855,592.0503000000001,598.2035,601.07035,60.49684722,67.5785678,68.70261824,77.2857008,69.11829074,77.45606045000001,85.0,6.0,raw_prb_pct_cpu_product,510.0,1.0,1.0,120.0,correct_parts_per_min,0.0,0.0,0.0,0.0,-17.0,False,,,
run_028_20260704_160453_slice_ul90_dl50_edge_cpu6_bg30m_ul_best_n_1280x720_speed2p0_raw,automated_experiments/results/run_028_20260704_160453_slice_ul90_dl50_edge_cpu6_bg30m_ul_best_n_1280x720_speed2p0_raw,slice_ul90_dl50,90.0,50.0,edge_cpu6,6.0,0.75,1280,720,1280x720,2.0,best_n.pt,best_n.pt,raw,30.0,ul,oaitun_ue2,completed,False,52,2,50,50,0,50,0,0,0.0,1.0,0.0,0.0,factory_roundtrip_ms,564.79348,563.8475,577.129,584.677,590.3371999999999,59.75679612,68.1387585,68.50228041999999,77.13444134999999,68.97016522000001,77.750247,90.0,6.0,raw_prb_pct_cpu_product,540.0,1.0,1.0,120.0,correct_parts_per_min,0.0,0.0,0.0,0.0,-18.0,False,,,
run_029_20260618_192200_slice_ul75_dl50_edge_cpu2_bg30m_ul_best_n_640x360_speed0p5_raw,automated_experiments/results/run_029_20260618_192200_slice_ul75_dl50_edge_cpu2_bg30m_ul_best_n_640x360_speed0p5_raw,slice_ul75_dl50,75.0,50.0,edge_cpu2,2.0,0.25,640,360,640x360,0.5,best_n.pt,best_n.pt,raw,30.0,ul,oaitun_ue2,completed,False,50,0,50,50,15,0,35,15,0.3,0.0,0.7,0.3,factory_roundtrip_ms,468.22596,471.7925,504.3806,508.86715,548.6518,175.27833104,211.880628,192.98432386000002,237.32018659999997,193.15026522000005,237.40673709999996,75.0,2.0,raw_prb_pct_cpu_product,150.0,0.25,1.0,30.0,correct_parts_per_min,9.0,0.002,0.002,0.06,4.0,False,,,
run_029_20260629_173924_slice_ul85_dl50_edge_cpu6_bg30m_ul_best_n_640x360_speed0p5_raw,automated_experiments/results/run_029_20260629_173924_slice_ul85_dl50_edge_cpu6_bg30m_ul_best_n_640x360_speed0p5_raw,slice_ul85_dl50,85.0,50.0,edge_cpu6,6.0,0.75,640,360,640x360,0.5,best_n.pt,best_n.pt,raw,30.0,ul,oaitun_ue2,completed,False,50,0,50,50,14,0,36,14,0.28,0.0,0.72,0.28,factory_roundtrip_ms,323.23594,323.501,333.2282,335.3572,342.64475,63.578281,73.25400415,66.49091865999999,76.12420904999999,66.61246575999999,76.20204659999999,85.0,6.0,raw_prb_pct_cpu_product,510.0,0.25,1.0,30.0,correct_parts_per_min,8.4,0.0005490196078431374,0.0005490196078431374,0.01647058823529412,-8.6,False,,,
run_029_20260704_160817_slice_ul90_dl50_edge_cpu6_bg30m_ul_best_n_640x360_speed0p5_raw,automated_experiments/results/run_029_20260704_160817_slice_ul90_dl50_edge_cpu6_bg30m_ul_best_n_640x360_speed0p5_raw,slice_ul90_dl50,90.0,50.0,edge_cpu6,6.0,0.75,640,360,640x360,0.5,best_n.pt,best_n.pt,raw,30.0,ul,oaitun_ue2,completed,False,50,0,50,50,15,0,35,15,0.3,0.0,0.7,0.3,factory_roundtrip_ms,315.91888000000006,314.7115,325.798,328.5514,334.51444,62.87147018,73.9200645,65.70056767999999,76.9271114,65.81541414,77.3356564,90.0,6.0,raw_prb_pct_cpu_product,540.0,0.25,1.0,30.0,correct_parts_per_min,9.0,0.0005555555555555556,0.0005555555555555556,0.016666666666666666,-9.0,False,,,
run_030_20260618_192903_slice_ul75_dl50_edge_cpu2_bg30m_ul_best_n_640x360_speed1p0_raw,automated_experiments/results/run_030_20260618_192903_slice_ul75_dl50_edge_cpu2_bg30m_ul_best_n_640x360_speed1p0_raw,slice_ul75_dl50,75.0,50.0,edge_cpu2,2.0,0.25,640,360,640x360,1.0,best_n.pt,best_n.pt,raw,30.0,ul,oaitun_ue2,completed,False,75,25,50,50,11,0,39,11,0.22,0.0,0.78,0.22,factory_roundtrip_ms,468.35529999999994,475.9835,501.40700000000004,506.4725,508.95761,180.87286334,214.0261129,195.98329948000003,231.97162645,196.06227032000004,232.04681284999998,75.0,2.0,raw_prb_pct_cpu_product,150.0,0.5,1.0,60.0,correct_parts_per_min,13.2,0.0014666666666666667,0.0014666666666666667,0.088,8.2,False,,,
run_030_20260629_174547_slice_ul85_dl50_edge_cpu6_bg30m_ul_best_n_640x360_speed1p0_raw,automated_experiments/results/run_030_20260629_174547_slice_ul85_dl50_edge_cpu6_bg30m_ul_best_n_640x360_speed1p0_raw,slice_ul85_dl50,85.0,50.0,edge_cpu6,6.0,0.75,640,360,640x360,1.0,best_n.pt,best_n.pt,raw,30.0,ul,oaitun_ue2,completed,False,69,19,50,50,15,0,35,15,0.3,0.0,0.7,0.3,factory_roundtrip_ms,322.63932,321.951,331.9815,336.85635,347.80681000000004,63.945533960000006,77.46140284999998,66.29858114000001,79.85912154999998,66.39751222,80.03324004999999,85.0,6.0,raw_prb_pct_cpu_product,510.0,0.5,1.0,60.0,correct_parts_per_min,18.0,0.000588235294117647,0.000588235294117647,0.03529411764705882,1.0,False,,,
run_030_20260704_161429_slice_ul90_dl50_edge_cpu6_bg30m_ul_best_n_640x360_speed1p0_raw,automated_experiments/results/run_030_20260704_161429_slice_ul90_dl50_edge_cpu6_bg30m_ul_best_n_640x360_speed1p0_raw,slice_ul90_dl50,90.0,50.0,edge_cpu6,6.0,0.75,640,360,640x360,1.0,best_n.pt,best_n.pt,raw,30.0,ul,oaitun_ue2,completed,False,58,8,50,50,14,0,36,14,0.28,0.0,0.72,0.28,factory_roundtrip_ms,314.58322,313.70500000000004,324.3619,329.50215000000003,334.69357,63.527624319999994,75.0196536,65.94230296,77.81361985,66.03920056,77.89844565,90.0,6.0,raw_prb_pct_cpu_product,540.0,0.5,1.0,60.0,correct_parts_per_min,16.8,0.0005185185185185185,0.0005185185185185185,0.031111111111111114,-1.1999999999999993,False,,,
run_031_20260618_193532_slice_ul75_dl50_edge_cpu2_bg30m_ul_best_n_640x360_speed1p5_raw,automated_experiments/results/run_031_20260618_193532_slice_ul75_dl50_edge_cpu2_bg30m_ul_best_n_640x360_speed1p5_raw,slice_ul75_dl50,75.0,50.0,edge_cpu2,2.0,0.25,640,360,640x360,1.5,best_n.pt,best_n.pt,raw,30.0,ul,oaitun_ue2,completed,False,52,2,50,50,13,0,37,13,0.26,0.0,0.74,0.26,factory_roundtrip_ms,464.67940000000004,465.3215,503.8704,506.76295,537.6015699999999,170.51793704,208.53061935,190.70864216,226.350256,190.7999299,226.43849305,75.0,2.0,raw_prb_pct_cpu_product,150.0,0.75,1.0,90.0,correct_parts_per_min,23.400000000000002,0.0017333333333333335,0.0017333333333333335,0.15600000000000003,18.400000000000002,False,,,
run_031_20260629_175344_slice_ul85_dl50_edge_cpu6_bg30m_ul_best_n_640x360_speed1p5_raw,automated_experiments/results/run_031_20260629_175344_slice_ul85_dl50_edge_cpu6_bg30m_ul_best_n_640x360_speed1p5_raw,slice_ul85_dl50,85.0,50.0,edge_cpu6,6.0,0.75,640,360,640x360,1.5,best_n.pt,best_n.pt,raw,30.0,ul,oaitun_ue2,completed,False,50,0,50,50,13,0,37,13,0.26,0.0,0.74,0.26,factory_roundtrip_ms,325.77036,324.52750000000003,334.47540000000004,339.1818,340.28052,65.34249449999999,76.24724334999999,68.1097575,80.5975597,68.22465582,81.11547805,85.0,6.0,raw_prb_pct_cpu_product,510.0,0.75,1.0,90.0,correct_parts_per_min,23.400000000000002,0.0005098039215686275,0.0005098039215686275,0.04588235294117647,6.400000000000002,False,,,
run_031_20260704_161912_slice_ul90_dl50_edge_cpu6_bg30m_ul_best_n_640x360_speed1p5_raw,automated_experiments/results/run_031_20260704_161912_slice_ul90_dl50_edge_cpu6_bg30m_ul_best_n_640x360_speed1p5_raw,slice_ul90_dl50,90.0,50.0,edge_cpu6,6.0,0.75,640,360,640x360,1.5,best_n.pt,best_n.pt,raw,30.0,ul,oaitun_ue2,completed,False,50,0,50,50,12,0,38,12,0.24,0.0,0.76,0.24,factory_roundtrip_ms,313.66637999999995,312.68399999999997,323.1032,330.64394999999996,336.15137,62.82690360000001,75.7308129,65.2379406,78.91666699999999,65.33941532,78.98295145,90.0,6.0,raw_prb_pct_cpu_product,540.0,0.75,1.0,90.0,correct_parts_per_min,21.599999999999998,0.0004444444444444444,0.0004444444444444444,0.039999999999999994,3.599999999999998,False,,,
run_032_20260618_193952_slice_ul75_dl50_edge_cpu2_bg30m_ul_best_n_640x360_speed2p0_raw,automated_experiments/results/run_032_20260618_193952_slice_ul75_dl50_edge_cpu2_bg30m_ul_best_n_640x360_speed2p0_raw,slice_ul75_dl50,75.0,50.0,edge_cpu2,2.0,0.25,640,360,640x360,2.0,best_n.pt,best_n.pt,raw,30.0,ul,oaitun_ue2,completed,False,51,1,50,50,11,12,27,11,0.22,0.24,0.54,0.22,factory_roundtrip_ms,465.7721000000001,467.37350000000004,506.777,513.0506,522.26306,174.97559426,218.9561282,191.21333169999997,235.40545185,191.30755811999998,235.55195030000002,75.0,2.0,raw_prb_pct_cpu_product,150.0,1.0,1.0,120.0,correct_parts_per_min,26.4,0.0014666666666666667,0.0014666666666666667,0.176,21.4,False,,,
run_032_20260629_175733_slice_ul85_dl50_edge_cpu6_bg30m_ul_best_n_640x360_speed2p0_raw,automated_experiments/results/run_032_20260629_175733_slice_ul85_dl50_edge_cpu6_bg30m_ul_best_n_640x360_speed2p0_raw,slice_ul85_dl50,85.0,50.0,edge_cpu6,6.0,0.75,640,360,640x360,2.0,best_n.pt,best_n.pt,raw,30.0,ul,oaitun_ue2,completed,False,50,0,50,50,12,0,38,12,0.24,0.0,0.76,0.24,factory_roundtrip_ms,333.96263999999996,333.108,345.4716,348.1977,358.84344,66.2268415,78.54805574999999,68.61925676,81.3949035,68.71929772,81.4906439,85.0,6.0,raw_prb_pct_cpu_product,510.0,1.0,1.0,120.0,correct_parts_per_min,28.799999999999997,0.0004705882352941176,0.0004705882352941176,0.05647058823529411,11.799999999999997,False,,,
run_032_20260704_162250_slice_ul90_dl50_edge_cpu6_bg30m_ul_best_n_640x360_speed2p0_raw,automated_experiments/results/run_032_20260704_162250_slice_ul90_dl50_edge_cpu6_bg30m_ul_best_n_640x360_speed2p0_raw,slice_ul90_dl50,90.0,50.0,edge_cpu6,6.0,0.75,640,360,640x360,2.0,best_n.pt,best_n.pt,raw,30.0,ul,oaitun_ue2,completed,False,50,0,50,50,14,0,36,14,0.28,0.0,0.72,0.28,factory_roundtrip_ms,322.69685999999996,322.71799999999996,336.7702,339.89725,361.3058299999999,65.64914476,79.90221909999998,68.96382247999999,85.71307154999997,69.1059472,85.76456559999997,90.0,6.0,raw_prb_pct_cpu_product,540.0,1.0,1.0,120.0,correct_parts_per_min,33.6,0.0005185185185185185,0.0005185185185185185,0.06222222222222223,15.600000000000001,False,,,
run_033_20260618_194350_slice_ul75_dl50_edge_cpu2_bg30m_ul_best_n_320x180_speed0p5_raw,automated_experiments/results/run_033_20260618_194350_slice_ul75_dl50_edge_cpu2_bg30m_ul_best_n_320x180_speed0p5_raw,slice_ul75_dl50,75.0,50.0,edge_cpu2,2.0,0.25,320,180,320x180,0.5,best_n.pt,best_n.pt,raw,30.0,ul,oaitun_ue2,completed,False,50,0,50,50,6,0,44,6,0.12,0.0,0.88,0.12,factory_roundtrip_ms,306.56656,305.81399999999996,352.7962,360.2672,401.47472999999985,165.29219969999997,217.53041854999998,171.11562502,224.73678159999997,171.16447214,224.77429079999996,75.0,2.0,raw_prb_pct_cpu_product,150.0,0.25,1.0,30.0,correct_parts_per_min,3.5999999999999996,0.0007999999999999999,0.0007999999999999999,0.023999999999999997,-1.4000000000000004,False,,,
run_033_20260629_180101_slice_ul85_dl50_edge_cpu6_bg30m_ul_best_n_320x180_speed0p5_raw,automated_experiments/results/run_033_20260629_180101_slice_ul85_dl50_edge_cpu6_bg30m_ul_best_n_320x180_speed0p5_raw,slice_ul85_dl50,85.0,50.0,edge_cpu6,6.0,0.75,320,180,320x180,0.5,best_n.pt,best_n.pt,raw,30.0,ul,oaitun_ue2,completed,False,50,0,50,50,6,0,44,6,0.12,0.0,0.88,0.12,factory_roundtrip_ms,191.43365999999997,192.80849999999998,199.035,202.79095,208.91122,64.4228664,74.38910855,65.58336146,75.6869726,65.65395114,75.7725329,85.0,6.0,raw_prb_pct_cpu_product,510.0,0.25,1.0,30.0,correct_parts_per_min,3.5999999999999996,0.0002352941176470588,0.0002352941176470588,0.007058823529411764,-13.4,False,,,
run_033_20260704_162609_slice_ul90_dl50_edge_cpu6_bg30m_ul_best_n_320x180_speed0p5_raw,automated_experiments/results/run_033_20260704_162609_slice_ul90_dl50_edge_cpu6_bg30m_ul_best_n_320x180_speed0p5_raw,slice_ul90_dl50,90.0,50.0,edge_cpu6,6.0,0.75,320,180,320x180,0.5,best_n.pt,best_n.pt,raw,30.0,ul,oaitun_ue2,completed,False,50,0,50,50,6,0,44,6,0.12,0.0,0.88,0.12,factory_roundtrip_ms,184.70824000000002,184.55700000000002,193.6835,195.8421,199.40587,62.36698042,70.31308745,63.4759689,71.4558021,63.551073479999985,71.49388135,90.0,6.0,raw_prb_pct_cpu_product,540.0,0.25,1.0,30.0,correct_parts_per_min,3.5999999999999996,0.0002222222222222222,0.0002222222222222222,0.006666666666666666,-14.4,False,,,
run_034_20260618_195055_slice_ul75_dl50_edge_cpu2_bg30m_ul_best_n_320x180_speed1p0_raw,automated_experiments/results/run_034_20260618_195055_slice_ul75_dl50_edge_cpu2_bg30m_ul_best_n_320x180_speed1p0_raw,slice_ul75_dl50,75.0,50.0,edge_cpu2,2.0,0.25,320,180,320x180,1.0,best_n.pt,best_n.pt,raw,30.0,ul,oaitun_ue2,completed,False,58,8,50,50,6,0,44,6,0.12,0.0,0.88,0.12,factory_roundtrip_ms,303.80314000000004,299.4955,343.5769,360.9175,399.55592999999993,165.76875352,218.02009894999998,171.86862616000002,224.11030714999998,171.92260488,224.15828369999997,75.0,2.0,raw_prb_pct_cpu_product,150.0,0.5,1.0,60.0,correct_parts_per_min,7.199999999999999,0.0007999999999999999,0.0007999999999999999,0.047999999999999994,2.1999999999999993,False,,,
run_034_20260629_180726_slice_ul85_dl50_edge_cpu6_bg30m_ul_best_n_320x180_speed1p0_raw,automated_experiments/results/run_034_20260629_180726_slice_ul85_dl50_edge_cpu6_bg30m_ul_best_n_320x180_speed1p0_raw,slice_ul85_dl50,85.0,50.0,edge_cpu6,6.0,0.75,320,180,320x180,1.0,best_n.pt,best_n.pt,raw,30.0,ul,oaitun_ue2,completed,False,60,7,53,53,6,0,47,6,0.11320754716981132,0.0,0.8867924528301887,0.11320754716981132,factory_roundtrip_ms,187.26607547169812,186.675,198.8968,204.6482,212.14568,62.686431773584914,77.1836536,63.820411962264146,78.231758,63.86798379245283,78.280737,85.0,6.0,raw_prb_pct_cpu_product,510.0,0.5,1.0,60.0,correct_parts_per_min,6.7924528301886795,0.00022197558268590456,0.00022197558268590456,0.013318534961154274,-10.20754716981132,False,,,
run_034_20260704_163223_slice_ul90_dl50_edge_cpu6_bg30m_ul_best_n_320x180_speed1p0_raw,automated_experiments/results/run_034_20260704_163223_slice_ul90_dl50_edge_cpu6_bg30m_ul_best_n_320x180_speed1p0_raw,slice_ul90_dl50,90.0,50.0,edge_cpu6,6.0,0.75,320,180,320x180,1.0,best_n.pt,best_n.pt,raw,30.0,ul,oaitun_ue2,completed,False,50,0,50,50,6,0,44,6,0.12,0.0,0.88,0.12,factory_roundtrip_ms,181.97946000000005,181.9545,191.54680000000002,193.92065,199.79086,62.89211338000001,72.55875875,63.89286993999999,73.88816055,63.951279240000005,73.9299153,90.0,6.0,raw_prb_pct_cpu_product,540.0,0.5,1.0,60.0,correct_parts_per_min,7.199999999999999,0.0002222222222222222,0.0002222222222222222,0.013333333333333332,-10.8,False,,,
run_035_20260618_195623_slice_ul75_dl50_edge_cpu2_bg30m_ul_best_n_320x180_speed1p5_raw,automated_experiments/results/run_035_20260618_195623_slice_ul75_dl50_edge_cpu2_bg30m_ul_best_n_320x180_speed1p5_raw,slice_ul75_dl50,75.0,50.0,edge_cpu2,2.0,0.25,320,180,320x180,1.5,best_n.pt,best_n.pt,raw,30.0,ul,oaitun_ue2,completed,False,50,0,50,50,7,0,43,7,0.14,0.0,0.86,0.14,factory_roundtrip_ms,304.88242,302.154,344.7008,373.2462999999999,521.0093999999999,166.7302048,236.57211219999988,172.68152637999995,244.4822828999999,172.74698374,244.51962349999988,75.0,2.0,raw_prb_pct_cpu_product,150.0,0.75,1.0,90.0,correct_parts_per_min,12.600000000000001,0.0009333333333333334,0.0009333333333333334,0.084,7.600000000000001,False,,,
run_035_20260629_181500_slice_ul85_dl50_edge_cpu6_bg30m_ul_best_n_320x180_speed1p5_raw,automated_experiments/results/run_035_20260629_181500_slice_ul85_dl50_edge_cpu6_bg30m_ul_best_n_320x180_speed1p5_raw,slice_ul85_dl50,85.0,50.0,edge_cpu6,6.0,0.75,320,180,320x180,1.5,best_n.pt,best_n.pt,raw,30.0,ul,oaitun_ue2,completed,False,50,0,50,50,7,0,43,7,0.14,0.0,0.86,0.14,factory_roundtrip_ms,191.26019999999997,192.358,198.6168,204.96425,212.21259999999998,65.29653396,76.64884585,66.60804752,81.05873964999998,66.67973019999998,81.12550174999998,85.0,6.0,raw_prb_pct_cpu_product,510.0,0.75,1.0,90.0,correct_parts_per_min,12.600000000000001,0.0002745098039215687,0.0002745098039215687,0.024705882352941178,-4.399999999999999,False,,,
run_035_20260704_163639_slice_ul90_dl50_edge_cpu6_bg30m_ul_best_n_320x180_speed1p5_raw,automated_experiments/results/run_035_20260704_163639_slice_ul90_dl50_edge_cpu6_bg30m_ul_best_n_320x180_speed1p5_raw,slice_ul90_dl50,90.0,50.0,edge_cpu6,6.0,0.75,320,180,320x180,1.5,best_n.pt,best_n.pt,raw,30.0,ul,oaitun_ue2,completed,False,50,0,50,50,7,0,43,7,0.14,0.0,0.86,0.14,factory_roundtrip_ms,185.60598000000005,185.9985,196.3507,200.7216,213.26432999999994,64.29120933999998,75.61559845,65.44919422,76.92734884999999,65.49737182,76.96905249999999,90.0,6.0,raw_prb_pct_cpu_product,540.0,0.75,1.0,90.0,correct_parts_per_min,12.600000000000001,0.00025925925925925926,0.00025925925925925926,0.023333333333333334,-5.399999999999999,False,,,
run_036_20260618_200035_slice_ul75_dl50_edge_cpu2_bg30m_ul_best_n_320x180_speed2p0_raw,automated_experiments/results/run_036_20260618_200035_slice_ul75_dl50_edge_cpu2_bg30m_ul_best_n_320x180_speed2p0_raw,slice_ul75_dl50,75.0,50.0,edge_cpu2,2.0,0.25,320,180,320x180,2.0,best_n.pt,best_n.pt,raw,30.0,ul,oaitun_ue2,completed,False,50,0,50,50,6,0,44,6,0.12,0.0,0.88,0.12,factory_roundtrip_ms,307.93936,305.5765,353.7899,358.59505,403.6797599999998,167.73614212,218.22186015,175.50661976000004,224.2370954,175.56611003999998,224.31261984999998,75.0,2.0,raw_prb_pct_cpu_product,150.0,1.0,1.0,120.0,correct_parts_per_min,14.399999999999999,0.0007999999999999999,0.0007999999999999999,0.09599999999999999,9.399999999999999,False,,,
run_036_20260629_181847_slice_ul85_dl50_edge_cpu6_bg30m_ul_best_n_320x180_speed2p0_raw,automated_experiments/results/run_036_20260629_181847_slice_ul85_dl50_edge_cpu6_bg30m_ul_best_n_320x180_speed2p0_raw,slice_ul85_dl50,85.0,50.0,edge_cpu6,6.0,0.75,320,180,320x180,2.0,best_n.pt,best_n.pt,raw,30.0,ul,oaitun_ue2,completed,False,50,0,50,50,6,0,44,6,0.12,0.0,0.88,0.12,factory_roundtrip_ms,190.49077999999997,190.30450000000002,201.7499,204.91359999999997,211.05513,65.19064764000001,76.39252725,66.3420668,77.89568025,66.40521681999999,77.945819,85.0,6.0,raw_prb_pct_cpu_product,510.0,1.0,1.0,120.0,correct_parts_per_min,14.399999999999999,0.0002352941176470588,0.0002352941176470588,0.028235294117647056,-2.6000000000000014,False,,,
run_036_20260704_164017_slice_ul90_dl50_edge_cpu6_bg30m_ul_best_n_320x180_speed2p0_raw,automated_experiments/results/run_036_20260704_164017_slice_ul90_dl50_edge_cpu6_bg30m_ul_best_n_320x180_speed2p0_raw,slice_ul90_dl50,90.0,50.0,edge_cpu6,6.0,0.75,320,180,320x180,2.0,best_n.pt,best_n.pt,raw,30.0,ul,oaitun_ue2,completed,False,50,0,50,50,6,0,44,6,0.12,0.0,0.88,0.12,factory_roundtrip_ms,185.44084000000004,185.825,198.02,202.1196,204.51683,63.814650060000005,77.35576479999997,64.97268532,78.84532954999999,65.03357228,78.87888284999998,90.0,6.0,raw_prb_pct_cpu_product,540.0,1.0,1.0,120.0,correct_parts_per_min,14.399999999999999,0.0002222222222222222,0.0002222222222222222,0.026666666666666665,-3.6000000000000014,False,,,
run_037_20260618_200432_slice_ul75_dl50_edge_cpu1_bg30m_ul_best_n_1280x720_speed0p5_raw,automated_experiments/results/run_037_20260618_200432_slice_ul75_dl50_edge_cpu1_bg30m_ul_best_n_1280x720_speed0p5_raw,slice_ul75_dl50,75.0,50.0,edge_cpu1,1.0,0.125,1280,720,1280x720,0.5,best_n.pt,best_n.pt,raw,30.0,ul,oaitun_ue2,completed,False,57,7,50,50,29,0,21,29,0.58,0.0,0.42,0.58,factory_roundtrip_ms,1104.599,1100.8024999999998,1163.9749,1195.53885,1304.0965499999998,493.49044260000005,582.6074363,564.44152206,658.8566262499999,564.99918158,659.1250886999999,75.0,1.0,raw_prb_pct_cpu_product,75.0,0.25,1.0,30.0,correct_parts_per_min,17.4,0.0077333333333333325,0.0077333333333333325,0.23199999999999998,14.899999999999999,False,,,
run_037_20260629_182218_slice_ul85_dl50_edge_cpu5_bg30m_ul_best_n_1280x720_speed0p5_raw,automated_experiments/results/run_037_20260629_182218_slice_ul85_dl50_edge_cpu5_bg30m_ul_best_n_1280x720_speed0p5_raw,slice_ul85_dl50,85.0,50.0,edge_cpu5,5.0,0.625,1280,720,1280x720,0.5,best_n.pt,best_n.pt,raw,30.0,ul,oaitun_ue2,completed,False,57,7,50,50,30,0,20,30,0.6,0.0,0.4,0.6,factory_roundtrip_ms,580.6695,577.884,598.4266,616.23755,623.0630199999999,61.7705003,68.6329241,71.01727186,81.95898034999999,71.66027544,85.2616314,85.0,5.0,raw_prb_pct_cpu_product,425.0,0.25,1.0,30.0,correct_parts_per_min,18.0,0.0014117647058823528,0.0014117647058823528,0.042352941176470586,3.833333333333334,False,,,
run_037_20260704_164340_slice_ul90_dl50_edge_cpu5_bg30m_ul_best_n_1280x720_speed0p5_raw,automated_experiments/results/run_037_20260704_164340_slice_ul90_dl50_edge_cpu5_bg30m_ul_best_n_1280x720_speed0p5_raw,slice_ul90_dl50,90.0,50.0,edge_cpu5,5.0,0.625,1280,720,1280x720,0.5,best_n.pt,best_n.pt,raw,30.0,ul,oaitun_ue2,completed,False,50,0,50,50,29,0,21,29,0.58,0.0,0.42,0.58,factory_roundtrip_ms,560.5926599999999,559.1385,572.6130999999999,576.36275,584.01625,59.74583892,65.99304895,68.37724312000002,75.0752645,69.12768436,76.18794745,90.0,5.0,raw_prb_pct_cpu_product,450.0,0.25,1.0,30.0,correct_parts_per_min,17.4,0.001288888888888889,0.001288888888888889,0.03866666666666666,2.3999999999999986,False,,,
run_038_20260618_201233_slice_ul75_dl50_edge_cpu1_bg30m_ul_best_n_1280x720_speed1p0_raw,automated_experiments/results/run_038_20260618_201233_slice_ul75_dl50_edge_cpu1_bg30m_ul_best_n_1280x720_speed1p0_raw,slice_ul75_dl50,75.0,50.0,edge_cpu1,1.0,0.125,1280,720,1280x720,1.0,best_n.pt,best_n.pt,raw,30.0,ul,oaitun_ue2,completed,False,115,65,50,50,1,48,1,1,0.02,0.96,0.02,0.02,factory_roundtrip_ms,1073.69996,1060.9679999999998,1129.1148,1184.0229,1333.15215,469.9224640599999,561.3012795499999,538.15686332,645.2797376999999,538.46577116,645.5073979499999,75.0,1.0,raw_prb_pct_cpu_product,75.0,0.5,1.0,60.0,correct_parts_per_min,1.2,0.0002666666666666667,0.0002666666666666667,0.016,-1.3,False,,,
run_038_20260629_182937_slice_ul85_dl50_edge_cpu5_bg30m_ul_best_n_1280x720_speed1p0_raw,automated_experiments/results/run_038_20260629_182937_slice_ul85_dl50_edge_cpu5_bg30m_ul_best_n_1280x720_speed1p0_raw,slice_ul85_dl50,85.0,50.0,edge_cpu5,5.0,0.625,1280,720,1280x720,1.0,best_n.pt,best_n.pt,raw,30.0,ul,oaitun_ue2,completed,False,135,85,50,50,31,0,19,31,0.62,0.0,0.38,0.62,factory_roundtrip_ms,576.79898,576.2684999999999,591.7284999999999,594.0495999999999,605.11887,62.21827515999999,69.2328629,70.51675482,78.13502414999999,70.82336354,78.4183388,85.0,5.0,raw_prb_pct_cpu_product,425.0,0.5,1.0,60.0,correct_parts_per_min,37.2,0.0014588235294117648,0.0014588235294117648,0.08752941176470588,23.03333333333334,False,,,
run_038_20260704_165002_slice_ul90_dl50_edge_cpu5_bg30m_ul_best_n_1280x720_speed1p0_raw,automated_experiments/results/run_038_20260704_165002_slice_ul90_dl50_edge_cpu5_bg30m_ul_best_n_1280x720_speed1p0_raw,slice_ul90_dl50,90.0,50.0,edge_cpu5,5.0,0.625,1280,720,1280x720,1.0,best_n.pt,best_n.pt,raw,30.0,ul,oaitun_ue2,completed,False,65,15,50,50,31,0,19,31,0.62,0.0,0.38,0.62,factory_roundtrip_ms,567.2731799999999,564.5495,579.0249,587.2834,625.35377,59.80447442,67.7358847,70.13950264,80.48550664999999,70.80700544,82.85244829999999,90.0,5.0,raw_prb_pct_cpu_product,450.0,0.5,1.0,60.0,correct_parts_per_min,37.2,0.0013777777777777777,0.0013777777777777777,0.08266666666666667,22.200000000000003,False,,,
run_039_20260618_202158_slice_ul75_dl50_edge_cpu1_bg30m_ul_best_n_1280x720_speed1p5_raw,automated_experiments/results/run_039_20260618_202158_slice_ul75_dl50_edge_cpu1_bg30m_ul_best_n_1280x720_speed1p5_raw,slice_ul75_dl50,75.0,50.0,edge_cpu1,1.0,0.125,1280,720,1280x720,1.5,best_n.pt,best_n.pt,raw,30.0,ul,oaitun_ue2,completed,False,63,13,50,50,0,50,0,0,0.0,1.0,0.0,0.0,factory_roundtrip_ms,1080.0685199999998,1054.4589999999998,1142.5315,1187.5549999999998,1632.7074,466.6492949,571.86936105,545.55858268,655.7966377999999,545.8548576600001,656.1770958499999,75.0,1.0,raw_prb_pct_cpu_product,75.0,0.75,1.0,90.0,correct_parts_per_min,0.0,0.0,0.0,0.0,-2.5,False,,,
run_039_20260629_183917_slice_ul85_dl50_edge_cpu5_bg30m_ul_best_n_1280x720_speed1p5_raw,automated_experiments/results/run_039_20260629_183917_slice_ul85_dl50_edge_cpu5_bg30m_ul_best_n_1280x720_speed1p5_raw,slice_ul85_dl50,85.0,50.0,edge_cpu5,5.0,0.625,1280,720,1280x720,1.5,best_n.pt,best_n.pt,raw,30.0,ul,oaitun_ue2,completed,False,60,10,50,50,29,0,21,29,0.58,0.0,0.42,0.58,factory_roundtrip_ms,578.32608,579.4065,589.5708,593.0984,598.33634,60.73042587999999,68.25423335,68.53636660000001,76.59514254999999,68.91257772,76.8001206,85.0,5.0,raw_prb_pct_cpu_product,425.0,0.75,1.0,90.0,correct_parts_per_min,52.199999999999996,0.001364705882352941,0.001364705882352941,0.12282352941176469,38.03333333333333,False,,,
run_039_20260704_165518_slice_ul90_dl50_edge_cpu5_bg30m_ul_best_n_1280x720_speed1p5_raw,automated_experiments/results/run_039_20260704_165518_slice_ul90_dl50_edge_cpu5_bg30m_ul_best_n_1280x720_speed1p5_raw,slice_ul90_dl50,90.0,50.0,edge_cpu5,5.0,0.625,1280,720,1280x720,1.5,best_n.pt,best_n.pt,raw,30.0,ul,oaitun_ue2,completed,False,50,0,50,50,29,0,21,29,0.58,0.0,0.42,0.58,factory_roundtrip_ms,562.42306,561.6285,573.0189,577.70515,586.34276,59.50457288,64.38943615,68.19660744000001,73.05886405,68.64457106,73.53660554999999,90.0,5.0,raw_prb_pct_cpu_product,450.0,0.75,1.0,90.0,correct_parts_per_min,52.199999999999996,0.001288888888888889,0.001288888888888889,0.11599999999999999,37.199999999999996,False,,,
run_040_20260618_202704_slice_ul75_dl50_edge_cpu1_bg30m_ul_best_n_1280x720_speed2p0_raw,automated_experiments/results/run_040_20260618_202704_slice_ul75_dl50_edge_cpu1_bg30m_ul_best_n_1280x720_speed2p0_raw,slice_ul75_dl50,75.0,50.0,edge_cpu1,1.0,0.125,1280,720,1280x720,2.0,best_n.pt,best_n.pt,raw,30.0,ul,oaitun_ue2,completed,False,64,14,50,50,0,50,0,0,0.0,1.0,0.0,0.0,factory_roundtrip_ms,1073.45168,1064.3345,1158.2776000000001,1203.2572499999999,1293.9930599999998,461.97611894,570.1877734,536.1046904,664.8232899999999,536.62658736,664.9782067,75.0,1.0,raw_prb_pct_cpu_product,75.0,1.0,1.0,120.0,correct_parts_per_min,0.0,0.0,0.0,0.0,-2.5,False,,,
run_040_20260629_184343_slice_ul85_dl50_edge_cpu5_bg30m_ul_best_n_1280x720_speed2p0_raw,automated_experiments/results/run_040_20260629_184343_slice_ul85_dl50_edge_cpu5_bg30m_ul_best_n_1280x720_speed2p0_raw,slice_ul85_dl50,85.0,50.0,edge_cpu5,5.0,0.625,1280,720,1280x720,2.0,best_n.pt,best_n.pt,raw,30.0,ul,oaitun_ue2,completed,False,65,15,50,50,0,50,0,0,0.0,1.0,0.0,0.0,factory_roundtrip_ms,580.23406,579.7705,595.8688000000001,597.9434,627.1606899999999,61.21840987999999,69.4301835,69.17709764000001,79.37219344999998,69.63250852,79.73785,85.0,5.0,raw_prb_pct_cpu_product,425.0,1.0,1.0,120.0,correct_parts_per_min,0.0,0.0,0.0,0.0,-14.166666666666666,False,,,
run_040_20260704_165906_slice_ul90_dl50_edge_cpu5_bg30m_ul_best_n_1280x720_speed2p0_raw,automated_experiments/results/run_040_20260704_165906_slice_ul90_dl50_edge_cpu5_bg30m_ul_best_n_1280x720_speed2p0_raw,slice_ul90_dl50,90.0,50.0,edge_cpu5,5.0,0.625,1280,720,1280x720,2.0,best_n.pt,best_n.pt,raw,30.0,ul,oaitun_ue2,completed,False,50,0,50,50,0,50,0,0,0.0,1.0,0.0,0.0,factory_roundtrip_ms,568.1243199999999,562.1475,577.7798,607.2113999999999,643.76838,59.29461198,71.74440064999999,70.4863197,97.37101924999993,71.27118852000001,99.07569179999993,90.0,5.0,raw_prb_pct_cpu_product,450.0,1.0,1.0,120.0,correct_parts_per_min,0.0,0.0,0.0,0.0,-15.0,False,,,
run_041_20260618_203150_slice_ul75_dl50_edge_cpu1_bg30m_ul_best_n_640x360_speed0p5_raw,automated_experiments/results/run_041_20260618_203150_slice_ul75_dl50_edge_cpu1_bg30m_ul_best_n_640x360_speed0p5_raw,slice_ul75_dl50,75.0,50.0,edge_cpu1,1.0,0.125,640,360,640x360,0.5,best_n.pt,best_n.pt,raw,30.0,ul,oaitun_ue2,completed,False,50,0,50,50,14,0,36,14,0.28,0.0,0.72,0.28,factory_roundtrip_ms,777.33328,766.683,876.7632,892.5935,938.2243299999999,486.92515004,599.81154955,502.2160089000001,616.3827097999999,502.31534962,616.4345642,75.0,1.0,raw_prb_pct_cpu_product,75.0,0.25,1.0,30.0,correct_parts_per_min,8.4,0.0037333333333333337,0.0037333333333333337,0.112,5.9,False,,,
run_041_20260629_184805_slice_ul85_dl50_edge_cpu5_bg30m_ul_best_n_640x360_speed0p5_raw,automated_experiments/results/run_041_20260629_184805_slice_ul85_dl50_edge_cpu5_bg30m_ul_best_n_640x360_speed0p5_raw,slice_ul85_dl50,85.0,50.0,edge_cpu5,5.0,0.625,640,360,640x360,0.5,best_n.pt,best_n.pt,raw,30.0,ul,oaitun_ue2,completed,False,50,0,50,50,14,0,36,14,0.28,0.0,0.72,0.28,factory_roundtrip_ms,326.8383,324.65999999999997,336.6748,338.58905,369.51805999999993,67.09522854,76.75894425,69.74756126,79.28941114999999,69.85318810000001,79.37566414999998,85.0,5.0,raw_prb_pct_cpu_product,425.0,0.25,1.0,30.0,correct_parts_per_min,8.4,0.0006588235294117648,0.0006588235294117648,0.01976470588235294,-5.766666666666666,False,,,
run_041_20260704_170237_slice_ul90_dl50_edge_cpu5_bg30m_ul_best_n_640x360_speed0p5_raw,automated_experiments/results/run_041_20260704_170237_slice_ul90_dl50_edge_cpu5_bg30m_ul_best_n_640x360_speed0p5_raw,slice_ul90_dl50,90.0,50.0,edge_cpu5,5.0,0.625,640,360,640x360,0.5,best_n.pt,best_n.pt,raw,30.0,ul,oaitun_ue2,completed,False,50,0,50,50,12,0,38,12,0.24,0.0,0.76,0.24,factory_roundtrip_ms,314.97679999999997,314.53049999999996,326.29130000000004,329.7383,335.80941,63.185419720000006,74.16750434999999,65.50931747999999,76.52646639999999,65.59759324000001,76.57333754999999,90.0,5.0,raw_prb_pct_cpu_product,450.0,0.25,1.0,30.0,correct_parts_per_min,7.199999999999999,0.0005333333333333334,0.0005333333333333334,0.015999999999999997,-7.800000000000001,False,,,
run_042_20260618_203908_slice_ul75_dl50_edge_cpu1_bg30m_ul_best_n_640x360_speed1p0_raw,automated_experiments/results/run_042_20260618_203908_slice_ul75_dl50_edge_cpu1_bg30m_ul_best_n_640x360_speed1p0_raw,slice_ul75_dl50,75.0,50.0,edge_cpu1,1.0,0.125,640,360,640x360,1.0,best_n.pt,best_n.pt,raw,30.0,ul,oaitun_ue2,completed,False,66,16,50,50,10,4,36,10,0.2,0.08,0.72,0.2,factory_roundtrip_ms,789.3631399999999,754.7115,895.6634,1104.1086999999998,1281.3079699999994,496.43719548000007,774.4156060999996,517.6201198399999,789.0469173499996,517.71899846,789.1102251999996,75.0,1.0,raw_prb_pct_cpu_product,75.0,0.5,1.0,60.0,correct_parts_per_min,12.0,0.002666666666666667,0.002666666666666667,0.16,9.5,False,,,
run_042_20260629_185445_slice_ul85_dl50_edge_cpu5_bg30m_ul_best_n_640x360_speed1p0_raw,automated_experiments/results/run_042_20260629_185445_slice_ul85_dl50_edge_cpu5_bg30m_ul_best_n_640x360_speed1p0_raw,slice_ul85_dl50,85.0,50.0,edge_cpu5,5.0,0.625,640,360,640x360,1.0,best_n.pt,best_n.pt,raw,30.0,ul,oaitun_ue2,completed,False,58,8,50,50,13,0,37,13,0.26,0.0,0.74,0.26,factory_roundtrip_ms,320.97714,319.8455,333.94669999999996,335.1699,342.18075,64.31235441999999,77.3977189,66.76265128,80.0041645,66.84650544,80.10396635000001,85.0,5.0,raw_prb_pct_cpu_product,425.0,0.5,1.0,60.0,correct_parts_per_min,15.600000000000001,0.000611764705882353,0.000611764705882353,0.03670588235294118,1.4333333333333353,False,,,
run_042_20260704_170903_slice_ul90_dl50_edge_cpu5_bg30m_ul_best_n_640x360_speed1p0_raw,automated_experiments/results/run_042_20260704_170903_slice_ul90_dl50_edge_cpu5_bg30m_ul_best_n_640x360_speed1p0_raw,slice_ul90_dl50,90.0,50.0,edge_cpu5,5.0,0.625,640,360,640x360,1.0,best_n.pt,best_n.pt,raw,30.0,ul,oaitun_ue2,completed,False,59,9,50,50,12,0,38,12,0.24,0.0,0.76,0.24,factory_roundtrip_ms,313.27628,311.87699999999995,328.1014,329.40345,332.14826,65.39656110000001,77.70267064999999,67.76433774,80.3244586,67.84560384000001,80.37051875,90.0,5.0,raw_prb_pct_cpu_product,450.0,0.5,1.0,60.0,correct_parts_per_min,14.399999999999999,0.0005333333333333334,0.0005333333333333334,0.031999999999999994,-0.6000000000000014,False,,,
run_043_20260618_204523_slice_ul75_dl50_edge_cpu1_bg30m_ul_best_n_640x360_speed1p5_raw,automated_experiments/results/run_043_20260618_204523_slice_ul75_dl50_edge_cpu1_bg30m_ul_best_n_640x360_speed1p5_raw,slice_ul75_dl50,75.0,50.0,edge_cpu1,1.0,0.125,640,360,640x360,1.5,best_n.pt,best_n.pt,raw,30.0,ul,oaitun_ue2,completed,False,52,2,50,50,1,44,5,1,0.02,0.88,0.1,0.02,factory_roundtrip_ms,755.06564,741.6165000000001,883.7627,887.4458,1110.0357899999992,457.3267655800001,598.4947928,482.22650724000005,615.7615083,482.33375598,615.8022174,75.0,1.0,raw_prb_pct_cpu_product,75.0,0.75,1.0,90.0,correct_parts_per_min,1.8,0.0002666666666666667,0.0002666666666666667,0.024,-0.7,False,,,
run_043_20260629_185950_slice_ul85_dl50_edge_cpu5_bg30m_ul_best_n_640x360_speed1p5_raw,automated_experiments/results/run_043_20260629_185950_slice_ul85_dl50_edge_cpu5_bg30m_ul_best_n_640x360_speed1p5_raw,slice_ul85_dl50,85.0,50.0,edge_cpu5,5.0,0.625,640,360,640x360,1.5,best_n.pt,best_n.pt,raw,30.0,ul,oaitun_ue2,completed,False,50,0,50,50,10,0,40,10,0.2,0.0,0.8,0.2,factory_roundtrip_ms,323.19792000000007,321.77200000000005,335.1589,342.22945,352.5211,65.39844826000001,74.51450469999999,68.16278243999999,81.60962634999998,68.26618362,81.6708891,85.0,5.0,raw_prb_pct_cpu_product,425.0,0.75,1.0,90.0,correct_parts_per_min,18.0,0.00047058823529411766,0.00047058823529411766,0.042352941176470586,3.833333333333334,False,,,
run_043_20260704_171358_slice_ul90_dl50_edge_cpu5_bg30m_ul_best_n_640x360_speed1p5_raw,automated_experiments/results/run_043_20260704_171358_slice_ul90_dl50_edge_cpu5_bg30m_ul_best_n_640x360_speed1p5_raw,slice_ul90_dl50,90.0,50.0,edge_cpu5,5.0,0.625,640,360,640x360,1.5,best_n.pt,best_n.pt,raw,30.0,ul,oaitun_ue2,completed,False,50,0,50,50,13,0,37,13,0.26,0.0,0.74,0.26,factory_roundtrip_ms,312.4835,310.14649999999995,324.1421,326.93859999999995,341.03261999999995,62.43665222,72.71609364999999,64.88998405999999,75.88331849999999,64.97982258,75.9421153,90.0,5.0,raw_prb_pct_cpu_product,450.0,0.75,1.0,90.0,correct_parts_per_min,23.400000000000002,0.0005777777777777778,0.0005777777777777778,0.052000000000000005,8.400000000000002,False,,,
run_044_20260618_204955_slice_ul75_dl50_edge_cpu1_bg30m_ul_best_n_640x360_speed2p0_raw,automated_experiments/results/run_044_20260618_204955_slice_ul75_dl50_edge_cpu1_bg30m_ul_best_n_640x360_speed2p0_raw,slice_ul75_dl50,75.0,50.0,edge_cpu1,1.0,0.125,640,360,640x360,2.0,best_n.pt,best_n.pt,raw,30.0,ul,oaitun_ue2,completed,False,50,0,50,50,0,50,0,0,0.0,1.0,0.0,0.0,factory_roundtrip_ms,777.0425,757.841,842.1474000000001,870.0133500000001,1192.8366599999988,476.06335774,557.3854847499999,502.8505430599999,599.2523013999999,502.9467368800001,599.3370567999999,75.0,1.0,raw_prb_pct_cpu_product,75.0,1.0,1.0,120.0,correct_parts_per_min,0.0,0.0,0.0,0.0,-2.5,False,,,
run_044_20260629_190350_slice_ul85_dl50_edge_cpu5_bg30m_ul_best_n_640x360_speed2p0_raw,automated_experiments/results/run_044_20260629_190350_slice_ul85_dl50_edge_cpu5_bg30m_ul_best_n_640x360_speed2p0_raw,slice_ul85_dl50,85.0,50.0,edge_cpu5,5.0,0.625,640,360,640x360,2.0,best_n.pt,best_n.pt,raw,30.0,ul,oaitun_ue2,completed,False,50,0,50,50,13,0,37,13,0.26,0.0,0.74,0.26,factory_roundtrip_ms,323.77281999999997,323.1725,334.4872,336.97195,344.91855,64.87566186,73.44746595,67.7564342,78.3877368,67.8610376,78.4562792,85.0,5.0,raw_prb_pct_cpu_product,425.0,1.0,1.0,120.0,correct_parts_per_min,31.200000000000003,0.000611764705882353,0.000611764705882353,0.07341176470588236,17.03333333333334,False,,,
run_044_20260704_171746_slice_ul90_dl50_edge_cpu5_bg30m_ul_best_n_640x360_speed2p0_raw,automated_experiments/results/run_044_20260704_171746_slice_ul90_dl50_edge_cpu5_bg30m_ul_best_n_640x360_speed2p0_raw,slice_ul90_dl50,90.0,50.0,edge_cpu5,5.0,0.625,640,360,640x360,2.0,best_n.pt,best_n.pt,raw,30.0,ul,oaitun_ue2,completed,False,50,0,50,50,13,0,37,13,0.26,0.0,0.74,0.26,factory_roundtrip_ms,318.97086,318.1925,326.8015,328.46395,351.39681999999993,65.3999559,72.4438968,67.88316386,75.0545624,67.96927982,75.10403985,90.0,5.0,raw_prb_pct_cpu_product,450.0,1.0,1.0,120.0,correct_parts_per_min,31.200000000000003,0.0005777777777777778,0.0005777777777777778,0.06933333333333334,16.200000000000003,False,,,
run_045_20260618_205403_slice_ul75_dl50_edge_cpu1_bg30m_ul_best_n_320x180_speed0p5_raw,automated_experiments/results/run_045_20260618_205403_slice_ul75_dl50_edge_cpu1_bg30m_ul_best_n_320x180_speed0p5_raw,slice_ul75_dl50,75.0,50.0,edge_cpu1,1.0,0.125,320,180,320x180,0.5,best_n.pt,best_n.pt,raw,30.0,ul,oaitun_ue2,completed,False,50,0,50,50,6,0,44,6,0.12,0.0,0.88,0.12,factory_roundtrip_ms,596.35998,592.629,708.9914,728.16835,774.1735099999999,452.61197993999997,591.3948144,462.16305587999994,599.10280235,462.21297258,599.1628124,75.0,1.0,raw_prb_pct_cpu_product,75.0,0.25,1.0,30.0,correct_parts_per_min,3.5999999999999996,0.0015999999999999999,0.0015999999999999999,0.047999999999999994,1.0999999999999996,False,,,
run_045_20260629_190730_slice_ul85_dl50_edge_cpu5_bg30m_ul_best_n_320x180_speed0p5_raw,automated_experiments/results/run_045_20260629_190730_slice_ul85_dl50_edge_cpu5_bg30m_ul_best_n_320x180_speed0p5_raw,slice_ul85_dl50,85.0,50.0,edge_cpu5,5.0,0.625,320,180,320x180,0.5,best_n.pt,best_n.pt,raw,30.0,ul,oaitun_ue2,completed,False,50,0,50,50,6,0,44,6,0.12,0.0,0.88,0.12,factory_roundtrip_ms,191.14677999999995,190.019,199.68509999999998,201.0028,222.26783999999995,66.05455835999999,77.52008465,67.2842761,78.8162224,67.34502834000001,78.88747844999999,85.0,5.0,raw_prb_pct_cpu_product,425.0,0.25,1.0,30.0,correct_parts_per_min,3.5999999999999996,0.00028235294117647056,0.00028235294117647056,0.008470588235294117,-10.566666666666666,False,,,
run_045_20260704_172117_slice_ul90_dl50_edge_cpu5_bg30m_ul_best_n_320x180_speed0p5_raw,automated_experiments/results/run_045_20260704_172117_slice_ul90_dl50_edge_cpu5_bg30m_ul_best_n_320x180_speed0p5_raw,slice_ul90_dl50,90.0,50.0,edge_cpu5,5.0,0.625,320,180,320x180,0.5,best_n.pt,best_n.pt,raw,30.0,ul,oaitun_ue2,completed,False,50,0,50,50,6,0,44,6,0.12,0.0,0.88,0.12,factory_roundtrip_ms,186.45777999999996,186.824,195.8198,197.90210000000002,207.82089999999997,64.1787401,75.6075938,65.33176682,76.81799805,65.3904465,76.8565433,90.0,5.0,raw_prb_pct_cpu_product,450.0,0.25,1.0,30.0,correct_parts_per_min,3.5999999999999996,0.0002666666666666667,0.0002666666666666667,0.007999999999999998,-11.4,False,,,
run_046_20260618_210125_slice_ul75_dl50_edge_cpu1_bg30m_ul_best_n_320x180_speed1p0_raw,automated_experiments/results/run_046_20260618_210125_slice_ul75_dl50_edge_cpu1_bg30m_ul_best_n_320x180_speed1p0_raw,slice_ul75_dl50,75.0,50.0,edge_cpu1,1.0,0.125,320,180,320x180,1.0,best_n.pt,best_n.pt,raw,30.0,ul,oaitun_ue2,completed,False,54,4,50,50,6,0,44,6,0.12,0.0,0.88,0.12,factory_roundtrip_ms,589.1887800000001,582.2725,709.1694,714.8109,894.7493099999997,449.53002384,580.50859515,457.40565016000005,586.6842666499999,457.45874117999995,586.72453835,75.0,1.0,raw_prb_pct_cpu_product,75.0,0.5,1.0,60.0,correct_parts_per_min,7.199999999999999,0.0015999999999999999,0.0015999999999999999,0.09599999999999999,4.699999999999999,False,,,
run_046_20260629_191413_slice_ul85_dl50_edge_cpu5_bg30m_ul_best_n_320x180_speed1p0_raw,automated_experiments/results/run_046_20260629_191413_slice_ul85_dl50_edge_cpu5_bg30m_ul_best_n_320x180_speed1p0_raw,slice_ul85_dl50,85.0,50.0,edge_cpu5,5.0,0.625,320,180,320x180,1.0,best_n.pt,best_n.pt,raw,30.0,ul,oaitun_ue2,completed,False,55,5,50,50,6,0,44,6,0.12,0.0,0.88,0.12,factory_roundtrip_ms,184.81177999999997,184.6725,195.2118,198.85524999999998,201.71366,61.828859439999995,74.91453485,63.03351264,76.4112865,63.08862006,76.44864589999999,85.0,5.0,raw_prb_pct_cpu_product,425.0,0.5,1.0,60.0,correct_parts_per_min,7.199999999999999,0.00028235294117647056,0.00028235294117647056,0.016941176470588234,-6.966666666666667,False,,,
run_046_20260704_172746_slice_ul90_dl50_edge_cpu5_bg30m_ul_best_n_320x180_speed1p0_raw,automated_experiments/results/run_046_20260704_172746_slice_ul90_dl50_edge_cpu5_bg30m_ul_best_n_320x180_speed1p0_raw,slice_ul90_dl50,90.0,50.0,edge_cpu5,5.0,0.625,320,180,320x180,1.0,best_n.pt,best_n.pt,raw,30.0,ul,oaitun_ue2,completed,False,50,0,50,50,6,0,44,6,0.12,0.0,0.88,0.12,factory_roundtrip_ms,182.45364,183.22949999999997,190.3756,193.91855,201.93609,61.62123434,71.62720039999999,62.68445394,72.6788455,62.74152460000001,72.71227055,90.0,5.0,raw_prb_pct_cpu_product,450.0,0.5,1.0,60.0,correct_parts_per_min,7.199999999999999,0.0002666666666666667,0.0002666666666666667,0.015999999999999997,-7.800000000000001,False,,,
run_047_20260618_210650_slice_ul75_dl50_edge_cpu1_bg30m_ul_best_n_320x180_speed1p5_raw,automated_experiments/results/run_047_20260618_210650_slice_ul75_dl50_edge_cpu1_bg30m_ul_best_n_320x180_speed1p5_raw,slice_ul75_dl50,75.0,50.0,edge_cpu1,1.0,0.125,320,180,320x180,1.5,best_n.pt,best_n.pt,raw,30.0,ul,oaitun_ue2,completed,False,51,1,50,50,4,7,39,4,0.08,0.14,0.78,0.08,factory_roundtrip_ms,592.1609799999999,563.9515,681.3389000000001,805.8758999999997,998.1586,450.39747012,661.8554382499996,458.23609605999997,668.5467095999996,458.28775598,668.5834043499997,75.0,1.0,raw_prb_pct_cpu_product,75.0,0.75,1.0,90.0,correct_parts_per_min,7.2,0.0010666666666666667,0.0010666666666666667,0.096,4.7,False,,,
run_047_20260629_191911_slice_ul85_dl50_edge_cpu5_bg30m_ul_best_n_320x180_speed1p5_raw,automated_experiments/results/run_047_20260629_191911_slice_ul85_dl50_edge_cpu5_bg30m_ul_best_n_320x180_speed1p5_raw,slice_ul85_dl50,85.0,50.0,edge_cpu5,5.0,0.625,320,180,320x180,1.5,best_n.pt,best_n.pt,raw,30.0,ul,oaitun_ue2,completed,False,50,0,50,50,6,0,44,6,0.12,0.0,0.88,0.12,factory_roundtrip_ms,188.78308,189.12900000000002,198.0409,203.30329999999998,206.0025,64.45391214,74.32525555,65.54666642000001,75.3817298,65.5979961,75.41722569999999,85.0,5.0,raw_prb_pct_cpu_product,425.0,0.75,1.0,90.0,correct_parts_per_min,10.799999999999999,0.00028235294117647056,0.00028235294117647056,0.02541176470588235,-3.366666666666667,False,,,
run_047_20260704_173214_slice_ul90_dl50_edge_cpu5_bg30m_ul_best_n_320x180_speed1p5_raw,automated_experiments/results/run_047_20260704_173214_slice_ul90_dl50_edge_cpu5_bg30m_ul_best_n_320x180_speed1p5_raw,slice_ul90_dl50,90.0,50.0,edge_cpu5,5.0,0.625,320,180,320x180,1.5,best_n.pt,best_n.pt,raw,30.0,ul,oaitun_ue2,completed,False,50,0,50,50,6,0,44,6,0.12,0.0,0.88,0.12,factory_roundtrip_ms,183.50024000000002,181.404,192.5912,201.4563,217.58943999999994,61.20497004,73.03391735,62.43136678,74.42735055,62.495596400000004,74.56762524999999,90.0,5.0,raw_prb_pct_cpu_product,450.0,0.75,1.0,90.0,correct_parts_per_min,10.799999999999999,0.0002666666666666667,0.0002666666666666667,0.023999999999999997,-4.200000000000001,False,,,
run_048_20260618_211120_slice_ul75_dl50_edge_cpu1_bg30m_ul_best_n_320x180_speed2p0_raw,automated_experiments/results/run_048_20260618_211120_slice_ul75_dl50_edge_cpu1_bg30m_ul_best_n_320x180_speed2p0_raw,slice_ul75_dl50,75.0,50.0,edge_cpu1,1.0,0.125,320,180,320x180,2.0,best_n.pt,best_n.pt,raw,30.0,ul,oaitun_ue2,completed,False,50,0,50,50,1,45,4,1,0.02,0.9,0.08,0.02,factory_roundtrip_ms,593.1533599999999,591.9435,663.9624,691.4359999999999,728.9895399999999,452.6971423199999,551.6420121999998,462.2705390800001,561.2438450499999,462.32139174,561.3289593999999,75.0,1.0,raw_prb_pct_cpu_product,75.0,1.0,1.0,120.0,correct_parts_per_min,2.4,0.0002666666666666667,0.0002666666666666667,0.032,-0.10000000000000009,False,,,
run_048_20260629_192311_slice_ul85_dl50_edge_cpu5_bg30m_ul_best_n_320x180_speed2p0_raw,automated_experiments/results/run_048_20260629_192311_slice_ul85_dl50_edge_cpu5_bg30m_ul_best_n_320x180_speed2p0_raw,slice_ul85_dl50,85.0,50.0,edge_cpu5,5.0,0.625,320,180,320x180,2.0,best_n.pt,best_n.pt,raw,30.0,ul,oaitun_ue2,completed,False,51,1,50,50,6,0,44,6,0.12,0.0,0.88,0.12,factory_roundtrip_ms,188.93212,187.6215,201.2924,204.3045,213.27147,64.42715575999999,74.27743395,65.48719127999999,75.35564135,65.53512438,75.40936659999998,85.0,5.0,raw_prb_pct_cpu_product,425.0,1.0,1.0,120.0,correct_parts_per_min,14.399999999999999,0.00028235294117647056,0.00028235294117647056,0.03388235294117647,0.2333333333333325,False,,,
run_048_20260704_173608_slice_ul90_dl50_edge_cpu5_bg30m_ul_best_n_320x180_speed2p0_raw,automated_experiments/results/run_048_20260704_173608_slice_ul90_dl50_edge_cpu5_bg30m_ul_best_n_320x180_speed2p0_raw,slice_ul90_dl50,90.0,50.0,edge_cpu5,5.0,0.625,320,180,320x180,2.0,best_n.pt,best_n.pt,raw,30.0,ul,oaitun_ue2,completed,False,50,0,50,50,7,0,43,7,0.14,0.0,0.86,0.14,factory_roundtrip_ms,185.98378,185.8085,195.6076,197.84445,201.34302999999997,63.903578659999994,74.14476309999999,65.01484929999998,75.30134035,65.06832572,75.3444458,90.0,5.0,raw_prb_pct_cpu_product,450.0,1.0,1.0,120.0,correct_parts_per_min,16.8,0.0003111111111111111,0.0003111111111111111,0.037333333333333336,1.8000000000000007,False,,,
run_049_20260629_192658_slice_ul85_dl50_edge_cpu4_bg30m_ul_best_n_1280x720_speed0p5_raw,automated_experiments/results/run_049_20260629_192658_slice_ul85_dl50_edge_cpu4_bg30m_ul_best_n_1280x720_speed0p5_raw,slice_ul85_dl50,85.0,50.0,edge_cpu4,4.0,0.5,1280,720,1280x720,0.5,best_n.pt,best_n.pt,raw,30.0,ul,oaitun_ue2,completed,False,55,5,50,50,29,0,21,29,0.58,0.0,0.42,0.58,factory_roundtrip_ms,586.4408,580.4125,615.3877,626.1399499999999,665.5679299999999,71.77862308,110.55609505,83.04570919999998,119.9691374,83.66384829999998,120.2641442,85.0,4.0,raw_prb_pct_cpu_product,340.0,0.25,1.0,30.0,correct_parts_per_min,17.4,0.0017058823529411764,0.0017058823529411764,0.05117647058823529,6.066666666666665,False,,,
run_049_20260704_173943_slice_ul90_dl50_edge_cpu4_bg30m_ul_best_n_1280x720_speed0p5_raw,automated_experiments/results/run_049_20260704_173943_slice_ul90_dl50_edge_cpu4_bg30m_ul_best_n_1280x720_speed0p5_raw,slice_ul90_dl50,90.0,50.0,edge_cpu4,4.0,0.5,1280,720,1280x720,0.5,best_n.pt,best_n.pt,raw,30.0,ul,oaitun_ue2,completed,False,50,0,50,50,26,0,24,26,0.52,0.0,0.48,0.52,factory_roundtrip_ms,571.6637000000001,562.331,605.3694,616.4295000000001,663.6766799999999,67.4341134,100.52408969999999,79.28818093999999,124.76061619999999,80.22785869999998,128.7819915,90.0,4.0,raw_prb_pct_cpu_product,360.0,0.25,1.0,30.0,correct_parts_per_min,15.600000000000001,0.0014444444444444446,0.0014444444444444446,0.043333333333333335,3.6000000000000014,False,,,
run_050_20260629_193425_slice_ul85_dl50_edge_cpu4_bg30m_ul_best_n_1280x720_speed1p0_raw,automated_experiments/results/run_050_20260629_193425_slice_ul85_dl50_edge_cpu4_bg30m_ul_best_n_1280x720_speed1p0_raw,slice_ul85_dl50,85.0,50.0,edge_cpu4,4.0,0.5,1280,720,1280x720,1.0,best_n.pt,best_n.pt,raw,30.0,ul,oaitun_ue2,completed,False,129,79,50,50,30,0,20,30,0.6,0.0,0.4,0.6,factory_roundtrip_ms,582.68974,581.5889999999999,604.2211,608.47605,613.52739,66.34597818,86.60127639999997,76.83397307999999,101.09672605,77.41659856,101.39706389999999,85.0,4.0,raw_prb_pct_cpu_product,340.0,0.5,1.0,60.0,correct_parts_per_min,36.0,0.001764705882352941,0.001764705882352941,0.10588235294117647,24.666666666666664,False,,,
run_050_20260704_174621_slice_ul90_dl50_edge_cpu4_bg30m_ul_best_n_1280x720_speed1p0_raw,automated_experiments/results/run_050_20260704_174621_slice_ul90_dl50_edge_cpu4_bg30m_ul_best_n_1280x720_speed1p0_raw,slice_ul90_dl50,90.0,50.0,edge_cpu4,4.0,0.5,1280,720,1280x720,1.0,best_n.pt,best_n.pt,raw,30.0,ul,oaitun_ue2,completed,False,67,17,50,50,31,0,19,31,0.62,0.0,0.38,0.62,factory_roundtrip_ms,568.88192,568.442,593.7929,603.5672,618.11204,65.22756374,95.51495425,72.96689156000001,102.77867365,73.33133144,102.95077094999999,90.0,4.0,raw_prb_pct_cpu_product,360.0,0.5,1.0,60.0,correct_parts_per_min,37.2,0.0017222222222222222,0.0017222222222222222,0.10333333333333335,25.200000000000003,False,,,
run_051_20260629_194414_slice_ul85_dl50_edge_cpu4_bg30m_ul_best_n_1280x720_speed1p5_raw,automated_experiments/results/run_051_20260629_194414_slice_ul85_dl50_edge_cpu4_bg30m_ul_best_n_1280x720_speed1p5_raw,slice_ul85_dl50,85.0,50.0,edge_cpu4,4.0,0.5,1280,720,1280x720,1.5,best_n.pt,best_n.pt,raw,30.0,ul,oaitun_ue2,completed,False,66,16,50,50,29,0,21,29,0.58,0.0,0.42,0.58,factory_roundtrip_ms,584.97992,580.6904999999999,613.5702,614.88605,619.34986,70.02819233999999,100.43889334999999,78.28552832,109.13212555,78.67376072,109.50373354999999,85.0,4.0,raw_prb_pct_cpu_product,340.0,0.75,1.0,90.0,correct_parts_per_min,52.199999999999996,0.0017058823529411764,0.0017058823529411764,0.15352941176470586,40.86666666666666,False,,,
run_051_20260704_175157_slice_ul90_dl50_edge_cpu4_bg30m_ul_best_n_1280x720_speed1p5_raw,automated_experiments/results/run_051_20260704_175157_slice_ul90_dl50_edge_cpu4_bg30m_ul_best_n_1280x720_speed1p5_raw,slice_ul90_dl50,90.0,50.0,edge_cpu4,4.0,0.5,1280,720,1280x720,1.5,best_n.pt,best_n.pt,raw,30.0,ul,oaitun_ue2,completed,False,50,0,50,50,24,0,26,24,0.48,0.0,0.52,0.48,factory_roundtrip_ms,571.5671799999999,566.7385,586.4474,610.9282,633.60528,64.7121071,104.89886399999999,72.23676362,114.03480969999998,72.68640662,114.5520974,90.0,4.0,raw_prb_pct_cpu_product,360.0,0.75,1.0,90.0,correct_parts_per_min,43.199999999999996,0.0013333333333333333,0.0013333333333333333,0.11999999999999998,31.199999999999996,False,,,
run_052_20260629_194911_slice_ul85_dl50_edge_cpu4_bg30m_ul_best_n_1280x720_speed2p0_raw,automated_experiments/results/run_052_20260629_194911_slice_ul85_dl50_edge_cpu4_bg30m_ul_best_n_1280x720_speed2p0_raw,slice_ul85_dl50,85.0,50.0,edge_cpu4,4.0,0.5,1280,720,1280x720,2.0,best_n.pt,best_n.pt,raw,30.0,ul,oaitun_ue2,completed,False,70,20,50,50,0,50,0,0,0.0,1.0,0.0,0.0,factory_roundtrip_ms,588.49886,585.4010000000001,614.4052,621.6916,639.9848099999999,70.12063717999999,99.30872999999998,78.76405233999999,110.25661025,79.44046874000001,110.6508935,85.0,4.0,raw_prb_pct_cpu_product,340.0,1.0,1.0,120.0,correct_parts_per_min,0.0,0.0,0.0,0.0,-11.333333333333334,False,,,
run_052_20260704_175557_slice_ul90_dl50_edge_cpu4_bg30m_ul_best_n_1280x720_speed2p0_raw,automated_experiments/results/run_052_20260704_175557_slice_ul90_dl50_edge_cpu4_bg30m_ul_best_n_1280x720_speed2p0_raw,slice_ul90_dl50,90.0,50.0,edge_cpu4,4.0,0.5,1280,720,1280x720,2.0,best_n.pt,best_n.pt,raw,30.0,ul,oaitun_ue2,completed,False,51,1,50,50,0,50,0,0,0.0,1.0,0.0,0.0,factory_roundtrip_ms,575.67,573.26,601.3742,604.9953999999999,606.27511,69.98277672,100.67445619999998,78.97782028,110.2420291,79.6350999,110.603219,90.0,4.0,raw_prb_pct_cpu_product,360.0,1.0,1.0,120.0,correct_parts_per_min,0.0,0.0,0.0,0.0,-12.0,False,,,
run_053_20260629_195405_slice_ul85_dl50_edge_cpu4_bg30m_ul_best_n_640x360_speed0p5_raw,automated_experiments/results/run_053_20260629_195405_slice_ul85_dl50_edge_cpu4_bg30m_ul_best_n_640x360_speed0p5_raw,slice_ul85_dl50,85.0,50.0,edge_cpu4,4.0,0.5,640,360,640x360,0.5,best_n.pt,best_n.pt,raw,30.0,ul,oaitun_ue2,completed,False,50,0,50,50,17,0,33,17,0.34,0.0,0.66,0.34,factory_roundtrip_ms,339.15184,332.6225,372.829,377.5919,380.53614,78.27499952000001,113.983408,82.63130835999999,116.67421025,82.82228312,116.7625482,85.0,4.0,raw_prb_pct_cpu_product,340.0,0.25,1.0,30.0,correct_parts_per_min,10.200000000000001,0.001,0.001,0.030000000000000002,-1.1333333333333329,False,,,
run_053_20260704_175940_slice_ul90_dl50_edge_cpu4_bg30m_ul_best_n_640x360_speed0p5_raw,automated_experiments/results/run_053_20260704_175940_slice_ul90_dl50_edge_cpu4_bg30m_ul_best_n_640x360_speed0p5_raw,slice_ul90_dl50,90.0,50.0,edge_cpu4,4.0,0.5,640,360,640x360,0.5,best_n.pt,best_n.pt,raw,30.0,ul,oaitun_ue2,completed,False,50,0,50,50,11,0,39,11,0.22,0.0,0.78,0.22,factory_roundtrip_ms,330.4837,327.03700000000003,356.8134,357.42095,361.76905999999997,76.7942805,104.52067294999999,80.05441320000001,106.80839005,80.13417954,106.87339145,90.0,4.0,raw_prb_pct_cpu_product,360.0,0.25,1.0,30.0,correct_parts_per_min,6.6,0.0006111111111111111,0.0006111111111111111,0.018333333333333333,-5.4,False,,,
run_054_20260629_200102_slice_ul85_dl50_edge_cpu4_bg30m_ul_best_n_640x360_speed1p0_raw,automated_experiments/results/run_054_20260629_200102_slice_ul85_dl50_edge_cpu4_bg30m_ul_best_n_640x360_speed1p0_raw,slice_ul85_dl50,85.0,50.0,edge_cpu4,4.0,0.5,640,360,640x360,1.0,best_n.pt,best_n.pt,raw,30.0,ul,oaitun_ue2,completed,False,67,17,50,50,14,0,36,14,0.28,0.0,0.72,0.28,factory_roundtrip_ms,328.41492000000005,323.249,357.2356,367.84145,377.88924,73.60667382000001,109.05415439999999,75.90191022,111.41865254999999,75.98950470000001,111.50117519999999,85.0,4.0,raw_prb_pct_cpu_product,340.0,0.5,1.0,60.0,correct_parts_per_min,16.8,0.0008235294117647059,0.0008235294117647059,0.049411764705882356,5.466666666666667,False,,,
run_054_20260704_180620_slice_ul90_dl50_edge_cpu4_bg30m_ul_best_n_640x360_speed1p0_raw,automated_experiments/results/run_054_20260704_180620_slice_ul90_dl50_edge_cpu4_bg30m_ul_best_n_640x360_speed1p0_raw,slice_ul90_dl50,90.0,50.0,edge_cpu4,4.0,0.5,640,360,640x360,1.0,best_n.pt,best_n.pt,raw,30.0,ul,oaitun_ue2,completed,False,54,4,50,50,13,0,37,13,0.26,0.0,0.74,0.26,factory_roundtrip_ms,317.63508,314.1115,336.1137,353.8429,358.85566,67.98679026,104.13096834999999,70.55040312000001,106.78791494999999,70.66108322,107.00761474999999,90.0,4.0,raw_prb_pct_cpu_product,360.0,0.5,1.0,60.0,correct_parts_per_min,15.600000000000001,0.0007222222222222223,0.0007222222222222223,0.043333333333333335,3.6000000000000014,False,,,
run_055_20260629_200658_slice_ul85_dl50_edge_cpu4_bg30m_ul_best_n_640x360_speed1p5_raw,automated_experiments/results/run_055_20260629_200658_slice_ul85_dl50_edge_cpu4_bg30m_ul_best_n_640x360_speed1p5_raw,slice_ul85_dl50,85.0,50.0,edge_cpu4,4.0,0.5,640,360,640x360,1.5,best_n.pt,best_n.pt,raw,30.0,ul,oaitun_ue2,completed,False,51,1,50,50,11,0,39,11,0.22,0.0,0.78,0.22,factory_roundtrip_ms,331.53790000000004,327.73749999999995,360.09740000000005,366.8771,377.65986000000004,73.32422994,109.86174969999999,75.71764848,112.4604249,75.82660598000001,112.5111777,85.0,4.0,raw_prb_pct_cpu_product,340.0,0.75,1.0,90.0,correct_parts_per_min,19.8,0.0006470588235294118,0.0006470588235294118,0.05823529411764706,8.466666666666667,False,,,
run_055_20260704_181112_slice_ul90_dl50_edge_cpu4_bg30m_ul_best_n_640x360_speed1p5_raw,automated_experiments/results/run_055_20260704_181112_slice_ul90_dl50_edge_cpu4_bg30m_ul_best_n_640x360_speed1p5_raw,slice_ul90_dl50,90.0,50.0,edge_cpu4,4.0,0.5,640,360,640x360,1.5,best_n.pt,best_n.pt,raw,30.0,ul,oaitun_ue2,completed,False,50,0,50,50,15,0,35,15,0.3,0.0,0.7,0.3,factory_roundtrip_ms,321.62273999999996,314.9805,350.2957,356.75135,370.50534999999996,73.12243848,104.6254603,75.46346764,107.39113839999999,75.56293414000001,107.4797016,90.0,4.0,raw_prb_pct_cpu_product,360.0,0.75,1.0,90.0,correct_parts_per_min,27.0,0.0008333333333333333,0.0008333333333333333,0.075,15.0,False,,,
run_056_20260629_201112_slice_ul85_dl50_edge_cpu4_bg30m_ul_best_n_640x360_speed2p0_raw,automated_experiments/results/run_056_20260629_201112_slice_ul85_dl50_edge_cpu4_bg30m_ul_best_n_640x360_speed2p0_raw,slice_ul85_dl50,85.0,50.0,edge_cpu4,4.0,0.5,640,360,640x360,2.0,best_n.pt,best_n.pt,raw,30.0,ul,oaitun_ue2,completed,False,51,1,50,50,11,0,39,11,0.22,0.0,0.78,0.22,factory_roundtrip_ms,338.18469999999996,332.065,371.11379999999997,373.92655,378.67648,78.21822092000001,113.1138542,81.09154808,116.16688275,81.19999936,116.26503724999999,85.0,4.0,raw_prb_pct_cpu_product,340.0,1.0,1.0,120.0,correct_parts_per_min,26.4,0.0006470588235294118,0.0006470588235294118,0.0776470588235294,15.066666666666665,False,,,
run_056_20260704_181512_slice_ul90_dl50_edge_cpu4_bg30m_ul_best_n_640x360_speed2p0_raw,automated_experiments/results/run_056_20260704_181512_slice_ul90_dl50_edge_cpu4_bg30m_ul_best_n_640x360_speed2p0_raw,slice_ul90_dl50,90.0,50.0,edge_cpu4,4.0,0.5,640,360,640x360,2.0,best_n.pt,best_n.pt,raw,30.0,ul,oaitun_ue2,completed,False,50,0,50,50,13,0,37,13,0.26,0.0,0.74,0.26,factory_roundtrip_ms,324.21478,319.063,347.05150000000003,354.85299999999995,363.69289,73.01542252,102.52056665,75.44551054,105.6391128,75.54243992,105.7117212,90.0,4.0,raw_prb_pct_cpu_product,360.0,1.0,1.0,120.0,correct_parts_per_min,31.200000000000003,0.0007222222222222223,0.0007222222222222223,0.08666666666666667,19.200000000000003,False,,,
run_057_20260629_201510_slice_ul85_dl50_edge_cpu4_bg30m_ul_best_n_320x180_speed0p5_raw,automated_experiments/results/run_057_20260629_201510_slice_ul85_dl50_edge_cpu4_bg30m_ul_best_n_320x180_speed0p5_raw,slice_ul85_dl50,85.0,50.0,edge_cpu4,4.0,0.5,320,180,320x180,0.5,best_n.pt,best_n.pt,raw,30.0,ul,oaitun_ue2,completed,False,50,0,50,50,5,0,45,5,0.1,0.0,0.9,0.1,factory_roundtrip_ms,198.21167999999997,193.987,219.2073,230.12289999999996,240.65841,73.72492100000001,105.56240634999999,74.96997775999999,106.57375144999999,75.0341942,106.62328985,85.0,4.0,raw_prb_pct_cpu_product,340.0,0.25,1.0,30.0,correct_parts_per_min,3.0,0.00029411764705882356,0.00029411764705882356,0.008823529411764706,-8.333333333333334,False,,,
run_057_20260704_181854_slice_ul90_dl50_edge_cpu4_bg30m_ul_best_n_320x180_speed0p5_raw,automated_experiments/results/run_057_20260704_181854_slice_ul90_dl50_edge_cpu4_bg30m_ul_best_n_320x180_speed0p5_raw,slice_ul90_dl50,90.0,50.0,edge_cpu4,4.0,0.5,320,180,320x180,0.5,best_n.pt,best_n.pt,raw,30.0,ul,oaitun_ue2,completed,False,50,0,50,50,6,0,44,6,0.12,0.0,0.88,0.12,factory_roundtrip_ms,189.20806000000005,187.0635,200.8233,209.43875,224.80368999999996,65.96738095999999,84.80111914999999,67.30569580000001,85.76422714999998,67.38611274,85.83433024999998,90.0,4.0,raw_prb_pct_cpu_product,360.0,0.25,1.0,30.0,correct_parts_per_min,3.5999999999999996,0.0003333333333333333,0.0003333333333333333,0.009999999999999998,-8.4,False,,,
run_058_20260629_202211_slice_ul85_dl50_edge_cpu4_bg30m_ul_best_n_320x180_speed1p0_raw,automated_experiments/results/run_058_20260629_202211_slice_ul85_dl50_edge_cpu4_bg30m_ul_best_n_320x180_speed1p0_raw,slice_ul85_dl50,85.0,50.0,edge_cpu4,4.0,0.5,320,180,320x180,1.0,best_n.pt,best_n.pt,raw,30.0,ul,oaitun_ue2,completed,False,62,12,50,50,6,0,44,6,0.12,0.0,0.88,0.12,factory_roundtrip_ms,192.46336,185.863,221.38559999999998,227.9131,243.75267999999997,69.14652016,104.09221995,70.18813154,105.21335725,70.2371004,105.24977355,85.0,4.0,raw_prb_pct_cpu_product,340.0,0.5,1.0,60.0,correct_parts_per_min,7.199999999999999,0.0003529411764705882,0.0003529411764705882,0.021176470588235293,-4.133333333333335,False,,,
run_058_20260704_182537_slice_ul90_dl50_edge_cpu4_bg30m_ul_best_n_320x180_speed1p0_raw,automated_experiments/results/run_058_20260704_182537_slice_ul90_dl50_edge_cpu4_bg30m_ul_best_n_320x180_speed1p0_raw,slice_ul90_dl50,90.0,50.0,edge_cpu4,4.0,0.5,320,180,320x180,1.0,best_n.pt,best_n.pt,raw,30.0,ul,oaitun_ue2,completed,False,50,0,50,50,7,0,43,7,0.14,0.0,0.86,0.14,factory_roundtrip_ms,185.76106,180.488,209.45280000000002,216.37125,223.40348999999998,66.1638557,97.99799445,67.29495876000001,99.2416866,67.35019166000001,99.3352766,90.0,4.0,raw_prb_pct_cpu_product,360.0,0.5,1.0,60.0,correct_parts_per_min,8.4,0.0003888888888888889,0.0003888888888888889,0.023333333333333334,-3.5999999999999996,False,,,
run_059_20260629_202758_slice_ul85_dl50_edge_cpu4_bg30m_ul_best_n_320x180_speed1p5_raw,automated_experiments/results/run_059_20260629_202758_slice_ul85_dl50_edge_cpu4_bg30m_ul_best_n_320x180_speed1p5_raw,slice_ul85_dl50,85.0,50.0,edge_cpu4,4.0,0.5,320,180,320x180,1.5,best_n.pt,best_n.pt,raw,30.0,ul,oaitun_ue2,completed,False,50,0,50,50,6,0,44,6,0.12,0.0,0.88,0.12,factory_roundtrip_ms,198.64802,190.113,233.89010000000002,241.0581,248.37348,73.60487076,118.92603924999996,74.7496419,119.97075759999997,74.81160058,120.01973574999997,85.0,4.0,raw_prb_pct_cpu_product,340.0,0.75,1.0,90.0,correct_parts_per_min,10.799999999999999,0.0003529411764705882,0.0003529411764705882,0.03176470588235294,-0.533333333333335,False,,,
run_059_20260704_183018_slice_ul90_dl50_edge_cpu4_bg30m_ul_best_n_320x180_speed1p5_raw,automated_experiments/results/run_059_20260704_183018_slice_ul90_dl50_edge_cpu4_bg30m_ul_best_n_320x180_speed1p5_raw,slice_ul90_dl50,90.0,50.0,edge_cpu4,4.0,0.5,320,180,320x180,1.5,best_n.pt,best_n.pt,raw,30.0,ul,oaitun_ue2,completed,False,50,0,50,50,7,0,43,7,0.14,0.0,0.86,0.14,factory_roundtrip_ms,191.10126,188.2465,206.869,224.51924999999997,233.22744,69.97480934000001,105.01775049999996,71.227788,105.98189189999997,71.2978095,106.01984749999995,90.0,4.0,raw_prb_pct_cpu_product,360.0,0.75,1.0,90.0,correct_parts_per_min,12.600000000000001,0.0003888888888888889,0.0003888888888888889,0.035,0.6000000000000014,False,,,
run_060_20260629_203211_slice_ul85_dl50_edge_cpu4_bg30m_ul_best_n_320x180_speed2p0_raw,automated_experiments/results/run_060_20260629_203211_slice_ul85_dl50_edge_cpu4_bg30m_ul_best_n_320x180_speed2p0_raw,slice_ul85_dl50,85.0,50.0,edge_cpu4,4.0,0.5,320,180,320x180,2.0,best_n.pt,best_n.pt,raw,30.0,ul,oaitun_ue2,completed,False,50,0,50,50,5,0,45,5,0.1,0.0,0.9,0.1,factory_roundtrip_ms,195.24255999999997,190.207,226.16,228.84735,237.21435,69.87561808000001,102.77454019999999,70.96615860000001,104.37151529999998,71.02291244,104.43686294999999,85.0,4.0,raw_prb_pct_cpu_product,340.0,1.0,1.0,120.0,correct_parts_per_min,12.0,0.00029411764705882356,0.00029411764705882356,0.03529411764705882,0.6666666666666661,False,,,
run_060_20260704_183423_slice_ul90_dl50_edge_cpu4_bg30m_ul_best_n_320x180_speed2p0_raw,automated_experiments/results/run_060_20260704_183423_slice_ul90_dl50_edge_cpu4_bg30m_ul_best_n_320x180_speed2p0_raw,slice_ul90_dl50,90.0,50.0,edge_cpu4,4.0,0.5,320,180,320x180,2.0,best_n.pt,best_n.pt,raw,30.0,ul,oaitun_ue2,completed,False,50,0,50,50,7,0,43,7,0.14,0.0,0.86,0.14,factory_roundtrip_ms,191.00349999999997,182.8275,217.82510000000002,229.34634999999997,238.39573,70.56925106,108.65586254999998,71.63775228,109.77131459999998,71.68703126000001,109.81964629999999,90.0,4.0,raw_prb_pct_cpu_product,360.0,1.0,1.0,120.0,correct_parts_per_min,16.8,0.0003888888888888889,0.0003888888888888889,0.04666666666666667,4.800000000000001,False,,,
run_061_20260629_203608_slice_ul85_dl50_edge_cpu3_bg30m_ul_best_n_1280x720_speed0p5_raw,automated_experiments/results/run_061_20260629_203608_slice_ul85_dl50_edge_cpu3_bg30m_ul_best_n_1280x720_speed0p5_raw,slice_ul85_dl50,85.0,50.0,edge_cpu3,3.0,0.375,1280,720,1280x720,0.5,best_n.pt,best_n.pt,raw,30.0,ul,oaitun_ue2,completed,False,66,16,50,50,28,0,22,28,0.56,0.0,0.44,0.56,factory_roundtrip_ms,610.5619800000001,605.903,647.5874,673.73095,690.12063,92.11902546000002,123.3212618,103.19370536000001,147.19114734999997,104.06401025999999,149.06378114999998,85.0,3.0,raw_prb_pct_cpu_product,255.0,0.25,1.0,30.0,correct_parts_per_min,16.8,0.0021960784313725494,0.0021960784313725494,0.06588235294117648,8.3,False,,,
run_061_20260704_183806_slice_ul90_dl50_edge_cpu3_bg30m_ul_best_n_1280x720_speed0p5_raw,automated_experiments/results/run_061_20260704_183806_slice_ul90_dl50_edge_cpu3_bg30m_ul_best_n_1280x720_speed0p5_raw,slice_ul90_dl50,90.0,50.0,edge_cpu3,3.0,0.375,1280,720,1280x720,0.5,best_n.pt,best_n.pt,raw,30.0,ul,oaitun_ue2,completed,False,50,0,50,50,28,0,22,28,0.56,0.0,0.44,0.56,factory_roundtrip_ms,589.23954,587.5545,625.7004000000001,646.16725,683.6474599999999,82.06690344,118.3582735,96.61528830000002,146.4012942,97.88836124000001,150.7189928,90.0,3.0,raw_prb_pct_cpu_product,270.0,0.25,1.0,30.0,correct_parts_per_min,16.8,0.002074074074074074,0.002074074074074074,0.06222222222222223,7.800000000000001,False,,,
run_062_20260629_204500_slice_ul85_dl50_edge_cpu3_bg30m_ul_best_n_1280x720_speed1p0_raw,automated_experiments/results/run_062_20260629_204500_slice_ul85_dl50_edge_cpu3_bg30m_ul_best_n_1280x720_speed1p0_raw,slice_ul85_dl50,85.0,50.0,edge_cpu3,3.0,0.375,1280,720,1280x720,1.0,best_n.pt,best_n.pt,raw,30.0,ul,oaitun_ue2,completed,False,158,108,50,50,29,0,21,29,0.58,0.0,0.42,0.58,factory_roundtrip_ms,596.38018,597.9675,635.5817000000001,640.0527,671.80887,89.20680789999999,124.47276405,98.58585052000001,132.0057547,98.96321512,133.53312244999998,85.0,3.0,raw_prb_pct_cpu_product,255.0,0.5,1.0,60.0,correct_parts_per_min,34.8,0.0022745098039215683,0.0022745098039215683,0.1364705882352941,26.299999999999997,False,29.99994055002586,13.311194987981581,0.5277164732048734
run_062_20260704_184458_slice_ul90_dl50_edge_cpu3_bg30m_ul_best_n_1280x720_speed1p0_raw,automated_experiments/results/run_062_20260704_184458_slice_ul90_dl50_edge_cpu3_bg30m_ul_best_n_1280x720_speed1p0_raw,slice_ul90_dl50,90.0,50.0,edge_cpu3,3.0,0.375,1280,720,1280x720,1.0,best_n.pt,best_n.pt,raw,30.0,ul,oaitun_ue2,completed,False,60,10,50,50,31,0,19,31,0.62,0.0,0.38,0.62,factory_roundtrip_ms,593.46316,590.1945000000001,625.1318,633.5303,636.30884,88.08510584000001,121.71324845,96.32063031999998,129.0507156,96.64819612,129.44474045,90.0,3.0,raw_prb_pct_cpu_product,270.0,0.5,1.0,60.0,correct_parts_per_min,37.2,0.0022962962962962963,0.0022962962962962963,0.13777777777777778,28.200000000000003,False,,,
run_063_20260629_205714_slice_ul85_dl50_edge_cpu3_bg30m_ul_best_n_1280x720_speed1p5_raw,automated_experiments/results/run_063_20260629_205714_slice_ul85_dl50_edge_cpu3_bg30m_ul_best_n_1280x720_speed1p5_raw,slice_ul85_dl50,85.0,50.0,edge_cpu3,3.0,0.375,1280,720,1280x720,1.5,best_n.pt,best_n.pt,raw,30.0,ul,oaitun_ue2,completed,False,65,15,50,50,27,2,21,27,0.54,0.04,0.42,0.54,factory_roundtrip_ms,605.8094199999999,603.258,636.3303999999999,641.65225,666.30035,89.32433042000001,119.3339664,97.05861417999999,127.65089294999999,97.37441252,128.0610814,85.0,3.0,raw_prb_pct_cpu_product,255.0,0.75,1.0,90.0,correct_parts_per_min,48.6,0.0021176470588235297,0.0021176470588235297,0.19058823529411764,40.1,False,,,
run_063_20260704_185021_slice_ul90_dl50_edge_cpu3_bg30m_ul_best_n_1280x720_speed1p5_raw,automated_experiments/results/run_063_20260704_185021_slice_ul90_dl50_edge_cpu3_bg30m_ul_best_n_1280x720_speed1p5_raw,slice_ul90_dl50,90.0,50.0,edge_cpu3,3.0,0.375,1280,720,1280x720,1.5,best_n.pt,best_n.pt,raw,30.0,ul,oaitun_ue2,completed,False,51,1,50,50,26,0,24,26,0.52,0.0,0.48,0.52,factory_roundtrip_ms,590.58648,585.427,622.8398000000001,629.0108,634.6040399999999,83.74242285999999,119.12168119999998,91.94064506,126.46503274999999,92.36683714000003,126.8765543,90.0,3.0,raw_prb_pct_cpu_product,270.0,0.75,1.0,90.0,correct_parts_per_min,46.800000000000004,0.001925925925925926,0.001925925925925926,0.17333333333333334,37.800000000000004,False,,,
run_064_20260629_210231_slice_ul85_dl50_edge_cpu3_bg30m_ul_best_n_1280x720_speed2p0_raw,automated_experiments/results/run_064_20260629_210231_slice_ul85_dl50_edge_cpu3_bg30m_ul_best_n_1280x720_speed2p0_raw,slice_ul85_dl50,85.0,50.0,edge_cpu3,3.0,0.375,1280,720,1280x720,2.0,best_n.pt,best_n.pt,raw,30.0,ul,oaitun_ue2,completed,False,76,26,50,50,0,50,0,0,0.0,1.0,0.0,0.0,factory_roundtrip_ms,604.44624,601.5925,633.2127,645.70665,677.47574,84.21567241999999,124.61358315,94.43158629999999,132.9316518,95.2747438,133.2368089,85.0,3.0,raw_prb_pct_cpu_product,255.0,1.0,1.0,120.0,correct_parts_per_min,0.0,0.0,0.0,0.0,-8.5,False,,,
run_064_20260704_185434_slice_ul90_dl50_edge_cpu3_bg30m_ul_best_n_1280x720_speed2p0_raw,automated_experiments/results/run_064_20260704_185434_slice_ul90_dl50_edge_cpu3_bg30m_ul_best_n_1280x720_speed2p0_raw,slice_ul90_dl50,90.0,50.0,edge_cpu3,3.0,0.375,1280,720,1280x720,2.0,best_n.pt,best_n.pt,raw,30.0,ul,oaitun_ue2,completed,False,51,1,50,50,0,50,0,0,0.0,1.0,0.0,0.0,factory_roundtrip_ms,595.36082,596.7475,629.5832,642.3662499999999,647.22216,88.25948295999999,127.43270635,96.96975195999998,137.4627861,97.55375040000001,137.95791254999997,90.0,3.0,raw_prb_pct_cpu_product,270.0,1.0,1.0,120.0,correct_parts_per_min,0.0,0.0,0.0,0.0,-9.0,False,,,
run_065_20260629_210806_slice_ul85_dl50_edge_cpu3_bg30m_ul_best_n_640x360_speed0p5_raw,automated_experiments/results/run_065_20260629_210806_slice_ul85_dl50_edge_cpu3_bg30m_ul_best_n_640x360_speed0p5_raw,slice_ul85_dl50,85.0,50.0,edge_cpu3,3.0,0.375,640,360,640x360,0.5,best_n.pt,best_n.pt,raw,30.0,ul,oaitun_ue2,completed,False,50,0,50,50,13,0,37,13,0.26,0.0,0.74,0.26,factory_roundtrip_ms,356.05892,360.113,383.74789999999996,392.74375,396.45934,96.97953927999998,132.49018519999998,99.76808123999999,134.99044665,99.89242038,135.04047264999997,85.0,3.0,raw_prb_pct_cpu_product,255.0,0.25,1.0,30.0,correct_parts_per_min,7.800000000000001,0.001019607843137255,0.001019607843137255,0.03058823529411765,-0.6999999999999993,False,,,
run_065_20260704_185830_slice_ul90_dl50_edge_cpu3_bg30m_ul_best_n_640x360_speed0p5_raw,automated_experiments/results/run_065_20260704_185830_slice_ul90_dl50_edge_cpu3_bg30m_ul_best_n_640x360_speed0p5_raw,slice_ul90_dl50,90.0,50.0,edge_cpu3,3.0,0.375,640,360,640x360,0.5,best_n.pt,best_n.pt,raw,30.0,ul,oaitun_ue2,completed,False,50,0,50,50,14,0,36,14,0.28,0.0,0.72,0.28,factory_roundtrip_ms,343.38027999999997,335.19100000000003,380.23560000000003,388.9604,411.3814899999999,88.97821166,134.87397879999997,92.76434633999999,138.22717684999998,92.96087544,138.35499295,90.0,3.0,raw_prb_pct_cpu_product,270.0,0.25,1.0,30.0,correct_parts_per_min,8.4,0.001037037037037037,0.001037037037037037,0.031111111111111114,-0.5999999999999996,False,,,
run_066_20260629_211523_slice_ul85_dl50_edge_cpu3_bg30m_ul_best_n_640x360_speed1p0_raw,automated_experiments/results/run_066_20260629_211523_slice_ul85_dl50_edge_cpu3_bg30m_ul_best_n_640x360_speed1p0_raw,slice_ul85_dl50,85.0,50.0,edge_cpu3,3.0,0.375,640,360,640x360,1.0,best_n.pt,best_n.pt,raw,30.0,ul,oaitun_ue2,completed,False,67,17,50,50,12,0,38,12,0.24,0.0,0.76,0.24,factory_roundtrip_ms,346.08314000000007,339.8875,380.38980000000004,387.80490000000003,394.01949,90.31582568,128.54136404999997,92.65209638,130.63281529999998,92.77318971999999,130.70823395,85.0,3.0,raw_prb_pct_cpu_product,255.0,0.5,1.0,60.0,correct_parts_per_min,14.399999999999999,0.0009411764705882352,0.0009411764705882352,0.05647058823529411,5.899999999999999,False,,,
run_066_20260704_190524_slice_ul90_dl50_edge_cpu3_bg30m_ul_best_n_640x360_speed1p0_raw,automated_experiments/results/run_066_20260704_190524_slice_ul90_dl50_edge_cpu3_bg30m_ul_best_n_640x360_speed1p0_raw,slice_ul90_dl50,90.0,50.0,edge_cpu3,3.0,0.375,640,360,640x360,1.0,best_n.pt,best_n.pt,raw,30.0,ul,oaitun_ue2,completed,False,56,6,50,50,14,0,36,14,0.28,0.0,0.72,0.28,factory_roundtrip_ms,337.04754,335.0,371.2353,377.09545,385.02858000000003,87.10560292,122.42259175,89.40783520000001,124.77198775,89.50723268,124.83657145,90.0,3.0,raw_prb_pct_cpu_product,270.0,0.5,1.0,60.0,correct_parts_per_min,16.8,0.001037037037037037,0.001037037037037037,0.06222222222222223,7.800000000000001,False,,,
run_067_20260629_212136_slice_ul85_dl50_edge_cpu3_bg30m_ul_best_n_640x360_speed1p5_raw,automated_experiments/results/run_067_20260629_212136_slice_ul85_dl50_edge_cpu3_bg30m_ul_best_n_640x360_speed1p5_raw,slice_ul85_dl50,85.0,50.0,edge_cpu3,3.0,0.375,640,360,640x360,1.5,best_n.pt,best_n.pt,raw,30.0,ul,oaitun_ue2,completed,False,51,1,50,50,13,0,37,13,0.26,0.0,0.74,0.26,factory_roundtrip_ms,352.03364,347.4035,382.6653,386.91815,437.20536999999985,94.47918310000001,127.66729875,96.81648277999999,129.9852219,96.92862972,130.0965926,85.0,3.0,raw_prb_pct_cpu_product,255.0,0.75,1.0,90.0,correct_parts_per_min,23.400000000000002,0.001019607843137255,0.001019607843137255,0.09176470588235294,14.900000000000002,False,,,
run_067_20260704_191034_slice_ul90_dl50_edge_cpu3_bg30m_ul_best_n_640x360_speed1p5_raw,automated_experiments/results/run_067_20260704_191034_slice_ul90_dl50_edge_cpu3_bg30m_ul_best_n_640x360_speed1p5_raw,slice_ul90_dl50,90.0,50.0,edge_cpu3,3.0,0.375,640,360,640x360,1.5,best_n.pt,best_n.pt,raw,30.0,ul,oaitun_ue2,completed,False,50,0,50,50,14,0,36,14,0.28,0.0,0.72,0.28,factory_roundtrip_ms,345.20331999999996,343.69550000000004,372.5742,379.8994,387.25434,93.1253312,127.53391729999997,95.45377350000001,130.10344525,95.52877065999999,130.18517084999996,90.0,3.0,raw_prb_pct_cpu_product,270.0,0.75,1.0,90.0,correct_parts_per_min,25.200000000000003,0.001037037037037037,0.001037037037037037,0.09333333333333334,16.200000000000003,False,,,
run_068_20260629_212606_slice_ul85_dl50_edge_cpu3_bg30m_ul_best_n_640x360_speed2p0_raw,automated_experiments/results/run_068_20260629_212606_slice_ul85_dl50_edge_cpu3_bg30m_ul_best_n_640x360_speed2p0_raw,slice_ul85_dl50,85.0,50.0,edge_cpu3,3.0,0.375,640,360,640x360,2.0,best_n.pt,best_n.pt,raw,30.0,ul,oaitun_ue2,completed,False,50,0,50,50,15,0,35,15,0.3,0.0,0.7,0.3,factory_roundtrip_ms,356.53348,356.3265,389.27410000000003,390.5351,398.77441999999996,98.18965189999999,129.2703309,100.54817536,132.1981806,100.6483863,132.44724275,85.0,3.0,raw_prb_pct_cpu_product,255.0,1.0,1.0,120.0,correct_parts_per_min,36.0,0.001176470588235294,0.001176470588235294,0.1411764705882353,27.5,False,,,
run_068_20260704_191445_slice_ul90_dl50_edge_cpu3_bg30m_ul_best_n_640x360_speed2p0_raw,automated_experiments/results/run_068_20260704_191445_slice_ul90_dl50_edge_cpu3_bg30m_ul_best_n_640x360_speed2p0_raw,slice_ul90_dl50,90.0,50.0,edge_cpu3,3.0,0.375,640,360,640x360,2.0,best_n.pt,best_n.pt,raw,30.0,ul,oaitun_ue2,completed,False,50,0,50,50,12,0,38,12,0.24,0.0,0.76,0.24,factory_roundtrip_ms,348.08338,348.6195,377.6241,382.42715,403.5963099999999,95.65908192,127.48947994999999,98.71589430000002,130.12095175,98.8097314,130.25409245,90.0,3.0,raw_prb_pct_cpu_product,270.0,1.0,1.0,120.0,correct_parts_per_min,28.799999999999997,0.0008888888888888888,0.0008888888888888888,0.10666666666666666,19.799999999999997,False,,,
run_069_20260629_213016_slice_ul85_dl50_edge_cpu3_bg30m_ul_best_n_320x180_speed0p5_raw,automated_experiments/results/run_069_20260629_213016_slice_ul85_dl50_edge_cpu3_bg30m_ul_best_n_320x180_speed0p5_raw,slice_ul85_dl50,85.0,50.0,edge_cpu3,3.0,0.375,320,180,320x180,0.5,best_n.pt,best_n.pt,raw,30.0,ul,oaitun_ue2,completed,False,50,0,50,50,6,0,44,6,0.12,0.0,0.88,0.12,factory_roundtrip_ms,222.13121999999998,219.308,252.6216,256.3212,305.7449799999998,97.44711,128.4737239,98.56589898,129.6085051,98.62039936,129.67822544999999,85.0,3.0,raw_prb_pct_cpu_product,255.0,0.25,1.0,30.0,correct_parts_per_min,3.5999999999999996,0.0004705882352941176,0.0004705882352941176,0.014117647058823528,-4.9,False,,,
run_069_20260704_191839_slice_ul90_dl50_edge_cpu3_bg30m_ul_best_n_320x180_speed0p5_raw,automated_experiments/results/run_069_20260704_191839_slice_ul90_dl50_edge_cpu3_bg30m_ul_best_n_320x180_speed0p5_raw,slice_ul90_dl50,90.0,50.0,edge_cpu3,3.0,0.375,320,180,320x180,0.5,best_n.pt,best_n.pt,raw,30.0,ul,oaitun_ue2,completed,False,50,0,50,50,5,0,45,5,0.1,0.0,0.9,0.1,factory_roundtrip_ms,207.89661999999996,199.017,243.7742,251.65109999999999,256.28851000000003,86.40536963999999,127.94449304999999,87.82639746000001,128.99719845,87.90011177999999,129.0337307,90.0,3.0,raw_prb_pct_cpu_product,270.0,0.25,1.0,30.0,correct_parts_per_min,3.0,0.0003703703703703704,0.0003703703703703704,0.011111111111111112,-6.0,False,,,
run_070_20260629_213736_slice_ul85_dl50_edge_cpu3_bg30m_ul_best_n_320x180_speed1p0_raw,automated_experiments/results/run_070_20260629_213736_slice_ul85_dl50_edge_cpu3_bg30m_ul_best_n_320x180_speed1p0_raw,slice_ul85_dl50,85.0,50.0,edge_cpu3,3.0,0.375,320,180,320x180,1.0,best_n.pt,best_n.pt,raw,30.0,ul,oaitun_ue2,completed,False,58,8,50,50,6,0,44,6,0.12,0.0,0.88,0.12,factory_roundtrip_ms,215.84636000000003,220.281,252.0073,257.92684999999994,260.69136999999995,91.56611256000002,129.8581997,92.73892866000001,131.10622229999998,92.79903001999999,131.1797708,85.0,3.0,raw_prb_pct_cpu_product,255.0,0.5,1.0,60.0,correct_parts_per_min,7.199999999999999,0.0004705882352941176,0.0004705882352941176,0.028235294117647056,-1.3000000000000007,False,,,
run_070_20260704_192537_slice_ul90_dl50_edge_cpu3_bg30m_ul_best_n_320x180_speed1p0_raw,automated_experiments/results/run_070_20260704_192537_slice_ul90_dl50_edge_cpu3_bg30m_ul_best_n_320x180_speed1p0_raw,slice_ul90_dl50,90.0,50.0,edge_cpu3,3.0,0.375,320,180,320x180,1.0,best_n.pt,best_n.pt,raw,30.0,ul,oaitun_ue2,completed,False,50,0,50,50,6,0,44,6,0.12,0.0,0.88,0.12,factory_roundtrip_ms,201.55388000000002,202.4735,235.4361,239.78955,252.85773999999998,81.49939178,121.19416629999999,82.60855122,122.23424374999999,82.6600247,122.29045054999999,90.0,3.0,raw_prb_pct_cpu_product,270.0,0.5,1.0,60.0,correct_parts_per_min,7.199999999999999,0.0004444444444444444,0.0004444444444444444,0.026666666666666665,-1.8000000000000007,False,,,
run_071_20260629_214318_slice_ul85_dl50_edge_cpu3_bg30m_ul_best_n_320x180_speed1p5_raw,automated_experiments/results/run_071_20260629_214318_slice_ul85_dl50_edge_cpu3_bg30m_ul_best_n_320x180_speed1p5_raw,slice_ul85_dl50,85.0,50.0,edge_cpu3,3.0,0.375,320,180,320x180,1.5,best_n.pt,best_n.pt,raw,30.0,ul,oaitun_ue2,completed,False,50,0,50,50,7,0,43,7,0.14,0.0,0.86,0.14,factory_roundtrip_ms,219.90312000000003,215.38799999999998,254.2971,257.53605,264.17947,93.7190501,129.4573906,94.87659,130.70609449999998,94.94428023999998,130.77659254999998,85.0,3.0,raw_prb_pct_cpu_product,255.0,0.75,1.0,90.0,correct_parts_per_min,12.600000000000001,0.0005490196078431374,0.0005490196078431374,0.049411764705882356,4.100000000000001,False,,,
run_071_20260704_193029_slice_ul90_dl50_edge_cpu3_bg30m_ul_best_n_320x180_speed1p5_raw,automated_experiments/results/run_071_20260704_193029_slice_ul90_dl50_edge_cpu3_bg30m_ul_best_n_320x180_speed1p5_raw,slice_ul90_dl50,90.0,50.0,edge_cpu3,3.0,0.375,320,180,320x180,1.5,best_n.pt,best_n.pt,raw,30.0,ul,oaitun_ue2,completed,False,50,0,50,50,6,0,44,6,0.12,0.0,0.88,0.12,factory_roundtrip_ms,206.28286,199.857,239.11939999999998,244.12845,249.61638,85.10399136,121.81503849999999,86.25330356,123.16140684999999,86.31732475999999,123.35913245,90.0,3.0,raw_prb_pct_cpu_product,270.0,0.75,1.0,90.0,correct_parts_per_min,10.799999999999999,0.0004444444444444444,0.0004444444444444444,0.039999999999999994,1.799999999999999,False,,,
run_072_20260629_214747_slice_ul85_dl50_edge_cpu3_bg30m_ul_best_n_320x180_speed2p0_raw,automated_experiments/results/run_072_20260629_214747_slice_ul85_dl50_edge_cpu3_bg30m_ul_best_n_320x180_speed2p0_raw,slice_ul85_dl50,85.0,50.0,edge_cpu3,3.0,0.375,320,180,320x180,2.0,best_n.pt,best_n.pt,raw,30.0,ul,oaitun_ue2,completed,False,50,0,50,50,7,0,43,7,0.14,0.0,0.86,0.14,factory_roundtrip_ms,213.65092,209.71249999999998,247.6139,251.23534999999998,268.60033999999996,89.5073076,126.58952769999999,90.55079644,127.603101,90.60157636,127.64291444999999,85.0,3.0,raw_prb_pct_cpu_product,255.0,1.0,1.0,120.0,correct_parts_per_min,16.8,0.0005490196078431374,0.0005490196078431374,0.06588235294117648,8.3,False,,,
run_072_20260704_193441_slice_ul90_dl50_edge_cpu3_bg30m_ul_best_n_320x180_speed2p0_raw,automated_experiments/results/run_072_20260704_193441_slice_ul90_dl50_edge_cpu3_bg30m_ul_best_n_320x180_speed2p0_raw,slice_ul90_dl50,90.0,50.0,edge_cpu3,3.0,0.375,320,180,320x180,2.0,best_n.pt,best_n.pt,raw,30.0,ul,oaitun_ue2,completed,False,50,0,50,50,5,0,45,5,0.1,0.0,0.9,0.1,factory_roundtrip_ms,210.15145999999996,204.0165,239.06840000000003,242.3749,265.36182999999994,89.33033791999998,122.3520567,90.45897057999998,123.76967705,90.52248570000002,123.81605625,90.0,3.0,raw_prb_pct_cpu_product,270.0,1.0,1.0,120.0,correct_parts_per_min,12.0,0.0003703703703703704,0.0003703703703703704,0.044444444444444446,3.0,False,,,
run_073_20260629_215157_slice_ul85_dl50_edge_cpu2_bg30m_ul_best_n_1280x720_speed0p5_raw,automated_experiments/results/run_073_20260629_215157_slice_ul85_dl50_edge_cpu2_bg30m_ul_best_n_1280x720_speed0p5_raw,slice_ul85_dl50,85.0,50.0,edge_cpu2,2.0,0.25,1280,720,1280x720,0.5,best_n.pt,best_n.pt,raw,30.0,ul,oaitun_ue2,completed,False,63,13,50,50,27,0,23,27,0.54,0.0,0.46,0.54,factory_roundtrip_ms,693.0588,690.15,722.4951,739.6929499999999,797.5344399999999,177.8875256,221.9195825,187.93676028000004,235.97731229999997,188.63546852000002,236.40722379999997,85.0,2.0,raw_prb_pct_cpu_product,170.0,0.25,1.0,30.0,correct_parts_per_min,16.200000000000003,0.0031764705882352945,0.0031764705882352945,0.09529411764705883,10.533333333333335,False,,,
run_073_20260704_193836_slice_ul90_dl50_edge_cpu2_bg30m_ul_best_n_1280x720_speed0p5_raw,automated_experiments/results/run_073_20260704_193836_slice_ul90_dl50_edge_cpu2_bg30m_ul_best_n_1280x720_speed0p5_raw,slice_ul90_dl50,90.0,50.0,edge_cpu2,2.0,0.25,1280,720,1280x720,0.5,best_n.pt,best_n.pt,raw,30.0,ul,oaitun_ue2,completed,False,51,1,50,50,27,0,23,27,0.54,0.0,0.46,0.54,factory_roundtrip_ms,668.1501400000001,672.3875,709.8407,715.26875,755.5296499999998,165.8840247,212.07901585,175.84928909999996,221.0572002,176.56986664,221.42573959999999,90.0,2.0,raw_prb_pct_cpu_product,180.0,0.25,1.0,30.0,correct_parts_per_min,16.200000000000003,0.003,0.003,0.09000000000000001,10.200000000000003,False,,,
run_074_20260629_220112_slice_ul85_dl50_edge_cpu2_bg30m_ul_best_n_1280x720_speed1p0_raw,automated_experiments/results/run_074_20260629_220112_slice_ul85_dl50_edge_cpu2_bg30m_ul_best_n_1280x720_speed1p0_raw,slice_ul85_dl50,85.0,50.0,edge_cpu2,2.0,0.25,1280,720,1280x720,1.0,best_n.pt,best_n.pt,raw,30.0,ul,oaitun_ue2,completed,False,142,92,50,50,30,0,20,30,0.6,0.0,0.4,0.6,factory_roundtrip_ms,686.1706399999999,689.3865000000001,745.4203,770.3838499999999,860.5998199999998,178.19409656000005,272.44777094999995,186.16707560000003,280.09843874999996,186.59386566,280.33367039999996,85.0,2.0,raw_prb_pct_cpu_product,170.0,0.5,1.0,60.0,correct_parts_per_min,36.0,0.003529411764705882,0.003529411764705882,0.21176470588235294,30.333333333333332,False,29.999939300028934,13.491069043964567,1.067659853257733
run_074_20260704_194549_slice_ul90_dl50_edge_cpu2_bg30m_ul_best_n_1280x720_speed1p0_raw,automated_experiments/results/run_074_20260704_194549_slice_ul90_dl50_edge_cpu2_bg30m_ul_best_n_1280x720_speed1p0_raw,slice_ul90_dl50,90.0,50.0,edge_cpu2,2.0,0.25,1280,720,1280x720,1.0,best_n.pt,best_n.pt,raw,30.0,ul,oaitun_ue2,completed,False,71,21,50,50,29,0,21,29,0.58,0.0,0.42,0.58,factory_roundtrip_ms,673.54678,667.364,714.5409000000001,723.38845,748.1179299999999,170.79892400000006,215.0715358,178.61790625999998,223.2856521,179.17812042000006,223.57376434999998,90.0,2.0,raw_prb_pct_cpu_product,180.0,0.5,1.0,60.0,correct_parts_per_min,34.8,0.003222222222222222,0.003222222222222222,0.19333333333333333,28.799999999999997,False,,,
run_075_20260629_221300_slice_ul85_dl50_edge_cpu2_bg30m_ul_best_n_1280x720_speed1p5_raw,automated_experiments/results/run_075_20260629_221300_slice_ul85_dl50_edge_cpu2_bg30m_ul_best_n_1280x720_speed1p5_raw,slice_ul85_dl50,85.0,50.0,edge_cpu2,2.0,0.25,1280,720,1280x720,1.5,best_n.pt,best_n.pt,raw,30.0,ul,oaitun_ue2,completed,False,74,24,50,50,6,43,1,6,0.12,0.86,0.02,0.12,factory_roundtrip_ms,712.66576,707.1095,768.4365,915.66245,970.2136299999999,196.76586892,396.29529914999995,204.59942328,402.40869499999997,205.07650105999997,402.86468974999997,85.0,2.0,raw_prb_pct_cpu_product,170.0,0.75,1.0,90.0,correct_parts_per_min,10.799999999999999,0.0007058823529411764,0.0007058823529411764,0.06352941176470588,5.133333333333332,False,,,
run_075_20260704_195216_slice_ul90_dl50_edge_cpu2_bg30m_ul_best_n_1280x720_speed1p5_raw,automated_experiments/results/run_075_20260704_195216_slice_ul90_dl50_edge_cpu2_bg30m_ul_best_n_1280x720_speed1p5_raw,slice_ul90_dl50,90.0,50.0,edge_cpu2,2.0,0.25,1280,720,1280x720,1.5,best_n.pt,best_n.pt,raw,30.0,ul,oaitun_ue2,completed,False,53,3,50,50,8,41,1,8,0.16,0.82,0.02,0.16,factory_roundtrip_ms,681.1550199999999,678.2090000000001,712.346,716.21325,891.7718799999996,172.58116142,205.4046919,181.22002642000004,213.77592675,181.69549185999998,214.1381532,90.0,2.0,raw_prb_pct_cpu_product,180.0,0.75,1.0,90.0,correct_parts_per_min,14.4,0.0008888888888888889,0.0008888888888888889,0.08,8.4,False,,,
run_076_20260629_221911_slice_ul85_dl50_edge_cpu2_bg30m_ul_best_n_1280x720_speed2p0_raw,automated_experiments/results/run_076_20260629_221911_slice_ul85_dl50_edge_cpu2_bg30m_ul_best_n_1280x720_speed2p0_raw,slice_ul85_dl50,85.0,50.0,edge_cpu2,2.0,0.25,1280,720,1280x720,2.0,best_n.pt,best_n.pt,raw,30.0,ul,oaitun_ue2,completed,False,70,20,50,50,0,50,0,0,0.0,1.0,0.0,0.0,factory_roundtrip_ms,689.6540400000001,689.3615,723.9938,733.4812999999999,773.5084699999999,168.60339020000004,207.4113258,178.62651042,215.18783284999998,179.25874774,215.74603679999998,85.0,2.0,raw_prb_pct_cpu_product,170.0,1.0,1.0,120.0,correct_parts_per_min,0.0,0.0,0.0,0.0,-5.666666666666667,False,,,
run_076_20260704_195647_slice_ul90_dl50_edge_cpu2_bg30m_ul_best_n_1280x720_speed2p0_raw,automated_experiments/results/run_076_20260704_195647_slice_ul90_dl50_edge_cpu2_bg30m_ul_best_n_1280x720_speed2p0_raw,slice_ul90_dl50,90.0,50.0,edge_cpu2,2.0,0.25,1280,720,1280x720,2.0,best_n.pt,best_n.pt,raw,30.0,ul,oaitun_ue2,completed,False,51,1,50,50,0,50,0,0,0.0,1.0,0.0,0.0,factory_roundtrip_ms,698.03,686.842,790.4541,839.6187999999999,914.5614099999999,185.93080116000002,310.80032134999993,199.64187194000002,344.22641354999985,200.55935014,344.52070549999985,90.0,2.0,raw_prb_pct_cpu_product,180.0,1.0,1.0,120.0,correct_parts_per_min,0.0,0.0,0.0,0.0,-6.0,False,,,
run_077_20260629_222436_slice_ul85_dl50_edge_cpu2_bg30m_ul_best_n_640x360_speed0p5_raw,automated_experiments/results/run_077_20260629_222436_slice_ul85_dl50_edge_cpu2_bg30m_ul_best_n_640x360_speed0p5_raw,slice_ul85_dl50,85.0,50.0,edge_cpu2,2.0,0.25,640,360,640x360,0.5,best_n.pt,best_n.pt,raw,30.0,ul,oaitun_ue2,completed,False,51,1,50,50,13,0,37,13,0.26,0.0,0.74,0.26,factory_roundtrip_ms,443.4273199999999,442.3645,479.1235,483.63925,554.57963,184.25604923999998,225.48468469999997,186.70248738,227.73091354999997,186.80826687999996,227.81222434999998,85.0,2.0,raw_prb_pct_cpu_product,170.0,0.25,1.0,30.0,correct_parts_per_min,7.800000000000001,0.0015294117647058824,0.0015294117647058824,0.04588235294117647,2.1333333333333337,False,,,
run_077_20260704_200052_slice_ul90_dl50_edge_cpu2_bg30m_ul_best_n_640x360_speed0p5_raw,automated_experiments/results/run_077_20260704_200052_slice_ul90_dl50_edge_cpu2_bg30m_ul_best_n_640x360_speed0p5_raw,slice_ul90_dl50,90.0,50.0,edge_cpu2,2.0,0.25,640,360,640x360,0.5,best_n.pt,best_n.pt,raw,30.0,ul,oaitun_ue2,completed,False,50,0,50,50,12,0,38,12,0.24,0.0,0.76,0.24,factory_roundtrip_ms,426.06305999999995,428.764,461.1804,469.48234999999994,499.2042699999999,174.44548355999999,214.58244345,176.78731799999997,216.62591139999998,176.91871984000002,216.8877683,90.0,2.0,raw_prb_pct_cpu_product,180.0,0.25,1.0,30.0,correct_parts_per_min,7.199999999999999,0.0013333333333333333,0.0013333333333333333,0.039999999999999994,1.1999999999999993,False,,,
run_078_20260629_223219_slice_ul85_dl50_edge_cpu2_bg30m_ul_best_n_640x360_speed1p0_raw,automated_experiments/results/run_078_20260629_223219_slice_ul85_dl50_edge_cpu2_bg30m_ul_best_n_640x360_speed1p0_raw,slice_ul85_dl50,85.0,50.0,edge_cpu2,2.0,0.25,640,360,640x360,1.0,best_n.pt,best_n.pt,raw,30.0,ul,oaitun_ue2,completed,False,75,25,50,50,11,0,39,11,0.22,0.0,0.78,0.22,factory_roundtrip_ms,438.13815999999997,439.76149999999996,481.1231,521.4784,549.7609,181.31829280000002,267.4175652999999,183.86625094,269.66904324999996,183.95776174,269.7706914,85.0,2.0,raw_prb_pct_cpu_product,170.0,0.5,1.0,60.0,correct_parts_per_min,13.2,0.0012941176470588236,0.0012941176470588236,0.0776470588235294,7.533333333333332,False,,,
run_078_20260704_200802_slice_ul90_dl50_edge_cpu2_bg30m_ul_best_n_640x360_speed1p0_raw,automated_experiments/results/run_078_20260704_200802_slice_ul90_dl50_edge_cpu2_bg30m_ul_best_n_640x360_speed1p0_raw,slice_ul90_dl50,90.0,50.0,edge_cpu2,2.0,0.25,640,360,640x360,1.0,best_n.pt,best_n.pt,raw,30.0,ul,oaitun_ue2,completed,False,54,4,50,50,12,0,38,12,0.24,0.0,0.76,0.24,factory_roundtrip_ms,423.59958000000006,428.9645,454.8167,463.82475,464.89424,175.3015293,213.4268138,177.85024738,216.08878425,177.92847352,216.16017825,90.0,2.0,raw_prb_pct_cpu_product,180.0,0.5,1.0,60.0,correct_parts_per_min,14.399999999999999,0.0013333333333333333,0.0013333333333333333,0.07999999999999999,8.399999999999999,False,,,
run_079_20260629_223938_slice_ul85_dl50_edge_cpu2_bg30m_ul_best_n_640x360_speed1p5_raw,automated_experiments/results/run_079_20260629_223938_slice_ul85_dl50_edge_cpu2_bg30m_ul_best_n_640x360_speed1p5_raw,slice_ul85_dl50,85.0,50.0,edge_cpu2,2.0,0.25,640,360,640x360,1.5,best_n.pt,best_n.pt,raw,30.0,ul,oaitun_ue2,completed,False,54,4,50,50,11,1,38,11,0.22,0.02,0.76,0.22,factory_roundtrip_ms,429.22327999999993,419.75,463.7699,472.21479999999997,589.3489399999995,170.96736272,211.83041565,173.41643754,214.0162093,173.50391148000003,214.16276455000002,85.0,2.0,raw_prb_pct_cpu_product,170.0,0.75,1.0,90.0,correct_parts_per_min,19.8,0.0012941176470588236,0.0012941176470588236,0.11647058823529412,14.133333333333333,False,,,
run_079_20260704_201319_slice_ul90_dl50_edge_cpu2_bg30m_ul_best_n_640x360_speed1p5_raw,automated_experiments/results/run_079_20260704_201319_slice_ul90_dl50_edge_cpu2_bg30m_ul_best_n_640x360_speed1p5_raw,slice_ul90_dl50,90.0,50.0,edge_cpu2,2.0,0.25,640,360,640x360,1.5,best_n.pt,best_n.pt,raw,30.0,ul,oaitun_ue2,completed,False,50,0,50,50,12,0,38,12,0.24,0.0,0.76,0.24,factory_roundtrip_ms,420.19818,414.2255,469.7788,479.5223,536.6171299999997,169.4343884,226.20719484999998,171.80616481999996,229.50358364999997,171.89411650000002,229.55346285,90.0,2.0,raw_prb_pct_cpu_product,180.0,0.75,1.0,90.0,correct_parts_per_min,21.599999999999998,0.0013333333333333333,0.0013333333333333333,0.11999999999999998,15.599999999999998,False,,,
run_080_20260629_224433_slice_ul85_dl50_edge_cpu2_bg30m_ul_best_n_640x360_speed2p0_raw,automated_experiments/results/run_080_20260629_224433_slice_ul85_dl50_edge_cpu2_bg30m_ul_best_n_640x360_speed2p0_raw,slice_ul85_dl50,85.0,50.0,edge_cpu2,2.0,0.25,640,360,640x360,2.0,best_n.pt,best_n.pt,raw,30.0,ul,oaitun_ue2,completed,False,51,1,50,50,14,2,34,14,0.28,0.04,0.68,0.28,factory_roundtrip_ms,443.5095800000001,443.0325,478.5903,488.9745,530.0992899999999,184.89372425999997,229.94014815,187.79054964000002,232.66878345,187.92671167999998,232.83417895,85.0,2.0,raw_prb_pct_cpu_product,170.0,1.0,1.0,120.0,correct_parts_per_min,33.6,0.0016470588235294118,0.0016470588235294118,0.19764705882352943,27.933333333333334,False,,,
run_080_20260704_201741_slice_ul90_dl50_edge_cpu2_bg30m_ul_best_n_640x360_speed2p0_raw,automated_experiments/results/run_080_20260704_201741_slice_ul90_dl50_edge_cpu2_bg30m_ul_best_n_640x360_speed2p0_raw,slice_ul90_dl50,90.0,50.0,edge_cpu2,2.0,0.25,640,360,640x360,2.0,best_n.pt,best_n.pt,raw,30.0,ul,oaitun_ue2,completed,False,50,0,50,50,14,4,32,14,0.28,0.08,0.64,0.28,factory_roundtrip_ms,440.2549000000001,432.21299999999997,476.5623,527.0418499999998,625.9936599999999,189.0823441,266.05111124999985,191.87373454000002,277.0641154499999,192.00074952000003,277.8341812499999,90.0,2.0,raw_prb_pct_cpu_product,180.0,1.0,1.0,120.0,correct_parts_per_min,33.6,0.0015555555555555557,0.0015555555555555557,0.18666666666666668,27.6,False,,,
run_081_20260629_224900_slice_ul85_dl50_edge_cpu2_bg30m_ul_best_n_320x180_speed0p5_raw,automated_experiments/results/run_081_20260629_224900_slice_ul85_dl50_edge_cpu2_bg30m_ul_best_n_320x180_speed0p5_raw,slice_ul85_dl50,85.0,50.0,edge_cpu2,2.0,0.25,320,180,320x180,0.5,best_n.pt,best_n.pt,raw,30.0,ul,oaitun_ue2,completed,False,50,0,50,50,6,0,44,6,0.12,0.0,0.88,0.12,factory_roundtrip_ms,298.44444,300.07500000000005,328.9559,339.7636,367.60898999999995,171.79070418,209.4787583,172.92407865999996,210.52427295,172.98444442,210.565239,85.0,2.0,raw_prb_pct_cpu_product,170.0,0.25,1.0,30.0,correct_parts_per_min,3.5999999999999996,0.0007058823529411764,0.0007058823529411764,0.021176470588235293,-2.0666666666666673,False,,,
run_081_20260704_202146_slice_ul90_dl50_edge_cpu2_bg30m_ul_best_n_320x180_speed0p5_raw,automated_experiments/results/run_081_20260704_202146_slice_ul90_dl50_edge_cpu2_bg30m_ul_best_n_320x180_speed0p5_raw,slice_ul90_dl50,90.0,50.0,edge_cpu2,2.0,0.25,320,180,320x180,0.5,best_n.pt,best_n.pt,raw,30.0,ul,oaitun_ue2,completed,False,50,0,50,50,6,0,44,6,0.12,0.0,0.88,0.12,factory_roundtrip_ms,289.37116,288.386,330.8601,333.6793,363.42157999999995,168.36859484000001,213.36527235,169.4567858,214.53357795,169.51477595999998,214.58302085,90.0,2.0,raw_prb_pct_cpu_product,180.0,0.25,1.0,30.0,correct_parts_per_min,3.5999999999999996,0.0006666666666666666,0.0006666666666666666,0.019999999999999997,-2.4000000000000004,False,,,
run_082_20260629_225640_slice_ul85_dl50_edge_cpu2_bg30m_ul_best_n_320x180_speed1p0_raw,automated_experiments/results/run_082_20260629_225640_slice_ul85_dl50_edge_cpu2_bg30m_ul_best_n_320x180_speed1p0_raw,slice_ul85_dl50,85.0,50.0,edge_cpu2,2.0,0.25,320,180,320x180,1.0,best_n.pt,best_n.pt,raw,30.0,ul,oaitun_ue2,completed,False,55,5,50,50,6,0,44,6,0.12,0.0,0.88,0.12,factory_roundtrip_ms,289.93393999999995,288.052,331.8469,359.5510999999999,440.16709999999995,165.58573884,236.15904774999993,166.6444055,237.2030616499999,166.69124091999998,237.24907909999993,85.0,2.0,raw_prb_pct_cpu_product,170.0,0.5,1.0,60.0,correct_parts_per_min,7.199999999999999,0.0007058823529411764,0.0007058823529411764,0.042352941176470586,1.5333333333333323,False,,,
run_082_20260704_202857_slice_ul90_dl50_edge_cpu2_bg30m_ul_best_n_320x180_speed1p0_raw,automated_experiments/results/run_082_20260704_202857_slice_ul90_dl50_edge_cpu2_bg30m_ul_best_n_320x180_speed1p0_raw,slice_ul90_dl50,90.0,50.0,edge_cpu2,2.0,0.25,320,180,320x180,1.0,best_n.pt,best_n.pt,raw,30.0,ul,oaitun_ue2,completed,False,50,0,50,50,5,0,45,5,0.1,0.0,0.9,0.1,factory_roundtrip_ms,277.42493999999994,285.57849999999996,326.69280000000003,328.4857,367.4061999999999,155.99201582,207.24940109999997,158.48547462,208.5892643,158.53792034000003,208.6862674,90.0,2.0,raw_prb_pct_cpu_product,180.0,0.5,1.0,60.0,correct_parts_per_min,6.0,0.0005555555555555556,0.0005555555555555556,0.03333333333333333,0.0,False,,,
run_083_20260629_230226_slice_ul85_dl50_edge_cpu2_bg30m_ul_best_n_320x180_speed1p5_raw,automated_experiments/results/run_083_20260629_230226_slice_ul85_dl50_edge_cpu2_bg30m_ul_best_n_320x180_speed1p5_raw,slice_ul85_dl50,85.0,50.0,edge_cpu2,2.0,0.25,320,180,320x180,1.5,best_n.pt,best_n.pt,raw,30.0,ul,oaitun_ue2,completed,False,51,1,50,50,6,0,44,6,0.12,0.0,0.88,0.12,factory_roundtrip_ms,294.27436,293.0185,343.3781,347.56795,392.4692999999998,168.97705844,221.54626575,170.10542914,222.6989113,170.16968741999997,222.75713355,85.0,2.0,raw_prb_pct_cpu_product,170.0,0.75,1.0,90.0,correct_parts_per_min,10.799999999999999,0.0007058823529411764,0.0007058823529411764,0.06352941176470588,5.133333333333332,False,,,
run_083_20260704_203401_slice_ul90_dl50_edge_cpu2_bg30m_ul_best_n_320x180_speed1p5_raw,automated_experiments/results/run_083_20260704_203401_slice_ul90_dl50_edge_cpu2_bg30m_ul_best_n_320x180_speed1p5_raw,slice_ul90_dl50,90.0,50.0,edge_cpu2,2.0,0.25,320,180,320x180,1.5,best_n.pt,best_n.pt,raw,30.0,ul,oaitun_ue2,completed,False,50,0,50,50,6,1,43,6,0.12,0.02,0.86,0.12,factory_roundtrip_ms,293.55808,280.8245,331.3694,340.2324,523.6461699999993,172.95000398,223.8876381,174.32396593999994,225.2659531,174.39094758,225.41151865,90.0,2.0,raw_prb_pct_cpu_product,180.0,0.75,1.0,90.0,correct_parts_per_min,10.799999999999999,0.0006666666666666666,0.0006666666666666666,0.05999999999999999,4.799999999999999,False,,,
run_084_20260629_230712_slice_ul85_dl50_edge_cpu2_bg30m_ul_best_n_320x180_speed2p0_raw,automated_experiments/results/run_084_20260629_230712_slice_ul85_dl50_edge_cpu2_bg30m_ul_best_n_320x180_speed2p0_raw,slice_ul85_dl50,85.0,50.0,edge_cpu2,2.0,0.25,320,180,320x180,2.0,best_n.pt,best_n.pt,raw,30.0,ul,oaitun_ue2,completed,False,50,0,50,50,6,0,44,6,0.12,0.0,0.88,0.12,factory_roundtrip_ms,296.70315999999997,293.166,337.0761,343.71229999999997,381.03738,172.34414331999997,222.7692027,173.59837556,223.75464549999998,173.68053500000002,223.8010182,85.0,2.0,raw_prb_pct_cpu_product,170.0,1.0,1.0,120.0,correct_parts_per_min,14.399999999999999,0.0007058823529411764,0.0007058823529411764,0.08470588235294117,8.73333333333333,False,,,
run_084_20260704_203825_slice_ul90_dl50_edge_cpu2_bg30m_ul_best_n_320x180_speed2p0_raw,automated_experiments/results/run_084_20260704_203825_slice_ul90_dl50_edge_cpu2_bg30m_ul_best_n_320x180_speed2p0_raw,slice_ul90_dl50,90.0,50.0,edge_cpu2,2.0,0.25,320,180,320x180,2.0,best_n.pt,best_n.pt,raw,30.0,ul,oaitun_ue2,completed,False,50,0,50,50,6,0,44,6,0.12,0.0,0.88,0.12,factory_roundtrip_ms,279.03006,277.5395,323.9898,327.94780000000003,361.3878099999999,157.15169414,207.96462909999997,158.24059004,209.32032205,158.29751738,209.39309225,90.0,2.0,raw_prb_pct_cpu_product,180.0,1.0,1.0,120.0,correct_parts_per_min,14.399999999999999,0.0006666666666666666,0.0006666666666666666,0.07999999999999999,8.399999999999999,False,,,
run_085_20260629_231138_slice_ul85_dl50_edge_cpu1_bg30m_ul_best_n_1280x720_speed0p5_raw,automated_experiments/results/run_085_20260629_231138_slice_ul85_dl50_edge_cpu1_bg30m_ul_best_n_1280x720_speed0p5_raw,slice_ul85_dl50,85.0,50.0,edge_cpu1,1.0,0.125,1280,720,1280x720,0.5,best_n.pt,best_n.pt,raw,30.0,ul,oaitun_ue2,completed,False,60,10,50,50,29,0,21,29,0.58,0.0,0.42,0.58,factory_roundtrip_ms,1046.12356,1038.443,1164.2676999999999,1190.58685,1241.73877,530.4343626,670.2989544,540.77232042,677.26587065,541.37860854,677.6046407499999,85.0,1.0,raw_prb_pct_cpu_product,85.0,0.25,1.0,30.0,correct_parts_per_min,17.4,0.006823529411764706,0.006823529411764706,0.20470588235294115,14.566666666666665,False,,,
run_085_20260704_204231_slice_ul90_dl50_edge_cpu1_bg30m_ul_best_n_1280x720_speed0p5_raw,automated_experiments/results/run_085_20260704_204231_slice_ul90_dl50_edge_cpu1_bg30m_ul_best_n_1280x720_speed0p5_raw,slice_ul90_dl50,90.0,50.0,edge_cpu1,1.0,0.125,1280,720,1280x720,0.5,best_n.pt,best_n.pt,raw,30.0,ul,oaitun_ue2,completed,False,50,0,50,50,26,0,24,26,0.52,0.0,0.48,0.52,factory_roundtrip_ms,995.5631,971.4065,1066.656,1108.0105999999998,1459.2562299999995,493.90126354,609.4202395999998,504.3341321,617.3464976499998,505.11358829999995,617.8424933999999,90.0,1.0,raw_prb_pct_cpu_product,90.0,0.25,1.0,30.0,correct_parts_per_min,15.600000000000001,0.005777777777777778,0.005777777777777778,0.17333333333333334,12.600000000000001,False,,,
run_086_20260629_232037_slice_ul85_dl50_edge_cpu1_bg30m_ul_best_n_1280x720_speed1p0_raw,automated_experiments/results/run_086_20260629_232037_slice_ul85_dl50_edge_cpu1_bg30m_ul_best_n_1280x720_speed1p0_raw,slice_ul85_dl50,85.0,50.0,edge_cpu1,1.0,0.125,1280,720,1280x720,1.0,best_n.pt,best_n.pt,raw,30.0,ul,oaitun_ue2,completed,False,134,84,50,50,17,19,14,17,0.34,0.38,0.28,0.34,factory_roundtrip_ms,984.0106999999999,975.375,1073.7591,1090.7157,1161.5329199999999,474.55767432,574.1928785,484.78798744,583.08589545,485.07764805999994,583.39943295,85.0,1.0,raw_prb_pct_cpu_product,85.0,0.5,1.0,60.0,correct_parts_per_min,20.400000000000002,0.004,0.004,0.24000000000000002,17.56666666666667,False,29.99994265002093,14.34661312276163,0.47579563662051755
run_086_20260704_204953_slice_ul90_dl50_edge_cpu1_bg30m_ul_best_n_1280x720_speed1p0_raw,automated_experiments/results/run_086_20260704_204953_slice_ul90_dl50_edge_cpu1_bg30m_ul_best_n_1280x720_speed1p0_raw,slice_ul90_dl50,90.0,50.0,edge_cpu1,1.0,0.125,1280,720,1280x720,1.0,best_n.pt,best_n.pt,raw,30.0,ul,oaitun_ue2,completed,False,71,21,50,50,18,18,14,18,0.36,0.36,0.28,0.36,factory_roundtrip_ms,977.39368,960.7139999999999,1051.9561999999999,1140.8908499999995,1223.93412,475.31183382,631.4838182999997,483.92891218000005,640.6077244999997,484.3106869800001,640.8199139999996,90.0,1.0,raw_prb_pct_cpu_product,90.0,0.5,1.0,60.0,correct_parts_per_min,21.599999999999998,0.004,0.004,0.23999999999999996,18.599999999999998,False,,,
run_087_20260629_233226_slice_ul85_dl50_edge_cpu1_bg30m_ul_best_n_1280x720_speed1p5_raw,automated_experiments/results/run_087_20260629_233226_slice_ul85_dl50_edge_cpu1_bg30m_ul_best_n_1280x720_speed1p5_raw,slice_ul85_dl50,85.0,50.0,edge_cpu1,1.0,0.125,1280,720,1280x720,1.5,best_n.pt,best_n.pt,raw,30.0,ul,oaitun_ue2,completed,False,78,28,50,50,0,50,0,0,0.0,1.0,0.0,0.0,factory_roundtrip_ms,1004.6717600000002,987.496,1113.1128,1163.99895,1187.8382,485.41166098,640.48999,496.5307539399999,648.97093605,497.03021518,649.2263991,85.0,1.0,raw_prb_pct_cpu_product,85.0,0.75,1.0,90.0,correct_parts_per_min,0.0,0.0,0.0,0.0,-2.8333333333333335,False,,,
run_087_20260704_205629_slice_ul90_dl50_edge_cpu1_bg30m_ul_best_n_1280x720_speed1p5_raw,automated_experiments/results/run_087_20260704_205629_slice_ul90_dl50_edge_cpu1_bg30m_ul_best_n_1280x720_speed1p5_raw,slice_ul90_dl50,90.0,50.0,edge_cpu1,1.0,0.125,1280,720,1280x720,1.5,best_n.pt,best_n.pt,raw,30.0,ul,oaitun_ue2,completed,False,50,0,50,50,0,50,0,0,0.0,1.0,0.0,0.0,factory_roundtrip_ms,973.1584600000001,968.302,1068.3246000000001,1103.0798,1135.4263899999999,462.07683174000005,595.2805838,470.13666437999996,601.7919452,470.67714207999995,602.3639429,90.0,1.0,raw_prb_pct_cpu_product,90.0,0.75,1.0,90.0,correct_parts_per_min,0.0,0.0,0.0,0.0,-3.0,False,,,
run_088_20260629_233914_slice_ul85_dl50_edge_cpu1_bg30m_ul_best_n_1280x720_speed2p0_raw,automated_experiments/results/run_088_20260629_233914_slice_ul85_dl50_edge_cpu1_bg30m_ul_best_n_1280x720_speed2p0_raw,slice_ul85_dl50,85.0,50.0,edge_cpu1,1.0,0.125,1280,720,1280x720,2.0,best_n.pt,best_n.pt,raw,30.0,ul,oaitun_ue2,completed,False,63,13,50,50,0,50,0,0,0.0,1.0,0.0,0.0,factory_roundtrip_ms,1010.7482999999999,973.5315,1106.6547,1260.3881499999998,1379.5359499999997,484.56478662,726.8325276999999,496.01167374,744.7178324999999,496.72025892,745.0598159999998,85.0,1.0,raw_prb_pct_cpu_product,85.0,1.0,1.0,120.0,correct_parts_per_min,0.0,0.0,0.0,0.0,-2.8333333333333335,False,,,
run_088_20260704_210101_slice_ul90_dl50_edge_cpu1_bg30m_ul_best_n_1280x720_speed2p0_raw,automated_experiments/results/run_088_20260704_210101_slice_ul90_dl50_edge_cpu1_bg30m_ul_best_n_1280x720_speed2p0_raw,slice_ul90_dl50,90.0,50.0,edge_cpu1,1.0,0.125,1280,720,1280x720,2.0,best_n.pt,best_n.pt,raw,30.0,ul,oaitun_ue2,completed,False,50,0,50,50,0,50,0,0,0.0,1.0,0.0,0.0,factory_roundtrip_ms,977.61364,947.634,1058.7215999999999,1191.1906999999999,1502.1080799999995,467.52781576,650.4944929999998,478.51746854000004,698.6759342,479.22789632,699.07744675,90.0,1.0,raw_prb_pct_cpu_product,90.0,1.0,1.0,120.0,correct_parts_per_min,0.0,0.0,0.0,0.0,-3.0,False,,,
run_089_20260629_234436_slice_ul85_dl50_edge_cpu1_bg30m_ul_best_n_640x360_speed0p5_raw,automated_experiments/results/run_089_20260629_234436_slice_ul85_dl50_edge_cpu1_bg30m_ul_best_n_640x360_speed0p5_raw,slice_ul85_dl50,85.0,50.0,edge_cpu1,1.0,0.125,640,360,640x360,0.5,best_n.pt,best_n.pt,raw,30.0,ul,oaitun_ue2,completed,False,52,2,50,50,15,0,35,15,0.3,0.0,0.7,0.3,factory_roundtrip_ms,767.0263999999999,757.5745,872.4882,899.4551499999999,948.84091,504.1234037400001,638.8605101499999,507.3872556199999,641.9136253499998,507.52913716,642.1926190999999,85.0,1.0,raw_prb_pct_cpu_product,85.0,0.25,1.0,30.0,correct_parts_per_min,9.0,0.003529411764705882,0.003529411764705882,0.10588235294117647,6.166666666666666,False,,,
run_089_20260704_210514_slice_ul90_dl50_edge_cpu1_bg30m_ul_best_n_640x360_speed0p5_raw,automated_experiments/results/run_089_20260704_210514_slice_ul90_dl50_edge_cpu1_bg30m_ul_best_n_640x360_speed0p5_raw,slice_ul90_dl50,90.0,50.0,edge_cpu1,1.0,0.125,640,360,640x360,0.5,best_n.pt,best_n.pt,raw,30.0,ul,oaitun_ue2,completed,False,50,0,50,50,15,0,35,15,0.3,0.0,0.7,0.3,factory_roundtrip_ms,762.8685,748.9894999999999,896.4392,949.3634,1014.6234299999998,509.60459488,690.96907265,513.77628378,693.782336,513.8598049799999,693.82454535,90.0,1.0,raw_prb_pct_cpu_product,90.0,0.25,1.0,30.0,correct_parts_per_min,9.0,0.003333333333333333,0.003333333333333333,0.1,6.0,False,,,
run_090_20260629_235245_slice_ul85_dl50_edge_cpu1_bg30m_ul_best_n_640x360_speed1p0_raw,automated_experiments/results/run_090_20260629_235245_slice_ul85_dl50_edge_cpu1_bg30m_ul_best_n_640x360_speed1p0_raw,slice_ul85_dl50,85.0,50.0,edge_cpu1,1.0,0.125,640,360,640x360,1.0,best_n.pt,best_n.pt,raw,30.0,ul,oaitun_ue2,completed,False,73,23,50,50,11,0,39,11,0.22,0.0,0.78,0.22,factory_roundtrip_ms,724.85544,705.3475000000001,842.6199,865.2316,934.88637,470.29831108000013,605.3387643,472.63398925999996,608.235659,472.72638622,608.37662605,85.0,1.0,raw_prb_pct_cpu_product,85.0,0.5,1.0,60.0,correct_parts_per_min,13.2,0.0025882352941176473,0.0025882352941176473,0.1552941176470588,10.366666666666665,False,,,
run_090_20260704_211237_slice_ul90_dl50_edge_cpu1_bg30m_ul_best_n_640x360_speed1p0_raw,automated_experiments/results/run_090_20260704_211237_slice_ul90_dl50_edge_cpu1_bg30m_ul_best_n_640x360_speed1p0_raw,slice_ul90_dl50,90.0,50.0,edge_cpu1,1.0,0.125,640,360,640x360,1.0,best_n.pt,best_n.pt,raw,30.0,ul,oaitun_ue2,completed,False,55,5,50,50,14,1,35,14,0.28,0.02,0.7,0.28,factory_roundtrip_ms,749.12522,740.4110000000001,866.8466000000001,949.7914,1173.7824199999993,500.54749418,697.9930801,502.92726139999996,700.906021,503.0166121,701.17373675,90.0,1.0,raw_prb_pct_cpu_product,90.0,0.5,1.0,60.0,correct_parts_per_min,16.8,0.0031111111111111114,0.0031111111111111114,0.18666666666666668,13.8,False,,,
run_091_20260630_000017_slice_ul85_dl50_edge_cpu1_bg30m_ul_best_n_640x360_speed1p5_raw,automated_experiments/results/run_091_20260630_000017_slice_ul85_dl50_edge_cpu1_bg30m_ul_best_n_640x360_speed1p5_raw,slice_ul85_dl50,85.0,50.0,edge_cpu1,1.0,0.125,640,360,640x360,1.5,best_n.pt,best_n.pt,raw,30.0,ul,oaitun_ue2,completed,False,50,0,50,50,1,40,9,1,0.02,0.8,0.18,0.02,factory_roundtrip_ms,716.5671599999998,711.282,821.4578,863.7911,966.7207399999995,459.42919625999986,601.9004841,461.83365894,605.2323809999999,461.9437914800001,605.36953905,85.0,1.0,raw_prb_pct_cpu_product,85.0,0.75,1.0,90.0,correct_parts_per_min,1.8,0.00023529411764705883,0.00023529411764705883,0.021176470588235293,-1.0333333333333334,False,,,
run_091_20260704_211809_slice_ul90_dl50_edge_cpu1_bg30m_ul_best_n_640x360_speed1p5_raw,automated_experiments/results/run_091_20260704_211809_slice_ul90_dl50_edge_cpu1_bg30m_ul_best_n_640x360_speed1p5_raw,slice_ul90_dl50,90.0,50.0,edge_cpu1,1.0,0.125,640,360,640x360,1.5,best_n.pt,best_n.pt,raw,30.0,ul,oaitun_ue2,completed,False,50,0,50,50,1,44,5,1,0.02,0.88,0.1,0.02,factory_roundtrip_ms,715.1119399999999,701.0955,815.7571,860.4518999999999,960.30477,458.64151959999987,609.9161753999999,462.77322832000004,612.05874965,462.88290912,612.1054407,90.0,1.0,raw_prb_pct_cpu_product,90.0,0.75,1.0,90.0,correct_parts_per_min,1.8,0.00022222222222222223,0.00022222222222222223,0.02,-1.2,False,,,
run_092_20260630_000515_slice_ul85_dl50_edge_cpu1_bg30m_ul_best_n_640x360_speed2p0_raw,automated_experiments/results/run_092_20260630_000515_slice_ul85_dl50_edge_cpu1_bg30m_ul_best_n_640x360_speed2p0_raw,slice_ul85_dl50,85.0,50.0,edge_cpu1,1.0,0.125,640,360,640x360,2.0,best_n.pt,best_n.pt,raw,30.0,ul,oaitun_ue2,completed,False,50,0,50,50,0,50,0,0,0.0,1.0,0.0,0.0,factory_roundtrip_ms,784.5534999999999,764.3845,883.7316000000001,931.6134,1055.4289399999998,528.02656988,683.60681985,530.36250144,685.8750382,530.4697419600001,685.9439931,85.0,1.0,raw_prb_pct_cpu_product,85.0,1.0,1.0,120.0,correct_parts_per_min,0.0,0.0,0.0,0.0,-2.8333333333333335,False,,,
run_092_20260704_212244_slice_ul90_dl50_edge_cpu1_bg30m_ul_best_n_640x360_speed2p0_raw,automated_experiments/results/run_092_20260704_212244_slice_ul90_dl50_edge_cpu1_bg30m_ul_best_n_640x360_speed2p0_raw,slice_ul90_dl50,90.0,50.0,edge_cpu1,1.0,0.125,640,360,640x360,2.0,best_n.pt,best_n.pt,raw,30.0,ul,oaitun_ue2,completed,False,50,0,50,50,0,50,0,0,0.0,1.0,0.0,0.0,factory_roundtrip_ms,745.0707199999998,735.8834999999999,839.9332,852.36035,1076.0700399999996,496.06853019999994,604.09061645,498.6164006000001,606.64056475,498.7020687399999,606.76907835,90.0,1.0,raw_prb_pct_cpu_product,90.0,1.0,1.0,120.0,correct_parts_per_min,0.0,0.0,0.0,0.0,-3.0,False,,,
run_093_20260630_000943_slice_ul85_dl50_edge_cpu1_bg30m_ul_best_n_320x180_speed0p5_raw,automated_experiments/results/run_093_20260630_000943_slice_ul85_dl50_edge_cpu1_bg30m_ul_best_n_320x180_speed0p5_raw,slice_ul85_dl50,85.0,50.0,edge_cpu1,1.0,0.125,320,180,320x180,0.5,best_n.pt,best_n.pt,raw,30.0,ul,oaitun_ue2,completed,False,50,0,50,50,6,0,44,6,0.12,0.0,0.88,0.12,factory_roundtrip_ms,650.3919999999999,649.403,783.9787,804.99965,876.3444999999998,525.59597586,676.3371443,526.82646686,678.118277,526.89320588,678.1615576,85.0,1.0,raw_prb_pct_cpu_product,85.0,0.25,1.0,30.0,correct_parts_per_min,3.5999999999999996,0.0014117647058823528,0.0014117647058823528,0.042352941176470586,0.7666666666666662,False,,,
run_093_20260704_212700_slice_ul90_dl50_edge_cpu1_bg30m_ul_best_n_320x180_speed0p5_raw,automated_experiments/results/run_093_20260704_212700_slice_ul90_dl50_edge_cpu1_bg30m_ul_best_n_320x180_speed0p5_raw,slice_ul90_dl50,90.0,50.0,edge_cpu1,1.0,0.125,320,180,320x180,0.5,best_n.pt,best_n.pt,raw,30.0,ul,oaitun_ue2,completed,False,50,0,50,50,5,0,45,5,0.1,0.0,0.9,0.1,factory_roundtrip_ms,623.2026799999999,601.0315,738.356,778.24895,951.3825799999995,500.57166065999996,658.8944664,501.71687899999995,660.0435684500001,501.77821101999996,660.1331568500001,90.0,1.0,raw_prb_pct_cpu_product,90.0,0.25,1.0,30.0,correct_parts_per_min,3.0,0.0011111111111111111,0.0011111111111111111,0.03333333333333333,0.0,False,,,
run_094_20260630_001731_slice_ul85_dl50_edge_cpu1_bg30m_ul_best_n_320x180_speed1p0_raw,automated_experiments/results/run_094_20260630_001731_slice_ul85_dl50_edge_cpu1_bg30m_ul_best_n_320x180_speed1p0_raw,slice_ul85_dl50,85.0,50.0,edge_cpu1,1.0,0.125,320,180,320x180,1.0,best_n.pt,best_n.pt,raw,30.0,ul,oaitun_ue2,completed,False,54,4,50,50,6,0,44,6,0.12,0.0,0.88,0.12,factory_roundtrip_ms,562.0604,563.764,636.4009,657.4386999999999,774.0674999999998,438.41252633999994,540.5752463499999,439.45778038,541.85521065,439.50650376000004,541.9235492,85.0,1.0,raw_prb_pct_cpu_product,85.0,0.5,1.0,60.0,correct_parts_per_min,7.199999999999999,0.0014117647058823528,0.0014117647058823528,0.08470588235294117,4.366666666666665,False,,,
run_094_20260704_213429_slice_ul90_dl50_edge_cpu1_bg30m_ul_best_n_320x180_speed1p0_raw,automated_experiments/results/run_094_20260704_213429_slice_ul90_dl50_edge_cpu1_bg30m_ul_best_n_320x180_speed1p0_raw,slice_ul90_dl50,90.0,50.0,edge_cpu1,1.0,0.125,320,180,320x180,1.0,best_n.pt,best_n.pt,raw,30.0,ul,oaitun_ue2,completed,False,50,0,50,50,6,0,44,6,0.12,0.0,0.88,0.12,factory_roundtrip_ms,549.64656,563.7515,630.2653,678.8639999999999,717.88233,429.06330746,554.3383469999999,430.12013116,555.6494188999999,430.17970772,555.6934339999999,90.0,1.0,raw_prb_pct_cpu_product,90.0,0.5,1.0,60.0,correct_parts_per_min,7.199999999999999,0.0013333333333333333,0.0013333333333333333,0.07999999999999999,4.199999999999999,False,,,
run_095_20260630_002340_slice_ul85_dl50_edge_cpu1_bg30m_ul_best_n_320x180_speed1p5_raw,automated_experiments/results/run_095_20260630_002340_slice_ul85_dl50_edge_cpu1_bg30m_ul_best_n_320x180_speed1p5_raw,slice_ul85_dl50,85.0,50.0,edge_cpu1,1.0,0.125,320,180,320x180,1.5,best_n.pt,best_n.pt,raw,30.0,ul,oaitun_ue2,completed,False,50,0,50,50,6,8,36,6,0.12,0.16,0.72,0.12,factory_roundtrip_ms,581.7952,565.3620000000001,667.4355,677.48735,846.2655699999996,455.54305206000004,552.78230975,456.71392841999995,553.94697575,456.7644507799999,554.0062183499999,85.0,1.0,raw_prb_pct_cpu_product,85.0,0.75,1.0,90.0,correct_parts_per_min,10.799999999999999,0.0014117647058823528,0.0014117647058823528,0.12705882352941175,7.966666666666665,False,,,
run_095_20260704_213945_slice_ul90_dl50_edge_cpu1_bg30m_ul_best_n_320x180_speed1p5_raw,automated_experiments/results/run_095_20260704_213945_slice_ul90_dl50_edge_cpu1_bg30m_ul_best_n_320x180_speed1p5_raw,slice_ul90_dl50,90.0,50.0,edge_cpu1,1.0,0.125,320,180,320x180,1.5,best_n.pt,best_n.pt,raw,30.0,ul,oaitun_ue2,completed,False,50,0,50,50,5,5,40,5,0.1,0.1,0.8,0.1,factory_roundtrip_ms,560.72856,573.7674999999999,648.1208,675.5122,688.01605,437.9502456800001,556.9721151,439.3282414,558.0751597999999,439.3981223800001,558.1569049,90.0,1.0,raw_prb_pct_cpu_product,90.0,0.75,1.0,90.0,correct_parts_per_min,9.0,0.0011111111111111111,0.0011111111111111111,0.1,6.0,False,,,
run_096_20260630_002828_slice_ul85_dl50_edge_cpu1_bg30m_ul_best_n_320x180_speed2p0_raw,automated_experiments/results/run_096_20260630_002828_slice_ul85_dl50_edge_cpu1_bg30m_ul_best_n_320x180_speed2p0_raw,slice_ul85_dl50,85.0,50.0,edge_cpu1,1.0,0.125,320,180,320x180,2.0,best_n.pt,best_n.pt,raw,30.0,ul,oaitun_ue2,completed,False,50,0,50,50,1,42,7,1,0.02,0.84,0.14,0.02,factory_roundtrip_ms,609.0231200000001,615.9875,712.337,722.64335,743.7301199999999,486.50995104000003,600.5370832,487.66713758,601.73992615,487.71659524,601.7761726,85.0,1.0,raw_prb_pct_cpu_product,85.0,1.0,1.0,120.0,correct_parts_per_min,2.4,0.00023529411764705883,0.00023529411764705883,0.028235294117647056,-0.43333333333333357,False,,,
run_096_20260704_214420_slice_ul90_dl50_edge_cpu1_bg30m_ul_best_n_320x180_speed2p0_raw,automated_experiments/results/run_096_20260704_214420_slice_ul90_dl50_edge_cpu1_bg30m_ul_best_n_320x180_speed2p0_raw,slice_ul90_dl50,90.0,50.0,edge_cpu1,1.0,0.125,320,180,320x180,2.0,best_n.pt,best_n.pt,raw,30.0,ul,oaitun_ue2,completed,False,50,0,50,50,1,39,10,1,0.02,0.78,0.2,0.02,factory_roundtrip_ms,580.69682,583.5875,704.7832,711.3992999999999,760.0803699999999,459.42968048,589.3642819,460.67990341999996,590.6302357000001,460.74792615999996,590.6649564500001,90.0,1.0,raw_prb_pct_cpu_product,90.0,1.0,1.0,120.0,correct_parts_per_min,2.4,0.00022222222222222223,0.00022222222222222223,0.026666666666666665,-0.6000000000000001,False,,,
run_097_20260619_023504_slice_ul25_dl50_edge_cpu8_bg30m_ul_best_n_1280x720_speed0p5_raw,automated_experiments/results/run_097_20260619_023504_slice_ul25_dl50_edge_cpu8_bg30m_ul_best_n_1280x720_speed0p5_raw,slice_ul25_dl50,25.0,50.0,edge_cpu8,8.0,1.0,1280,720,1280x720,0.5,best_n.pt,best_n.pt,raw,30.0,ul,oaitun_ue2,completed,False,68,18,50,50,27,0,23,27,0.54,0.0,0.46,0.54,factory_roundtrip_ms,1067.47588,1011.3209999999999,1243.8475000000003,1484.9450999999997,1577.99874,57.62005844,64.1237835,106.79212346,122.97428199999996,107.56069982,124.43446709999998,25.0,8.0,raw_prb_pct_cpu_product,200.0,0.25,1.0,30.0,correct_parts_per_min,16.200000000000003,0.0027,0.0027,0.08100000000000002,9.533333333333335,False,,,
run_098_20260619_024556_slice_ul25_dl50_edge_cpu8_bg30m_ul_best_n_1280x720_speed1p0_raw,automated_experiments/results/run_098_20260619_024556_slice_ul25_dl50_edge_cpu8_bg30m_ul_best_n_1280x720_speed1p0_raw,slice_ul25_dl50,25.0,50.0,edge_cpu8,8.0,1.0,1280,720,1280x720,1.0,best_n.pt,best_n.pt,raw,30.0,ul,oaitun_ue2,completed,False,120,70,50,50,16,24,10,16,0.32,0.48,0.2,0.32,factory_roundtrip_ms,1027.67184,993.049,1013.3159,1364.9837999999988,1577.2889799999998,55.7133499,64.556851,104.38061813999998,117.54173945,104.74383174,117.80447704999999,25.0,8.0,raw_prb_pct_cpu_product,200.0,0.5,1.0,60.0,correct_parts_per_min,19.2,0.0016,0.0016,0.096,12.533333333333331,False,29.999939700027937,0.0,0.7535662456505028
run_099_20260619_025816_slice_ul25_dl50_edge_cpu8_bg30m_ul_best_n_1280x720_speed1p5_raw,automated_experiments/results/run_099_20260619_025816_slice_ul25_dl50_edge_cpu8_bg30m_ul_best_n_1280x720_speed1p5_raw,slice_ul25_dl50,25.0,50.0,edge_cpu8,8.0,1.0,1280,720,1280x720,1.5,best_n.pt,best_n.pt,raw,30.0,ul,oaitun_ue2,completed,False,71,21,50,50,0,50,0,0,0.0,1.0,0.0,0.0,factory_roundtrip_ms,1100.0348199999999,995.0395,1579.5798,1593.2835499999999,1602.3829799999999,55.65364032,59.90885575,105.40782988000001,113.07688405,105.88495405999998,113.50416200000001,25.0,8.0,raw_prb_pct_cpu_product,200.0,0.75,1.0,90.0,correct_parts_per_min,0.0,0.0,0.0,0.0,-6.666666666666667,False,,,
run_100_20260619_030509_slice_ul25_dl50_edge_cpu8_bg30m_ul_best_n_1280x720_speed2p0_raw,automated_experiments/results/run_100_20260619_030509_slice_ul25_dl50_edge_cpu8_bg30m_ul_best_n_1280x720_speed2p0_raw,slice_ul25_dl50,25.0,50.0,edge_cpu8,8.0,1.0,1280,720,1280x720,2.0,best_n.pt,best_n.pt,raw,30.0,ul,oaitun_ue2,completed,False,66,16,50,50,0,50,0,0,0.0,1.0,0.0,0.0,factory_roundtrip_ms,1104.28042,996.7435,1565.6782,1600.01875,1729.2643599999997,58.160446580000006,64.8072664,109.49152762000001,128.04616204999996,109.94717088000002,128.36608429999998,25.0,8.0,raw_prb_pct_cpu_product,200.0,1.0,1.0,120.0,correct_parts_per_min,0.0,0.0,0.0,0.0,-6.666666666666667,False,,,
run_101_20260619_031117_slice_ul25_dl50_edge_cpu8_bg30m_ul_best_n_640x360_speed0p5_raw,automated_experiments/results/run_101_20260619_031117_slice_ul25_dl50_edge_cpu8_bg30m_ul_best_n_640x360_speed0p5_raw,slice_ul25_dl50,25.0,50.0,edge_cpu8,8.0,1.0,640,360,640x360,0.5,best_n.pt,best_n.pt,raw,30.0,ul,oaitun_ue2,completed,False,50,0,50,50,14,0,36,14,0.28,0.0,0.72,0.28,factory_roundtrip_ms,592.6386000000001,530.962,689.2911000000005,1142.3554499999998,1172.09998,62.78191736000001,81.20637879999998,79.59522471999999,98.30791675,79.71042791999999,98.35648479999999,25.0,8.0,raw_prb_pct_cpu_product,200.0,0.25,1.0,30.0,correct_parts_per_min,8.4,0.0014000000000000002,0.0014000000000000002,0.042,1.7333333333333334,False,,,
run_102_20260619_031956_slice_ul25_dl50_edge_cpu8_bg30m_ul_best_n_640x360_speed1p0_raw,automated_experiments/results/run_102_20260619_031956_slice_ul25_dl50_edge_cpu8_bg30m_ul_best_n_640x360_speed1p0_raw,slice_ul25_dl50,25.0,50.0,edge_cpu8,8.0,1.0,640,360,640x360,1.0,best_n.pt,best_n.pt,raw,30.0,ul,oaitun_ue2,completed,False,62,12,50,50,13,4,33,13,0.26,0.08,0.66,0.26,factory_roundtrip_ms,573.80494,524.0185,597.1017000000006,1002.56215,1095.6039499999997,59.32071357999999,66.9577614,76.17584638,86.83443859999998,76.2751742,86.90077085,25.0,8.0,raw_prb_pct_cpu_product,200.0,0.5,1.0,60.0,correct_parts_per_min,15.600000000000001,0.0013,0.0013,0.07800000000000001,8.933333333333334,False,,,
run_103_20260619_032707_slice_ul25_dl50_edge_cpu8_bg30m_ul_best_n_640x360_speed1p5_raw,automated_experiments/results/run_103_20260619_032707_slice_ul25_dl50_edge_cpu8_bg30m_ul_best_n_640x360_speed1p5_raw,slice_ul25_dl50,25.0,50.0,edge_cpu8,8.0,1.0,640,360,640x360,1.5,best_n.pt,best_n.pt,raw,30.0,ul,oaitun_ue2,completed,False,52,2,50,50,15,3,32,15,0.3,0.06,0.64,0.3,factory_roundtrip_ms,553.76994,528.863,555.1502,657.6791999999998,1031.5170999999993,60.90533042,72.02545314999999,77.16859729999999,92.35470004999998,77.2473425,92.48453229999998,25.0,8.0,raw_prb_pct_cpu_product,200.0,0.75,1.0,90.0,correct_parts_per_min,27.0,0.0015,0.0015,0.135,20.333333333333332,False,,,
run_104_20260619_033241_slice_ul25_dl50_edge_cpu8_bg30m_ul_best_n_640x360_speed2p0_raw,automated_experiments/results/run_104_20260619_033241_slice_ul25_dl50_edge_cpu8_bg30m_ul_best_n_640x360_speed2p0_raw,slice_ul25_dl50,25.0,50.0,edge_cpu8,8.0,1.0,640,360,640x360,2.0,best_n.pt,best_n.pt,raw,30.0,ul,oaitun_ue2,completed,False,50,0,50,50,0,50,0,0,0.0,1.0,0.0,0.0,factory_roundtrip_ms,621.30456,531.4390000000001,986.0225000000002,1194.7425,1204.02278,61.37173374000001,68.49008934999999,77.3411655,87.69420184999998,77.42165220000001,87.753593,25.0,8.0,raw_prb_pct_cpu_product,200.0,1.0,1.0,120.0,correct_parts_per_min,0.0,0.0,0.0,0.0,-6.666666666666667,False,,,
run_105_20260619_033747_slice_ul25_dl50_edge_cpu8_bg30m_ul_best_n_320x180_speed0p5_raw,automated_experiments/results/run_105_20260619_033747_slice_ul25_dl50_edge_cpu8_bg30m_ul_best_n_320x180_speed0p5_raw,slice_ul25_dl50,25.0,50.0,edge_cpu8,8.0,1.0,320,180,320x180,0.5,best_n.pt,best_n.pt,raw,30.0,ul,oaitun_ue2,completed,False,50,0,50,50,5,0,45,5,0.1,0.0,0.9,0.1,factory_roundtrip_ms,362.22437999999994,306.131,434.8115000000001,830.1933499999996,987.6503299999999,62.311361819999995,70.04089669999999,68.56493208,78.08876925,68.62060118,78.14417675,25.0,8.0,raw_prb_pct_cpu_product,200.0,0.25,1.0,30.0,correct_parts_per_min,3.0,0.0005,0.0005,0.015,-3.666666666666667,False,,,
run_106_20260619_034628_slice_ul25_dl50_edge_cpu8_bg30m_ul_best_n_320x180_speed1p0_raw,automated_experiments/results/run_106_20260619_034628_slice_ul25_dl50_edge_cpu8_bg30m_ul_best_n_320x180_speed1p0_raw,slice_ul25_dl50,25.0,50.0,edge_cpu8,8.0,1.0,320,180,320x180,1.0,best_n.pt,best_n.pt,raw,30.0,ul,oaitun_ue2,completed,False,57,7,50,50,6,2,42,6,0.12,0.04,0.84,0.12,factory_roundtrip_ms,383.36958,296.764,762.2660000000001,914.7801999999996,1025.6276,60.690708140000005,73.67375779999999,66.95637640000001,81.06420195,67.0079401,81.11423975,25.0,8.0,raw_prb_pct_cpu_product,200.0,0.5,1.0,60.0,correct_parts_per_min,7.199999999999999,0.0006,0.0006,0.036,0.5333333333333323,False,,,
run_107_20260619_035315_slice_ul25_dl50_edge_cpu8_bg30m_ul_best_n_320x180_speed1p5_raw,automated_experiments/results/run_107_20260619_035315_slice_ul25_dl50_edge_cpu8_bg30m_ul_best_n_320x180_speed1p5_raw,slice_ul25_dl50,25.0,50.0,edge_cpu8,8.0,1.0,320,180,320x180,1.5,best_n.pt,best_n.pt,raw,30.0,ul,oaitun_ue2,completed,False,50,0,50,50,5,3,42,5,0.1,0.06,0.84,0.1,factory_roundtrip_ms,334.35132,301.2525,313.7351,551.2674999999988,943.3830399999998,59.0225396,69.93063249999999,64.88397463999999,76.6039338,64.94980474,76.64489934999999,25.0,8.0,raw_prb_pct_cpu_product,200.0,0.75,1.0,90.0,correct_parts_per_min,9.0,0.0005,0.0005,0.045,2.333333333333333,False,,,
run_108_20260619_035840_slice_ul25_dl50_edge_cpu8_bg30m_ul_best_n_320x180_speed2p0_raw,automated_experiments/results/run_108_20260619_035840_slice_ul25_dl50_edge_cpu8_bg30m_ul_best_n_320x180_speed2p0_raw,slice_ul25_dl50,25.0,50.0,edge_cpu8,8.0,1.0,320,180,320x180,2.0,best_n.pt,best_n.pt,raw,30.0,ul,oaitun_ue2,completed,False,50,0,50,50,5,3,42,5,0.1,0.06,0.84,0.1,factory_roundtrip_ms,334.87260000000003,298.164,336.51500000000016,600.2049499999993,850.6816699999995,59.35500293999999,71.7605078,65.39779316,79.44653734999999,65.45054894,79.48254859999999,25.0,8.0,raw_prb_pct_cpu_product,200.0,1.0,1.0,120.0,correct_parts_per_min,12.0,0.0005,0.0005,0.06,5.333333333333333,False,,,
run_109_20260619_040351_slice_ul25_dl50_edge_cpu4_bg30m_ul_best_n_1280x720_speed0p5_raw,automated_experiments/results/run_109_20260619_040351_slice_ul25_dl50_edge_cpu4_bg30m_ul_best_n_1280x720_speed0p5_raw,slice_ul25_dl50,25.0,50.0,edge_cpu4,4.0,0.5,1280,720,1280x720,0.5,best_n.pt,best_n.pt,raw,30.0,ul,oaitun_ue2,completed,False,74,24,50,50,27,0,23,27,0.54,0.0,0.46,0.54,factory_roundtrip_ms,1088.96826,1012.7505,1418.5226,1789.4806,1827.41596,58.65739296000001,80.12687845,110.02817137999999,137.22151485,110.832899,137.60886720000002,25.0,4.0,raw_prb_pct_cpu_product,100.0,0.25,1.0,30.0,correct_parts_per_min,16.200000000000003,0.0054,0.0054,0.16200000000000003,12.866666666666669,False,29.99993100005198,0.0005148452407384168,0.45901277698700427
run_109_20260630_003255_slice_ul75_dl50_edge_cpu7_bg30m_ul_best_n_1280x720_speed0p5_raw,automated_experiments/results/run_109_20260630_003255_slice_ul75_dl50_edge_cpu7_bg30m_ul_best_n_1280x720_speed0p5_raw,slice_ul75_dl50,75.0,50.0,edge_cpu7,7.0,0.875,1280,720,1280x720,0.5,best_n.pt,best_n.pt,raw,30.0,ul,oaitun_ue2,completed,False,72,22,50,50,30,0,20,30,0.6,0.0,0.4,0.6,factory_roundtrip_ms,604.7147600000001,603.1175000000001,623.1322,624.72385,628.60455,60.98719918,68.16487015,70.98069524,82.1469796,71.64398932,84.12979214999999,75.0,7.0,raw_prb_pct_cpu_product,525.0,0.25,1.0,30.0,correct_parts_per_min,18.0,0.0011428571428571427,0.0011428571428571427,0.03428571428571429,0.5,False,29.999938300031463,0.0,0.5718704004369923
run_110_20260619_041559_slice_ul25_dl50_edge_cpu4_bg30m_ul_best_n_1280x720_speed1p0_raw,automated_experiments/results/run_110_20260619_041559_slice_ul25_dl50_edge_cpu4_bg30m_ul_best_n_1280x720_speed1p0_raw,slice_ul25_dl50,25.0,50.0,edge_cpu4,4.0,0.5,1280,720,1280x720,1.0,best_n.pt,best_n.pt,raw,30.0,ul,oaitun_ue2,completed,False,107,57,50,50,12,28,10,12,0.24,0.56,0.2,0.24,factory_roundtrip_ms,1094.47794,996.7315,1569.0395000000003,1780.8189,1813.4428199999998,61.46785286,86.57636909999998,111.68319541999999,141.6722834,112.029122,141.86426775,25.0,4.0,raw_prb_pct_cpu_product,100.0,0.5,1.0,60.0,correct_parts_per_min,14.399999999999999,0.0024,0.0024,0.144,11.066666666666665,False,29.999956356690745,0.000772267364109904,0.7141456545923455
run_110_20260630_004403_slice_ul75_dl50_edge_cpu7_bg30m_ul_best_n_1280x720_speed1p0_raw,automated_experiments/results/run_110_20260630_004403_slice_ul75_dl50_edge_cpu7_bg30m_ul_best_n_1280x720_speed1p0_raw,slice_ul75_dl50,75.0,50.0,edge_cpu7,7.0,0.875,1280,720,1280x720,1.0,best_n.pt,best_n.pt,raw,30.0,ul,oaitun_ue2,completed,False,143,93,50,50,30,0,20,30,0.6,0.0,0.4,0.6,factory_roundtrip_ms,588.1433999999999,586.2185,607.5468,613.55175,617.00723,56.4387594,67.17360404999998,64.13022312,75.67249805,64.47795520000001,76.36986305,75.0,7.0,raw_prb_pct_cpu_product,525.0,0.5,1.0,60.0,correct_parts_per_min,36.0,0.0011428571428571427,0.0011428571428571427,0.06857142857142857,18.5,False,29.999940750025377,0.0,0.576372660100595
run_111_20260619_042731_slice_ul25_dl50_edge_cpu4_bg30m_ul_best_n_1280x720_speed1p5_raw,automated_experiments/results/run_111_20260619_042731_slice_ul25_dl50_edge_cpu4_bg30m_ul_best_n_1280x720_speed1p5_raw,slice_ul25_dl50,25.0,50.0,edge_cpu4,4.0,0.5,1280,720,1280x720,1.5,best_n.pt,best_n.pt,raw,30.0,ul,oaitun_ue2,completed,False,72,22,50,50,0,50,0,0,0.0,1.0,0.0,0.0,factory_roundtrip_ms,1060.31,999.6865,1229.3268000000003,1475.8745499999998,1688.4953699999994,56.36932036,71.19431094999996,109.38360884,144.333787,109.79913012000002,144.52246549999998,25.0,4.0,raw_prb_pct_cpu_product,100.0,0.75,1.0,90.0,correct_parts_per_min,0.0,0.0,0.0,0.0,-3.3333333333333335,False,,,
run_111_20260630_005711_slice_ul75_dl50_edge_cpu7_bg30m_ul_best_n_1280x720_speed1p5_raw,automated_experiments/results/run_111_20260630_005711_slice_ul75_dl50_edge_cpu7_bg30m_ul_best_n_1280x720_speed1p5_raw,slice_ul75_dl50,75.0,50.0,edge_cpu7,7.0,0.875,1280,720,1280x720,1.5,best_n.pt,best_n.pt,raw,30.0,ul,oaitun_ue2,completed,False,80,30,50,50,27,0,23,27,0.54,0.0,0.46,0.54,factory_roundtrip_ms,600.23658,599.3085,608.3671999999999,614.68625,626.77983,59.61888772,66.2470261,67.61178158000001,75.14731745,67.95745026,75.64633309999999,75.0,7.0,raw_prb_pct_cpu_product,525.0,0.75,1.0,90.0,correct_parts_per_min,48.6,0.0010285714285714286,0.0010285714285714286,0.09257142857142857,31.1,False,,,
run_112_20260619_043446_slice_ul25_dl50_edge_cpu4_bg30m_ul_best_n_1280x720_speed2p0_raw,automated_experiments/results/run_112_20260619_043446_slice_ul25_dl50_edge_cpu4_bg30m_ul_best_n_1280x720_speed2p0_raw,slice_ul25_dl50,25.0,50.0,edge_cpu4,4.0,0.5,1280,720,1280x720,2.0,best_n.pt,best_n.pt,raw,30.0,ul,oaitun_ue2,completed,False,64,14,50,50,0,50,0,0,0.0,1.0,0.0,0.0,factory_roundtrip_ms,1096.8133,1001.02,1511.4316000000001,1689.4344499999995,1882.2222899999997,60.27731648000001,90.61306254999998,116.54913152,154.14414775,117.03787030000004,154.70810294999998,25.0,4.0,raw_prb_pct_cpu_product,100.0,1.0,1.0,120.0,correct_parts_per_min,0.0,0.0,0.0,0.0,-3.3333333333333335,False,,,
run_112_20260630_010416_slice_ul75_dl50_edge_cpu7_bg30m_ul_best_n_1280x720_speed2p0_raw,automated_experiments/results/run_112_20260630_010416_slice_ul75_dl50_edge_cpu7_bg30m_ul_best_n_1280x720_speed2p0_raw,slice_ul75_dl50,75.0,50.0,edge_cpu7,7.0,0.875,1280,720,1280x720,2.0,best_n.pt,best_n.pt,raw,30.0,ul,oaitun_ue2,completed,False,72,22,50,50,0,50,0,0,0.0,1.0,0.0,0.0,factory_roundtrip_ms,601.7269,598.321,615.5159,628.25635,653.1033699999999,59.22184626,66.36503505,68.87777856,86.00781899999998,69.4693117,86.32747649999999,75.0,7.0,raw_prb_pct_cpu_product,525.0,1.0,1.0,120.0,correct_parts_per_min,0.0,0.0,0.0,0.0,-17.5,False,,,
run_113_20260619_044100_slice_ul25_dl50_edge_cpu4_bg30m_ul_best_n_640x360_speed0p5_raw,automated_experiments/results/run_113_20260619_044100_slice_ul25_dl50_edge_cpu4_bg30m_ul_best_n_640x360_speed0p5_raw,slice_ul25_dl50,25.0,50.0,edge_cpu4,4.0,0.5,640,360,640x360,0.5,best_n.pt,best_n.pt,raw,30.0,ul,oaitun_ue2,completed,False,50,0,50,50,12,0,38,12,0.24,0.0,0.76,0.24,factory_roundtrip_ms,623.7762200000001,537.8035,976.6707000000001,1172.4756499999999,1366.0349999999996,70.32787139999999,97.78336329999999,86.99544546000001,114.64417485,87.11534588,114.73497225,25.0,4.0,raw_prb_pct_cpu_product,100.0,0.25,1.0,30.0,correct_parts_per_min,7.199999999999999,0.0024,0.0024,0.072,3.866666666666666,False,,,
run_113_20260630_011026_slice_ul75_dl50_edge_cpu7_bg30m_ul_best_n_640x360_speed0p5_raw,automated_experiments/results/run_113_20260630_011026_slice_ul75_dl50_edge_cpu7_bg30m_ul_best_n_640x360_speed0p5_raw,slice_ul75_dl50,75.0,50.0,edge_cpu7,7.0,0.875,640,360,640x360,0.5,best_n.pt,best_n.pt,raw,30.0,ul,oaitun_ue2,completed,False,50,0,50,50,15,0,35,15,0.3,0.0,0.7,0.3,factory_roundtrip_ms,338.66284,338.257,346.2339,350.8903,362.68663999999995,65.18065048,74.236561,67.68187215999998,76.893227,67.77471215999999,77.00013870000001,75.0,7.0,raw_prb_pct_cpu_product,525.0,0.25,1.0,30.0,correct_parts_per_min,9.0,0.0005714285714285714,0.0005714285714285714,0.017142857142857144,-8.5,False,,,
run_114_20260619_044952_slice_ul25_dl50_edge_cpu4_bg30m_ul_best_n_640x360_speed1p0_raw,automated_experiments/results/run_114_20260619_044952_slice_ul25_dl50_edge_cpu4_bg30m_ul_best_n_640x360_speed1p0_raw,slice_ul25_dl50,25.0,50.0,edge_cpu4,4.0,0.5,640,360,640x360,1.0,best_n.pt,best_n.pt,raw,30.0,ul,oaitun_ue2,completed,False,64,14,50,50,12,2,36,12,0.24,0.04,0.72,0.24,factory_roundtrip_ms,581.4274200000001,526.5955,775.0651,824.3838999999999,1399.60414,64.24542668,91.62248324999999,80.68089307999999,108.9985756,80.77083374,109.05554934999999,25.0,4.0,raw_prb_pct_cpu_product,100.0,0.5,1.0,60.0,correct_parts_per_min,14.399999999999999,0.0024,0.0024,0.144,11.066666666666665,False,,,
run_114_20260630_011834_slice_ul75_dl50_edge_cpu7_bg30m_ul_best_n_640x360_speed1p0_raw,automated_experiments/results/run_114_20260630_011834_slice_ul75_dl50_edge_cpu7_bg30m_ul_best_n_640x360_speed1p0_raw,slice_ul75_dl50,75.0,50.0,edge_cpu7,7.0,0.875,640,360,640x360,1.0,best_n.pt,best_n.pt,raw,30.0,ul,oaitun_ue2,completed,False,68,18,50,50,13,0,37,13,0.26,0.0,0.74,0.26,factory_roundtrip_ms,333.53306000000003,331.845,342.9345,347.4735,355.99319999999994,64.29998008,77.65473419999998,66.92992892000001,80.86454144999998,67.0309818,80.99596784999999,75.0,7.0,raw_prb_pct_cpu_product,525.0,0.5,1.0,60.0,correct_parts_per_min,15.600000000000001,0.0004952380952380952,0.0004952380952380952,0.029714285714285717,-1.8999999999999986,False,,,
run_115_20260619_045729_slice_ul25_dl50_edge_cpu4_bg30m_ul_best_n_640x360_speed1p5_raw,automated_experiments/results/run_115_20260619_045729_slice_ul25_dl50_edge_cpu4_bg30m_ul_best_n_640x360_speed1p5_raw,slice_ul25_dl50,25.0,50.0,edge_cpu4,4.0,0.5,640,360,640x360,1.5,best_n.pt,best_n.pt,raw,30.0,ul,oaitun_ue2,completed,False,52,2,50,50,10,4,36,10,0.2,0.08,0.72,0.2,factory_roundtrip_ms,591.78364,530.5915,570.1918000000001,1113.5487,1435.26517,68.48927822,97.47224324999999,85.40339508,116.14860139999999,85.4736679,116.22184504999998,25.0,4.0,raw_prb_pct_cpu_product,100.0,0.75,1.0,90.0,correct_parts_per_min,18.0,0.002,0.002,0.18,14.666666666666666,False,,,
run_115_20260630_012603_slice_ul75_dl50_edge_cpu7_bg30m_ul_best_n_640x360_speed1p5_raw,automated_experiments/results/run_115_20260630_012603_slice_ul75_dl50_edge_cpu7_bg30m_ul_best_n_640x360_speed1p5_raw,slice_ul75_dl50,75.0,50.0,edge_cpu7,7.0,0.875,640,360,640x360,1.5,best_n.pt,best_n.pt,raw,30.0,ul,oaitun_ue2,completed,False,52,2,50,50,12,0,38,12,0.24,0.0,0.76,0.24,factory_roundtrip_ms,332.59368,331.757,340.7889,346.6217,351.98775,61.906913180000004,71.6122228,64.41857496,74.46805459999999,64.51586154,74.5436733,75.0,7.0,raw_prb_pct_cpu_product,525.0,0.75,1.0,90.0,correct_parts_per_min,21.599999999999998,0.00045714285714285713,0.00045714285714285713,0.04114285714285714,4.099999999999998,False,,,
run_116_20260619_050316_slice_ul25_dl50_edge_cpu4_bg30m_ul_best_n_640x360_speed2p0_raw,automated_experiments/results/run_116_20260619_050316_slice_ul25_dl50_edge_cpu4_bg30m_ul_best_n_640x360_speed2p0_raw,slice_ul25_dl50,25.0,50.0,edge_cpu4,4.0,0.5,640,360,640x360,2.0,best_n.pt,best_n.pt,raw,30.0,ul,oaitun_ue2,completed,False,50,0,50,50,0,50,0,0,0.0,1.0,0.0,0.0,factory_roundtrip_ms,634.83502,540.7185,980.5388000000002,1369.5885999999996,1447.74736,71.64042046,98.0497788,89.2356301,115.68075504999999,89.37058959999999,115.80202324999999,25.0,4.0,raw_prb_pct_cpu_product,100.0,1.0,1.0,120.0,correct_parts_per_min,0.0,0.0,0.0,0.0,-3.3333333333333335,False,,,
run_116_20260630_013120_slice_ul75_dl50_edge_cpu7_bg30m_ul_best_n_640x360_speed2p0_raw,automated_experiments/results/run_116_20260630_013120_slice_ul75_dl50_edge_cpu7_bg30m_ul_best_n_640x360_speed2p0_raw,slice_ul75_dl50,75.0,50.0,edge_cpu7,7.0,0.875,640,360,640x360,2.0,best_n.pt,best_n.pt,raw,30.0,ul,oaitun_ue2,completed,False,50,0,50,50,14,0,36,14,0.28,0.0,0.72,0.28,factory_roundtrip_ms,333.82836,333.8465,344.0387,345.30565,349.39909,63.96757118000001,74.70726335,66.35139752,77.11238155,66.44136610000001,77.20201825,75.0,7.0,raw_prb_pct_cpu_product,525.0,1.0,1.0,120.0,correct_parts_per_min,33.6,0.0005333333333333334,0.0005333333333333334,0.064,16.1,False,,,
run_117_20260619_050834_slice_ul25_dl50_edge_cpu4_bg30m_ul_best_n_320x180_speed0p5_raw,automated_experiments/results/run_117_20260619_050834_slice_ul25_dl50_edge_cpu4_bg30m_ul_best_n_320x180_speed0p5_raw,slice_ul25_dl50,25.0,50.0,edge_cpu4,4.0,0.5,320,180,320x180,0.5,best_n.pt,best_n.pt,raw,30.0,ul,oaitun_ue2,completed,False,50,0,50,50,6,0,44,6,0.12,0.0,0.88,0.12,factory_roundtrip_ms,378.56434,307.17600000000004,553.5864000000001,998.7225999999998,1149.2018799999996,67.12924966,101.15213444999998,73.52216516,107.72433114999998,73.57918957999999,107.76324614999997,25.0,4.0,raw_prb_pct_cpu_product,100.0,0.25,1.0,30.0,correct_parts_per_min,3.5999999999999996,0.0012,0.0012,0.036,0.26666666666666616,False,,,
run_117_20260630_013609_slice_ul75_dl50_edge_cpu7_bg30m_ul_best_n_320x180_speed0p5_raw,automated_experiments/results/run_117_20260630_013609_slice_ul75_dl50_edge_cpu7_bg30m_ul_best_n_320x180_speed0p5_raw,slice_ul75_dl50,75.0,50.0,edge_cpu7,7.0,0.875,320,180,320x180,0.5,best_n.pt,best_n.pt,raw,30.0,ul,oaitun_ue2,completed,False,50,0,50,50,6,0,44,6,0.12,0.0,0.88,0.12,factory_roundtrip_ms,195.53850000000003,195.24450000000002,204.20090000000002,206.5707,216.3585,63.705464140000004,76.03529689999999,64.8636868,77.145185,64.9289342,77.2487225,75.0,7.0,raw_prb_pct_cpu_product,525.0,0.25,1.0,30.0,correct_parts_per_min,3.5999999999999996,0.00022857142857142857,0.00022857142857142857,0.006857142857142857,-13.9,False,,,
run_118_20260619_051730_slice_ul25_dl50_edge_cpu4_bg30m_ul_best_n_320x180_speed1p0_raw,automated_experiments/results/run_118_20260619_051730_slice_ul25_dl50_edge_cpu4_bg30m_ul_best_n_320x180_speed1p0_raw,slice_ul25_dl50,25.0,50.0,edge_cpu4,4.0,0.5,320,180,320x180,1.0,best_n.pt,best_n.pt,raw,30.0,ul,oaitun_ue2,completed,False,60,10,50,50,7,0,43,7,0.14,0.0,0.86,0.14,factory_roundtrip_ms,346.30582000000004,295.926,342.844,830.0908999999995,946.57729,62.70273888,93.38866349999999,69.6767847,101.4711506,69.72291323999998,101.5069188,25.0,4.0,raw_prb_pct_cpu_product,100.0,0.5,1.0,60.0,correct_parts_per_min,8.4,0.0014000000000000002,0.0014000000000000002,0.084,5.066666666666666,False,,,
run_118_20260630_014427_slice_ul75_dl50_edge_cpu7_bg30m_ul_best_n_320x180_speed1p0_raw,automated_experiments/results/run_118_20260630_014427_slice_ul75_dl50_edge_cpu7_bg30m_ul_best_n_320x180_speed1p0_raw,slice_ul75_dl50,75.0,50.0,edge_cpu7,7.0,0.875,320,180,320x180,1.0,best_n.pt,best_n.pt,raw,30.0,ul,oaitun_ue2,completed,False,52,2,50,50,6,0,44,6,0.12,0.0,0.88,0.12,factory_roundtrip_ms,192.35904,191.20499999999998,203.9285,211.63405,223.56014999999996,61.33509118,75.21752115,62.460589199999994,76.73779945,62.509828139999996,76.81754095,75.0,7.0,raw_prb_pct_cpu_product,525.0,0.5,1.0,60.0,correct_parts_per_min,7.199999999999999,0.00022857142857142857,0.00022857142857142857,0.013714285714285714,-10.3,False,,,
run_119_20260619_052448_slice_ul25_dl50_edge_cpu4_bg30m_ul_best_n_320x180_speed1p5_raw,automated_experiments/results/run_119_20260619_052448_slice_ul25_dl50_edge_cpu4_bg30m_ul_best_n_320x180_speed1p5_raw,slice_ul25_dl50,25.0,50.0,edge_cpu4,4.0,0.5,320,180,320x180,1.5,best_n.pt,best_n.pt,raw,30.0,ul,oaitun_ue2,completed,False,50,0,50,50,5,5,40,5,0.1,0.1,0.8,0.1,factory_roundtrip_ms,366.7366799999999,305.0,610.6371000000003,849.0470499999999,910.33805,67.38515648,109.72692615,73.37520660000001,116.63474075,73.42626342,116.7497626,25.0,4.0,raw_prb_pct_cpu_product,100.0,0.75,1.0,90.0,correct_parts_per_min,9.0,0.001,0.001,0.09,5.666666666666666,False,,,
run_119_20260630_015030_slice_ul75_dl50_edge_cpu7_bg30m_ul_best_n_320x180_speed1p5_raw,automated_experiments/results/run_119_20260630_015030_slice_ul75_dl50_edge_cpu7_bg30m_ul_best_n_320x180_speed1p5_raw,slice_ul75_dl50,75.0,50.0,edge_cpu7,7.0,0.875,320,180,320x180,1.5,best_n.pt,best_n.pt,raw,30.0,ul,oaitun_ue2,completed,False,51,1,50,50,6,0,44,6,0.12,0.0,0.88,0.12,factory_roundtrip_ms,194.20654000000002,193.60399999999998,206.9923,208.1053,213.99193,63.01001566,75.60279919999999,64.2109726,77.10516905,64.26379458000001,77.16113179999999,75.0,7.0,raw_prb_pct_cpu_product,525.0,0.75,1.0,90.0,correct_parts_per_min,10.799999999999999,0.00022857142857142857,0.00022857142857142857,0.02057142857142857,-6.700000000000001,False,,,
run_120_20260619_053026_slice_ul25_dl50_edge_cpu4_bg30m_ul_best_n_320x180_speed2p0_raw,automated_experiments/results/run_120_20260619_053026_slice_ul25_dl50_edge_cpu4_bg30m_ul_best_n_320x180_speed2p0_raw,slice_ul25_dl50,25.0,50.0,edge_cpu4,4.0,0.5,320,180,320x180,2.0,best_n.pt,best_n.pt,raw,30.0,ul,oaitun_ue2,completed,False,51,1,50,50,6,4,40,6,0.12,0.08,0.8,0.12,factory_roundtrip_ms,356.28886,300.5005,367.1695000000001,790.6593499999996,1069.6948199999997,67.54447854,102.27885794999999,73.43477678,109.064781,73.49826672,109.15429974999999,25.0,4.0,raw_prb_pct_cpu_product,100.0,1.0,1.0,120.0,correct_parts_per_min,14.399999999999999,0.0012,0.0012,0.144,11.066666666666665,False,,,
run_120_20260630_015547_slice_ul75_dl50_edge_cpu7_bg30m_ul_best_n_320x180_speed2p0_raw,automated_experiments/results/run_120_20260630_015547_slice_ul75_dl50_edge_cpu7_bg30m_ul_best_n_320x180_speed2p0_raw,slice_ul75_dl50,75.0,50.0,edge_cpu7,7.0,0.875,320,180,320x180,2.0,best_n.pt,best_n.pt,raw,30.0,ul,oaitun_ue2,completed,False,50,0,50,50,7,0,43,7,0.14,0.0,0.86,0.14,factory_roundtrip_ms,193.5724,192.825,204.13410000000002,207.22495,209.82162,62.993409,76.43502635,64.17941322,77.9294195,64.24376813999999,77.981545,75.0,7.0,raw_prb_pct_cpu_product,525.0,1.0,1.0,120.0,correct_parts_per_min,16.8,0.0002666666666666667,0.0002666666666666667,0.032,-0.6999999999999993,False,,,
run_121_20260619_053551_slice_ul25_dl50_edge_cpu2_bg30m_ul_best_n_1280x720_speed0p5_raw,automated_experiments/results/run_121_20260619_053551_slice_ul25_dl50_edge_cpu2_bg30m_ul_best_n_1280x720_speed0p5_raw,slice_ul25_dl50,25.0,50.0,edge_cpu2,2.0,0.25,1280,720,1280x720,0.5,best_n.pt,best_n.pt,raw,30.0,ul,oaitun_ue2,completed,False,71,21,50,50,25,4,21,25,0.5,0.08,0.42,0.5,factory_roundtrip_ms,1274.68192,1127.8829999999998,1862.3335,2079.10985,2522.3146099999985,157.32653268,209.08136234999998,213.77941435999998,254.66738875,214.45480183999996,254.88717164999997,25.0,2.0,raw_prb_pct_cpu_product,50.0,0.25,1.0,30.0,correct_parts_per_min,15.0,0.01,0.01,0.3,13.333333333333334,False,29.99993835003134,0.25922457871179283,0.38446348602777575
run_121_20260630_020038_slice_ul75_dl50_edge_cpu6_bg30m_ul_best_n_1280x720_speed0p5_raw,automated_experiments/results/run_121_20260630_020038_slice_ul75_dl50_edge_cpu6_bg30m_ul_best_n_1280x720_speed0p5_raw,slice_ul75_dl50,75.0,50.0,edge_cpu6,6.0,0.75,1280,720,1280x720,0.5,best_n.pt,best_n.pt,raw,30.0,ul,oaitun_ue2,completed,False,84,34,50,50,30,0,20,30,0.6,0.0,0.4,0.6,factory_roundtrip_ms,594.30714,596.7155,612.7996,616.5690000000001,633.5783799999999,59.071096579999995,70.59421305,66.77839722,79.45704229999998,67.15049516,79.70359964999999,75.0,6.0,raw_prb_pct_cpu_product,450.0,0.25,1.0,30.0,correct_parts_per_min,18.0,0.0013333333333333333,0.0013333333333333333,0.04,3.0,False,29.9999409500249,0.0,0.5273722348979273
run_122_20260619_054756_slice_ul25_dl50_edge_cpu2_bg30m_ul_best_n_1280x720_speed1p0_raw,automated_experiments/results/run_122_20260619_054756_slice_ul25_dl50_edge_cpu2_bg30m_ul_best_n_1280x720_speed1p0_raw,slice_ul25_dl50,25.0,50.0,edge_cpu2,2.0,0.25,1280,720,1280x720,1.0,best_n.pt,best_n.pt,raw,30.0,ul,oaitun_ue2,completed,False,127,77,50,50,1,49,0,1,0.02,0.98,0.0,0.02,factory_roundtrip_ms,1146.86122,1090.5230000000001,1270.4775000000002,1650.8102,1953.5065399999994,143.1144306,194.3954139,202.70839465999998,245.03411169999998,203.09358079999998,245.26510284999998,25.0,2.0,raw_prb_pct_cpu_product,50.0,0.5,1.0,60.0,correct_parts_per_min,1.2,0.0004,0.0004,0.024,-0.4666666666666668,False,29.999948756707916,0.20465085148912454,0.4850348928386197
run_122_20260630_021313_slice_ul75_dl50_edge_cpu6_bg30m_ul_best_n_1280x720_speed1p0_raw,automated_experiments/results/run_122_20260630_021313_slice_ul75_dl50_edge_cpu6_bg30m_ul_best_n_1280x720_speed1p0_raw,slice_ul75_dl50,75.0,50.0,edge_cpu6,6.0,0.75,1280,720,1280x720,1.0,best_n.pt,best_n.pt,raw,30.0,ul,oaitun_ue2,completed,False,140,90,50,50,31,0,19,31,0.62,0.0,0.38,0.62,factory_roundtrip_ms,584.27696,584.613,603.8303999999999,607.4318499999999,623.29422,54.83834165999999,66.28542214999999,62.73783092000001,75.95373035,62.98992643999999,76.2584208,75.0,6.0,raw_prb_pct_cpu_product,450.0,0.5,1.0,60.0,correct_parts_per_min,37.2,0.0013777777777777777,0.0013777777777777777,0.08266666666666667,22.200000000000003,False,29.99994190002266,0.0,0.5666959231125893
run_123_20260619_060127_slice_ul25_dl50_edge_cpu2_bg30m_ul_best_n_1280x720_speed1p5_raw,automated_experiments/results/run_123_20260619_060127_slice_ul25_dl50_edge_cpu2_bg30m_ul_best_n_1280x720_speed1p5_raw,slice_ul25_dl50,25.0,50.0,edge_cpu2,2.0,0.25,1280,720,1280x720,1.5,best_n.pt,best_n.pt,raw,30.0,ul,oaitun_ue2,completed,False,82,30,52,52,0,52,0,0,0.0,1.0,0.0,0.0,factory_roundtrip_ms,1101.0257884615385,1089.5455,1129.7967999999998,1144.8261499999999,1330.9928500000005,156.93902640384616,199.45845659999995,208.19174415384612,251.12434774999997,208.7314490769231,251.30274369999998,25.0,2.0,raw_prb_pct_cpu_product,50.0,0.75,1.0,90.0,correct_parts_per_min,0.0,0.0,0.0,0.0,-1.6666666666666667,False,,,
run_123_20260630_022643_slice_ul75_dl50_edge_cpu6_bg30m_ul_best_n_1280x720_speed1p5_raw,automated_experiments/results/run_123_20260630_022643_slice_ul75_dl50_edge_cpu6_bg30m_ul_best_n_1280x720_speed1p5_raw,slice_ul75_dl50,75.0,50.0,edge_cpu6,6.0,0.75,1280,720,1280x720,1.5,best_n.pt,best_n.pt,raw,30.0,ul,oaitun_ue2,completed,False,71,21,50,50,26,0,24,26,0.52,0.0,0.48,0.52,factory_roundtrip_ms,599.3476999999999,599.129,613.7028,619.63955,627.9910500000001,59.135517820000004,68.43016374999999,67.15259034,77.9591223,67.54397816000001,78.272592,75.0,6.0,raw_prb_pct_cpu_product,450.0,0.75,1.0,90.0,correct_parts_per_min,46.800000000000004,0.0011555555555555555,0.0011555555555555555,0.10400000000000001,31.800000000000004,False,,,
run_124_20260619_061255_slice_ul25_dl50_edge_cpu2_bg30m_ul_best_n_1280x720_speed2p0_raw,automated_experiments/results/run_124_20260619_061255_slice_ul25_dl50_edge_cpu2_bg30m_ul_best_n_1280x720_speed2p0_raw,slice_ul25_dl50,25.0,50.0,edge_cpu2,2.0,0.25,1280,720,1280x720,2.0,best_n.pt,best_n.pt,raw,30.0,ul,oaitun_ue2,completed,False,61,11,50,50,0,50,0,0,0.0,1.0,0.0,0.0,factory_roundtrip_ms,1118.1837400000002,1113.219,1150.865,1175.6549499999999,1309.9732699999997,167.01302004000001,222.99087224999988,221.53842050000003,274.6202726999999,221.8576921,274.97451984999987,25.0,2.0,raw_prb_pct_cpu_product,50.0,1.0,1.0,120.0,correct_parts_per_min,0.0,0.0,0.0,0.0,-1.6666666666666667,False,,,
run_124_20260630_023327_slice_ul75_dl50_edge_cpu6_bg30m_ul_best_n_1280x720_speed2p0_raw,automated_experiments/results/run_124_20260630_023327_slice_ul75_dl50_edge_cpu6_bg30m_ul_best_n_1280x720_speed2p0_raw,slice_ul75_dl50,75.0,50.0,edge_cpu6,6.0,0.75,1280,720,1280x720,2.0,best_n.pt,best_n.pt,raw,30.0,ul,oaitun_ue2,completed,False,69,19,50,50,0,50,0,0,0.0,1.0,0.0,0.0,factory_roundtrip_ms,602.19588,602.7764999999999,615.0987,620.7452,625.02978,60.266369139999995,68.15493675,69.17147328000001,78.25342099999999,69.71094732,78.88669669999999,75.0,6.0,raw_prb_pct_cpu_product,450.0,1.0,1.0,120.0,correct_parts_per_min,0.0,0.0,0.0,0.0,-15.0,False,,,
run_125_20260619_061925_slice_ul25_dl50_edge_cpu2_bg30m_ul_best_n_640x360_speed0p5_raw,automated_experiments/results/run_125_20260619_061925_slice_ul25_dl50_edge_cpu2_bg30m_ul_best_n_640x360_speed0p5_raw,slice_ul25_dl50,25.0,50.0,edge_cpu2,2.0,0.25,640,360,640x360,0.5,best_n.pt,best_n.pt,raw,30.0,ul,oaitun_ue2,completed,False,53,3,50,50,15,0,35,15,0.3,0.0,0.7,0.3,factory_roundtrip_ms,642.06386,637.652,674.0048,705.0844999999999,781.7648299999998,171.86660543999997,225.7804762499999,187.57964892,245.6998225999999,187.67383944000002,245.78505809999987,25.0,2.0,raw_prb_pct_cpu_product,50.0,0.25,1.0,30.0,correct_parts_per_min,9.0,0.006,0.006,0.18,7.333333333333333,False,,,
run_125_20260630_023956_slice_ul75_dl50_edge_cpu6_bg30m_ul_best_n_640x360_speed0p5_raw,automated_experiments/results/run_125_20260630_023956_slice_ul75_dl50_edge_cpu6_bg30m_ul_best_n_640x360_speed0p5_raw,slice_ul75_dl50,75.0,50.0,edge_cpu6,6.0,0.75,640,360,640x360,0.5,best_n.pt,best_n.pt,raw,30.0,ul,oaitun_ue2,completed,False,51,1,50,50,13,0,37,13,0.26,0.0,0.74,0.26,factory_roundtrip_ms,336.31275999999997,336.6015,348.6718,350.74345,352.78858,64.11103002,74.63586064999998,66.91338778000001,77.49183614999998,67.02268612,78.01025215,75.0,6.0,raw_prb_pct_cpu_product,450.0,0.25,1.0,30.0,correct_parts_per_min,7.800000000000001,0.0005777777777777778,0.0005777777777777778,0.017333333333333336,-7.199999999999999,False,,,
run_126_20260619_062921_slice_ul25_dl50_edge_cpu2_bg30m_ul_best_n_640x360_speed1p0_raw,automated_experiments/results/run_126_20260619_062921_slice_ul25_dl50_edge_cpu2_bg30m_ul_best_n_640x360_speed1p0_raw,slice_ul25_dl50,25.0,50.0,edge_cpu2,2.0,0.25,640,360,640x360,1.0,best_n.pt,best_n.pt,raw,30.0,ul,oaitun_ue2,completed,False,66,16,50,50,12,0,38,12,0.24,0.0,0.76,0.24,factory_roundtrip_ms,640.46534,637.1695,672.3662999999999,720.1724499999998,771.8350599999999,170.57256996,223.78831834999994,187.87315882000001,264.08258989999985,187.96877292000002,264.12690504999983,25.0,2.0,raw_prb_pct_cpu_product,50.0,0.5,1.0,60.0,correct_parts_per_min,14.399999999999999,0.0048,0.0048,0.288,12.733333333333333,False,,,
run_126_20260630_024836_slice_ul75_dl50_edge_cpu6_bg30m_ul_best_n_640x360_speed1p0_raw,automated_experiments/results/run_126_20260630_024836_slice_ul75_dl50_edge_cpu6_bg30m_ul_best_n_640x360_speed1p0_raw,slice_ul75_dl50,75.0,50.0,edge_cpu6,6.0,0.75,640,360,640x360,1.0,best_n.pt,best_n.pt,raw,30.0,ul,oaitun_ue2,completed,False,63,13,50,50,12,0,38,12,0.24,0.0,0.76,0.24,factory_roundtrip_ms,332.2432,333.353,341.9646,346.66524999999996,353.02729999999997,64.02482934000001,75.23345859999999,66.45221694,77.62831779999999,66.55703614,77.82201774999999,75.0,6.0,raw_prb_pct_cpu_product,450.0,0.5,1.0,60.0,correct_parts_per_min,14.399999999999999,0.0005333333333333334,0.0005333333333333334,0.031999999999999994,-0.6000000000000014,False,,,
run_127_20260619_063741_slice_ul25_dl50_edge_cpu2_bg30m_ul_best_n_640x360_speed1p5_raw,automated_experiments/results/run_127_20260619_063741_slice_ul25_dl50_edge_cpu2_bg30m_ul_best_n_640x360_speed1p5_raw,slice_ul25_dl50,25.0,50.0,edge_cpu2,2.0,0.25,640,360,640x360,1.5,best_n.pt,best_n.pt,raw,30.0,ul,oaitun_ue2,completed,False,55,5,50,50,10,20,20,10,0.2,0.4,0.4,0.2,factory_roundtrip_ms,641.7011799999999,640.7355,679.8432,686.3014999999999,689.75956,171.8843363,212.34466485,187.76625858,229.01280145,187.8472855,229.06752635,25.0,2.0,raw_prb_pct_cpu_product,50.0,0.75,1.0,90.0,correct_parts_per_min,18.0,0.004,0.004,0.36,16.333333333333332,False,,,
run_127_20260630_025547_slice_ul75_dl50_edge_cpu6_bg30m_ul_best_n_640x360_speed1p5_raw,automated_experiments/results/run_127_20260630_025547_slice_ul75_dl50_edge_cpu6_bg30m_ul_best_n_640x360_speed1p5_raw,slice_ul75_dl50,75.0,50.0,edge_cpu6,6.0,0.75,640,360,640x360,1.5,best_n.pt,best_n.pt,raw,30.0,ul,oaitun_ue2,completed,False,51,1,50,50,13,0,37,13,0.26,0.0,0.74,0.26,factory_roundtrip_ms,335.56448000000006,334.9845,346.3159,347.77015,349.25922,63.74315130000001,72.7892653,66.29967068,75.81955125,66.39877368,75.98543074999999,75.0,6.0,raw_prb_pct_cpu_product,450.0,0.75,1.0,90.0,correct_parts_per_min,23.400000000000002,0.0005777777777777778,0.0005777777777777778,0.052000000000000005,8.400000000000002,False,,,
run_128_20260619_064407_slice_ul25_dl50_edge_cpu2_bg30m_ul_best_n_640x360_speed2p0_raw,automated_experiments/results/run_128_20260619_064407_slice_ul25_dl50_edge_cpu2_bg30m_ul_best_n_640x360_speed2p0_raw,slice_ul25_dl50,25.0,50.0,edge_cpu2,2.0,0.25,640,360,640x360,2.0,best_n.pt,best_n.pt,raw,30.0,ul,oaitun_ue2,completed,False,51,1,50,50,0,50,0,0,0.0,1.0,0.0,0.0,factory_roundtrip_ms,637.61086,635.1215,677.8908,679.10465,727.2694099999999,169.02434322000002,212.34608999999998,186.26050364,229.29942805,186.35597149999995,229.35949785,25.0,2.0,raw_prb_pct_cpu_product,50.0,1.0,1.0,120.0,correct_parts_per_min,0.0,0.0,0.0,0.0,-1.6666666666666667,False,,,
run_128_20260630_030113_slice_ul75_dl50_edge_cpu6_bg30m_ul_best_n_640x360_speed2p0_raw,automated_experiments/results/run_128_20260630_030113_slice_ul75_dl50_edge_cpu6_bg30m_ul_best_n_640x360_speed2p0_raw,slice_ul75_dl50,75.0,50.0,edge_cpu6,6.0,0.75,640,360,640x360,2.0,best_n.pt,best_n.pt,raw,30.0,ul,oaitun_ue2,completed,False,50,0,50,50,13,0,37,13,0.26,0.0,0.74,0.26,factory_roundtrip_ms,331.51818,330.1055,343.3788,345.1808,348.13637,62.320629460000006,72.20421839999999,64.6366581,74.4156434,64.72923896,74.56336744999999,75.0,6.0,raw_prb_pct_cpu_product,450.0,1.0,1.0,120.0,correct_parts_per_min,31.200000000000003,0.0005777777777777778,0.0005777777777777778,0.06933333333333334,16.200000000000003,False,,,
run_129_20260619_064954_slice_ul25_dl50_edge_cpu2_bg30m_ul_best_n_320x180_speed0p5_raw,automated_experiments/results/run_129_20260619_064954_slice_ul25_dl50_edge_cpu2_bg30m_ul_best_n_320x180_speed0p5_raw,slice_ul25_dl50,25.0,50.0,edge_cpu2,2.0,0.25,320,180,320x180,0.5,best_n.pt,best_n.pt,raw,30.0,ul,oaitun_ue2,completed,False,50,0,50,50,6,0,44,6,0.12,0.0,0.88,0.12,factory_roundtrip_ms,414.76498,406.7845,453.2445,462.59929999999997,634.9101099999995,168.42742614,217.8127313,177.99779974,223.4196044,178.06070164000005,223.4685223,25.0,2.0,raw_prb_pct_cpu_product,50.0,0.25,1.0,30.0,correct_parts_per_min,3.5999999999999996,0.0024,0.0024,0.072,1.933333333333333,False,,,
run_129_20260630_030617_slice_ul75_dl50_edge_cpu6_bg30m_ul_best_n_320x180_speed0p5_raw,automated_experiments/results/run_129_20260630_030617_slice_ul75_dl50_edge_cpu6_bg30m_ul_best_n_320x180_speed0p5_raw,slice_ul75_dl50,75.0,50.0,edge_cpu6,6.0,0.75,320,180,320x180,0.5,best_n.pt,best_n.pt,raw,30.0,ul,oaitun_ue2,completed,False,50,0,50,50,6,0,44,6,0.12,0.0,0.88,0.12,factory_roundtrip_ms,192.45168,192.10500000000002,200.4419,201.71769999999998,220.81891999999996,62.466132419999994,69.7959266,63.59131384000001,71.20139585,63.647152500000004,71.24748355,75.0,6.0,raw_prb_pct_cpu_product,450.0,0.25,1.0,30.0,correct_parts_per_min,3.5999999999999996,0.0002666666666666667,0.0002666666666666667,0.007999999999999998,-11.4,False,,,
run_130_20260619_065926_slice_ul25_dl50_edge_cpu2_bg30m_ul_best_n_320x180_speed1p0_raw,automated_experiments/results/run_130_20260619_065926_slice_ul25_dl50_edge_cpu2_bg30m_ul_best_n_320x180_speed1p0_raw,slice_ul25_dl50,25.0,50.0,edge_cpu2,2.0,0.25,320,180,320x180,1.0,best_n.pt,best_n.pt,raw,30.0,ul,oaitun_ue2,completed,False,55,5,50,50,6,0,44,6,0.12,0.0,0.88,0.12,factory_roundtrip_ms,380.65721999999994,375.8475,438.03950000000003,446.19105,454.39417,139.37751953999998,202.85003575,146.77326084,209.1403798,146.83296376,209.1916717,25.0,2.0,raw_prb_pct_cpu_product,50.0,0.5,1.0,60.0,correct_parts_per_min,7.199999999999999,0.0024,0.0024,0.144,5.533333333333332,False,,,
run_130_20260630_031454_slice_ul75_dl50_edge_cpu6_bg30m_ul_best_n_320x180_speed1p0_raw,automated_experiments/results/run_130_20260630_031454_slice_ul75_dl50_edge_cpu6_bg30m_ul_best_n_320x180_speed1p0_raw,slice_ul75_dl50,75.0,50.0,edge_cpu6,6.0,0.75,320,180,320x180,1.0,best_n.pt,best_n.pt,raw,30.0,ul,oaitun_ue2,completed,False,55,5,50,50,7,0,43,7,0.14,0.0,0.86,0.14,factory_roundtrip_ms,191.51904,191.9975,198.8388,200.4094,205.50898999999998,61.182065380000004,69.85833855,62.239277439999995,71.3736109,62.29815916,71.43501065,75.0,6.0,raw_prb_pct_cpu_product,450.0,0.5,1.0,60.0,correct_parts_per_min,8.4,0.0003111111111111111,0.0003111111111111111,0.018666666666666668,-6.6,False,,,
run_131_20260619_070648_slice_ul25_dl50_edge_cpu2_bg30m_ul_best_n_320x180_speed1p5_raw,automated_experiments/results/run_131_20260619_070648_slice_ul25_dl50_edge_cpu2_bg30m_ul_best_n_320x180_speed1p5_raw,slice_ul25_dl50,25.0,50.0,edge_cpu2,2.0,0.25,320,180,320x180,1.5,best_n.pt,best_n.pt,raw,30.0,ul,oaitun_ue2,completed,False,50,0,50,50,6,0,44,6,0.12,0.0,0.88,0.12,factory_roundtrip_ms,396.93894,396.129,441.7958,451.02434999999997,467.14361999999994,157.5155984,213.86998824999998,163.42372823999997,219.74181654999998,163.48876381999997,219.78600685,25.0,2.0,raw_prb_pct_cpu_product,50.0,0.75,1.0,90.0,correct_parts_per_min,10.799999999999999,0.0024,0.0024,0.21599999999999997,9.133333333333333,False,,,
run_131_20260630_032127_slice_ul75_dl50_edge_cpu6_bg30m_ul_best_n_320x180_speed1p5_raw,automated_experiments/results/run_131_20260630_032127_slice_ul75_dl50_edge_cpu6_bg30m_ul_best_n_320x180_speed1p5_raw,slice_ul75_dl50,75.0,50.0,edge_cpu6,6.0,0.75,320,180,320x180,1.5,best_n.pt,best_n.pt,raw,30.0,ul,oaitun_ue2,completed,False,50,0,50,50,6,0,44,6,0.12,0.0,0.88,0.12,factory_roundtrip_ms,194.66366,195.183,203.13930000000002,208.72525,216.07810999999998,63.350836,73.26794939999999,64.4487866,74.62616539999999,64.50015788,74.67320525,75.0,6.0,raw_prb_pct_cpu_product,450.0,0.75,1.0,90.0,correct_parts_per_min,10.799999999999999,0.0002666666666666667,0.0002666666666666667,0.023999999999999997,-4.200000000000001,False,,,
run_132_20260619_071248_slice_ul25_dl50_edge_cpu2_bg30m_ul_best_n_320x180_speed2p0_raw,automated_experiments/results/run_132_20260619_071248_slice_ul25_dl50_edge_cpu2_bg30m_ul_best_n_320x180_speed2p0_raw,slice_ul25_dl50,25.0,50.0,edge_cpu2,2.0,0.25,320,180,320x180,2.0,best_n.pt,best_n.pt,raw,30.0,ul,oaitun_ue2,completed,False,50,0,50,50,6,1,43,6,0.12,0.02,0.86,0.12,factory_roundtrip_ms,398.65572,402.692,438.3451,448.77455,485.7495299999998,158.73465156,208.40494529999998,164.79416494,214.6134617,164.84515955999998,214.70915929999998,25.0,2.0,raw_prb_pct_cpu_product,50.0,1.0,1.0,120.0,correct_parts_per_min,14.399999999999999,0.0024,0.0024,0.288,12.733333333333333,False,,,
run_132_20260630_032651_slice_ul75_dl50_edge_cpu6_bg30m_ul_best_n_320x180_speed2p0_raw,automated_experiments/results/run_132_20260630_032651_slice_ul75_dl50_edge_cpu6_bg30m_ul_best_n_320x180_speed2p0_raw,slice_ul75_dl50,75.0,50.0,edge_cpu6,6.0,0.75,320,180,320x180,2.0,best_n.pt,best_n.pt,raw,30.0,ul,oaitun_ue2,completed,False,50,0,50,50,6,0,44,6,0.12,0.0,0.88,0.12,factory_roundtrip_ms,192.92648,193.237,200.53670000000002,207.07229999999998,211.45171,62.429068699999995,74.16217605,63.5414926,75.49974175,63.592745199999996,75.5487882,75.0,6.0,raw_prb_pct_cpu_product,450.0,1.0,1.0,120.0,correct_parts_per_min,14.399999999999999,0.0002666666666666667,0.0002666666666666667,0.031999999999999994,-0.6000000000000014,False,,,
run_133_20260619_071830_slice_ul25_dl50_edge_cpu1_bg30m_ul_best_n_1280x720_speed0p5_raw,automated_experiments/results/run_133_20260619_071830_slice_ul25_dl50_edge_cpu1_bg30m_ul_best_n_1280x720_speed0p5_raw,slice_ul25_dl50,25.0,50.0,edge_cpu1,1.0,0.125,1280,720,1280x720,0.5,best_n.pt,best_n.pt,raw,30.0,ul,oaitun_ue2,completed,False,71,21,50,50,28,0,22,28,0.56,0.0,0.44,0.56,factory_roundtrip_ms,1421.0395,1410.571,1498.1178,1524.8306,1684.9166899999996,449.1849332,570.1628061,520.57900788,628.710469,521.2163190800001,628.917646,25.0,1.0,raw_prb_pct_cpu_product,25.0,0.25,1.0,30.0,correct_parts_per_min,16.8,0.022400000000000003,0.022400000000000003,0.672,15.966666666666667,False,29.999953056697727,1.3328047592263426,0.7398153416292
run_133_20260630_033156_slice_ul75_dl50_edge_cpu5_bg30m_ul_best_n_1280x720_speed0p5_raw,automated_experiments/results/run_133_20260630_033156_slice_ul75_dl50_edge_cpu5_bg30m_ul_best_n_1280x720_speed0p5_raw,slice_ul75_dl50,75.0,50.0,edge_cpu5,5.0,0.625,1280,720,1280x720,0.5,best_n.pt,best_n.pt,raw,30.0,ul,oaitun_ue2,completed,False,67,17,50,50,29,0,21,29,0.58,0.0,0.42,0.58,factory_roundtrip_ms,600.9644199999999,601.1285,612.2299,613.1947,616.44346,60.8929136,68.39028789999999,69.48634956000001,78.61675634999999,69.99300696,78.92234489999998,75.0,5.0,raw_prb_pct_cpu_product,375.0,0.25,1.0,30.0,correct_parts_per_min,17.4,0.0015466666666666665,0.0015466666666666665,0.0464,4.899999999999999,False,29.999959006685664,0.0,0.5785283453111286
run_134_20260619_073107_slice_ul25_dl50_edge_cpu1_bg30m_ul_best_n_1280x720_speed1p0_raw,automated_experiments/results/run_134_20260619_073107_slice_ul25_dl50_edge_cpu1_bg30m_ul_best_n_1280x720_speed1p0_raw,slice_ul25_dl50,25.0,50.0,edge_cpu1,1.0,0.125,1280,720,1280x720,1.0,best_n.pt,best_n.pt,raw,30.0,ul,oaitun_ue2,completed,False,94,44,50,50,0,50,0,0,0.0,1.0,0.0,0.0,factory_roundtrip_ms,1413.06204,1387.7240000000002,1494.858,1586.7458499999998,1856.8687099999995,451.3344261,634.0863806499996,521.99376648,698.7611842999996,522.38984654,699.0800334999997,25.0,1.0,raw_prb_pct_cpu_product,25.0,0.5,1.0,60.0,correct_parts_per_min,0.0,0.0,0.0,0.0,-0.8333333333333334,False,29.999939050029564,1.5110707815672533,0.6523883963149064
run_134_20260630_034259_slice_ul75_dl50_edge_cpu5_bg30m_ul_best_n_1280x720_speed1p0_raw,automated_experiments/results/run_134_20260630_034259_slice_ul75_dl50_edge_cpu5_bg30m_ul_best_n_1280x720_speed1p0_raw,slice_ul75_dl50,75.0,50.0,edge_cpu5,5.0,0.625,1280,720,1280x720,1.0,best_n.pt,best_n.pt,raw,30.0,ul,oaitun_ue2,completed,False,134,84,50,50,29,0,21,29,0.58,0.0,0.42,0.58,factory_roundtrip_ms,585.89466,586.2625,600.5013,604.51515,613.8587399999999,55.09721748,67.04891385,63.10259302,76.3287355,63.449683300000004,76.6196926,75.0,5.0,raw_prb_pct_cpu_product,375.0,0.5,1.0,60.0,correct_parts_per_min,34.8,0.0015466666666666665,0.0015466666666666665,0.0928,22.299999999999997,False,29.99992980005569,0.0,0.517254843349288
run_135_20260619_074238_slice_ul25_dl50_edge_cpu1_bg30m_ul_best_n_1280x720_speed1p5_raw,automated_experiments/results/run_135_20260619_074238_slice_ul25_dl50_edge_cpu1_bg30m_ul_best_n_1280x720_speed1p5_raw,slice_ul25_dl50,25.0,50.0,edge_cpu1,1.0,0.125,1280,720,1280x720,1.5,best_n.pt,best_n.pt,raw,30.0,ul,oaitun_ue2,completed,False,65,15,50,50,0,50,0,0,0.0,1.0,0.0,0.0,factory_roundtrip_ms,1408.69856,1390.52,1483.5934,1536.9794,2010.5274299999983,447.50748352000005,541.3908313999998,516.09752416,633.0039018499999,516.51108892,633.2993083499999,25.0,1.0,raw_prb_pct_cpu_product,25.0,0.75,1.0,90.0,correct_parts_per_min,0.0,0.0,0.0,0.0,-0.8333333333333334,False,,,
run_135_20260630_035626_slice_ul75_dl50_edge_cpu5_bg30m_ul_best_n_1280x720_speed1p5_raw,automated_experiments/results/run_135_20260630_035626_slice_ul75_dl50_edge_cpu5_bg30m_ul_best_n_1280x720_speed1p5_raw,slice_ul75_dl50,75.0,50.0,edge_cpu5,5.0,0.625,1280,720,1280x720,1.5,best_n.pt,best_n.pt,raw,30.0,ul,oaitun_ue2,completed,False,84,34,50,50,30,0,20,30,0.6,0.0,0.4,0.6,factory_roundtrip_ms,600.29316,598.5275,614.1369,616.5765,625.1840599999999,60.28690584,70.40526159999997,68.18474674000001,78.55211214999999,68.59471969999998,79.62780329999998,75.0,5.0,raw_prb_pct_cpu_product,375.0,0.75,1.0,90.0,correct_parts_per_min,54.0,0.0015999999999999999,0.0015999999999999999,0.144,41.5,False,,,
run_136_20260619_075015_slice_ul25_dl50_edge_cpu1_bg30m_ul_best_n_1280x720_speed2p0_raw,automated_experiments/results/run_136_20260619_075015_slice_ul25_dl50_edge_cpu1_bg30m_ul_best_n_1280x720_speed2p0_raw,slice_ul25_dl50,25.0,50.0,edge_cpu1,1.0,0.125,1280,720,1280x720,2.0,best_n.pt,best_n.pt,raw,30.0,ul,oaitun_ue2,completed,False,53,3,50,50,0,50,0,0,0.0,1.0,0.0,0.0,factory_roundtrip_ms,1386.9174400000002,1372.6365,1461.9158,1503.09055,1546.58971,418.32630332,528.6704573499999,490.48595523999995,610.2819556999999,490.87540773999996,610.8289845499999,25.0,1.0,raw_prb_pct_cpu_product,25.0,1.0,1.0,120.0,correct_parts_per_min,0.0,0.0,0.0,0.0,-0.8333333333333334,False,,,
run_136_20260630_040442_slice_ul75_dl50_edge_cpu5_bg30m_ul_best_n_1280x720_speed2p0_raw,automated_experiments/results/run_136_20260630_040442_slice_ul75_dl50_edge_cpu5_bg30m_ul_best_n_1280x720_speed2p0_raw,slice_ul75_dl50,75.0,50.0,edge_cpu5,5.0,0.625,1280,720,1280x720,2.0,best_n.pt,best_n.pt,raw,30.0,ul,oaitun_ue2,completed,False,80,30,50,50,0,50,0,0,0.0,1.0,0.0,0.0,factory_roundtrip_ms,600.4566199999999,599.927,609.8195,618.34695,639.69256,60.31980116,69.4738672,67.88141164000001,78.39170935,68.25806895999999,78.7748202,75.0,5.0,raw_prb_pct_cpu_product,375.0,1.0,1.0,120.0,correct_parts_per_min,0.0,0.0,0.0,0.0,-12.5,False,,,
run_137_20260619_075622_slice_ul25_dl50_edge_cpu1_bg30m_ul_best_n_640x360_speed0p5_raw,automated_experiments/results/run_137_20260619_075622_slice_ul25_dl50_edge_cpu1_bg30m_ul_best_n_640x360_speed0p5_raw,slice_ul25_dl50,25.0,50.0,edge_cpu1,1.0,0.125,640,360,640x360,0.5,best_n.pt,best_n.pt,raw,30.0,ul,oaitun_ue2,completed,False,54,4,50,50,15,0,35,15,0.3,0.0,0.7,0.3,factory_roundtrip_ms,920.7142,929.053,984.0753000000001,1024.8669,1058.1993699999998,440.3719778,542.31006885,468.9757388399999,571.1132472499999,469.09177388000006,571.2326316499999,25.0,1.0,raw_prb_pct_cpu_product,25.0,0.25,1.0,30.0,correct_parts_per_min,9.0,0.012,0.012,0.36,8.166666666666666,False,,,
run_137_20260630_041215_slice_ul75_dl50_edge_cpu5_bg30m_ul_best_n_640x360_speed0p5_raw,automated_experiments/results/run_137_20260630_041215_slice_ul75_dl50_edge_cpu5_bg30m_ul_best_n_640x360_speed0p5_raw,slice_ul75_dl50,75.0,50.0,edge_cpu5,5.0,0.625,640,360,640x360,0.5,best_n.pt,best_n.pt,raw,30.0,ul,oaitun_ue2,completed,False,50,0,50,50,15,0,35,15,0.3,0.0,0.7,0.3,factory_roundtrip_ms,339.03176,338.1805,349.5476,354.25485,356.40707,65.77530412,75.18108735,68.18479014,77.66725360000001,68.29325722,77.8518813,75.0,5.0,raw_prb_pct_cpu_product,375.0,0.25,1.0,30.0,correct_parts_per_min,9.0,0.0007999999999999999,0.0007999999999999999,0.024,-3.5,False,,,
run_138_20260619_080645_slice_ul25_dl50_edge_cpu1_bg30m_ul_best_n_640x360_speed1p0_raw,automated_experiments/results/run_138_20260619_080645_slice_ul25_dl50_edge_cpu1_bg30m_ul_best_n_640x360_speed1p0_raw,slice_ul25_dl50,25.0,50.0,edge_cpu1,1.0,0.125,640,360,640x360,1.0,best_n.pt,best_n.pt,raw,30.0,ul,oaitun_ue2,completed,False,107,24,83,83,19,11,53,19,0.2289156626506024,0.13253012048192772,0.6385542168674698,0.2289156626506024,factory_roundtrip_ms,916.0394698795183,892.266,1018.0884,1037.1986,1550.980599999999,448.10203866265056,582.9365112999999,470.20713150602415,598.1427756999999,470.2991534698795,598.1863119999999,25.0,1.0,raw_prb_pct_cpu_product,25.0,0.5,1.0,60.0,correct_parts_per_min,13.734939759036143,0.009156626506024095,0.009156626506024095,0.5493975903614458,12.90160642570281,False,,,
run_138_20260630_042056_slice_ul75_dl50_edge_cpu5_bg30m_ul_best_n_640x360_speed1p0_raw,automated_experiments/results/run_138_20260630_042056_slice_ul75_dl50_edge_cpu5_bg30m_ul_best_n_640x360_speed1p0_raw,slice_ul75_dl50,75.0,50.0,edge_cpu5,5.0,0.625,640,360,640x360,1.0,best_n.pt,best_n.pt,raw,30.0,ul,oaitun_ue2,completed,False,62,12,50,50,13,0,37,13,0.26,0.0,0.74,0.26,factory_roundtrip_ms,333.74716,332.4575,343.5148,347.90049999999997,356.57006,62.84617730000001,72.025725,65.29145012,74.78111874999999,65.37653225999999,74.8588719,75.0,5.0,raw_prb_pct_cpu_product,375.0,0.5,1.0,60.0,correct_parts_per_min,15.600000000000001,0.0006933333333333333,0.0006933333333333333,0.041600000000000005,3.1000000000000014,False,,,
run_139_20260619_082245_slice_ul25_dl50_edge_cpu1_bg30m_ul_best_n_640x360_speed1p5_raw,automated_experiments/results/run_139_20260619_082245_slice_ul25_dl50_edge_cpu1_bg30m_ul_best_n_640x360_speed1p5_raw,slice_ul25_dl50,25.0,50.0,edge_cpu1,1.0,0.125,640,360,640x360,1.5,best_n.pt,best_n.pt,raw,30.0,ul,oaitun_ue2,completed,False,55,5,50,50,0,50,0,0,0.0,1.0,0.0,0.0,factory_roundtrip_ms,889.90564,881.645,947.4407,953.79275,1027.84072,421.72962143999996,495.4064799,444.67492268,511.8834952,444.75848114,511.93296575,25.0,1.0,raw_prb_pct_cpu_product,25.0,0.75,1.0,90.0,correct_parts_per_min,0.0,0.0,0.0,0.0,-0.8333333333333334,False,,,
run_139_20260630_042836_slice_ul75_dl50_edge_cpu5_bg30m_ul_best_n_640x360_speed1p5_raw,automated_experiments/results/run_139_20260630_042836_slice_ul75_dl50_edge_cpu5_bg30m_ul_best_n_640x360_speed1p5_raw,slice_ul75_dl50,75.0,50.0,edge_cpu5,5.0,0.625,640,360,640x360,1.5,best_n.pt,best_n.pt,raw,30.0,ul,oaitun_ue2,completed,False,53,3,50,50,13,0,37,13,0.26,0.0,0.74,0.26,factory_roundtrip_ms,334.43316,333.149,345.306,350.17085,363.13996999999995,62.112205759999995,73.72073755,65.4251445,77.8692196,65.58056218,77.98475384999999,75.0,5.0,raw_prb_pct_cpu_product,375.0,0.75,1.0,90.0,correct_parts_per_min,23.400000000000002,0.0006933333333333333,0.0006933333333333333,0.062400000000000004,10.900000000000002,False,,,
run_140_20260619_082929_slice_ul25_dl50_edge_cpu1_bg30m_ul_best_n_640x360_speed2p0_raw,automated_experiments/results/run_140_20260619_082929_slice_ul25_dl50_edge_cpu1_bg30m_ul_best_n_640x360_speed2p0_raw,slice_ul25_dl50,25.0,50.0,edge_cpu1,1.0,0.125,640,360,640x360,2.0,best_n.pt,best_n.pt,raw,30.0,ul,oaitun_ue2,completed,False,50,0,50,50,0,50,0,0,0.0,1.0,0.0,0.0,factory_roundtrip_ms,942.18442,925.9449999999999,1025.6914,1038.7524,1300.1373999999992,477.4311730199999,583.80114305,500.51740942000004,601.9052608,500.6073206400001,601.9576187499999,25.0,1.0,raw_prb_pct_cpu_product,25.0,1.0,1.0,120.0,correct_parts_per_min,0.0,0.0,0.0,0.0,-0.8333333333333334,False,,,
run_140_20260630_043427_slice_ul75_dl50_edge_cpu5_bg30m_ul_best_n_640x360_speed2p0_raw,automated_experiments/results/run_140_20260630_043427_slice_ul75_dl50_edge_cpu5_bg30m_ul_best_n_640x360_speed2p0_raw,slice_ul75_dl50,75.0,50.0,edge_cpu5,5.0,0.625,640,360,640x360,2.0,best_n.pt,best_n.pt,raw,30.0,ul,oaitun_ue2,completed,False,50,0,50,50,14,0,36,14,0.28,0.0,0.72,0.28,factory_roundtrip_ms,333.4628,331.72249999999997,342.2487,347.95835,366.76663999999994,63.37696215999999,74.00336659999999,65.98404308,76.23891505,66.10262792,76.64173480000001,75.0,5.0,raw_prb_pct_cpu_product,375.0,1.0,1.0,120.0,correct_parts_per_min,33.6,0.0007466666666666667,0.0007466666666666667,0.0896,21.1,False,,,
run_141_20260619_083522_slice_ul25_dl50_edge_cpu1_bg30m_ul_best_n_320x180_speed0p5_raw,automated_experiments/results/run_141_20260619_083522_slice_ul25_dl50_edge_cpu1_bg30m_ul_best_n_320x180_speed0p5_raw,slice_ul25_dl50,25.0,50.0,edge_cpu1,1.0,0.125,320,180,320x180,0.5,best_n.pt,best_n.pt,raw,30.0,ul,oaitun_ue2,completed,False,50,0,50,50,5,0,45,5,0.1,0.0,0.9,0.1,factory_roundtrip_ms,674.57748,681.899,751.2277,785.9721,817.99727,432.03995252,543.44555225,441.67212570000004,549.3083584,441.72579028,549.3436141999999,25.0,1.0,raw_prb_pct_cpu_product,25.0,0.25,1.0,30.0,correct_parts_per_min,3.0,0.004,0.004,0.12,2.1666666666666665,False,,,
run_141_20260630_043946_slice_ul75_dl50_edge_cpu5_bg30m_ul_best_n_320x180_speed0p5_raw,automated_experiments/results/run_141_20260630_043946_slice_ul75_dl50_edge_cpu5_bg30m_ul_best_n_320x180_speed0p5_raw,slice_ul75_dl50,75.0,50.0,edge_cpu5,5.0,0.625,320,180,320x180,0.5,best_n.pt,best_n.pt,raw,30.0,ul,oaitun_ue2,completed,False,50,0,50,50,6,0,44,6,0.12,0.0,0.88,0.12,factory_roundtrip_ms,194.53322,192.8535,206.0136,207.68545,216.24363999999997,62.51145994,72.30725075,63.611014000000004,73.61931324999999,63.664462359999995,73.65423505,75.0,5.0,raw_prb_pct_cpu_product,375.0,0.25,1.0,30.0,correct_parts_per_min,3.5999999999999996,0.00031999999999999997,0.00031999999999999997,0.0096,-8.9,False,,,
run_142_20260619_084514_slice_ul25_dl50_edge_cpu1_bg30m_ul_best_n_320x180_speed1p0_raw,automated_experiments/results/run_142_20260619_084514_slice_ul25_dl50_edge_cpu1_bg30m_ul_best_n_320x180_speed1p0_raw,slice_ul25_dl50,25.0,50.0,edge_cpu1,1.0,0.125,320,180,320x180,1.0,best_n.pt,best_n.pt,raw,30.0,ul,oaitun_ue2,completed,False,53,3,50,50,6,1,43,6,0.12,0.02,0.86,0.12,factory_roundtrip_ms,643.3132199999999,612.0765,729.6569,818.8373499999999,963.7091999999998,407.70242068000005,574.2911231499999,413.58649913999994,582.5272399999999,413.64017765999995,582.6030315999999,25.0,1.0,raw_prb_pct_cpu_product,25.0,0.5,1.0,60.0,correct_parts_per_min,7.199999999999999,0.0048,0.0048,0.288,6.366666666666666,False,,,
run_142_20260630_044844_slice_ul75_dl50_edge_cpu5_bg30m_ul_best_n_320x180_speed1p0_raw,automated_experiments/results/run_142_20260630_044844_slice_ul75_dl50_edge_cpu5_bg30m_ul_best_n_320x180_speed1p0_raw,slice_ul75_dl50,75.0,50.0,edge_cpu5,5.0,0.625,320,180,320x180,1.0,best_n.pt,best_n.pt,raw,30.0,ul,oaitun_ue2,completed,False,53,3,50,50,6,0,44,6,0.12,0.0,0.88,0.12,factory_roundtrip_ms,191.15624,189.946,199.8623,205.53054999999998,215.48466999999997,59.84992004000001,70.49788545,60.91389612,71.64156034999999,60.97157863999999,71.79060245,75.0,5.0,raw_prb_pct_cpu_product,375.0,0.5,1.0,60.0,correct_parts_per_min,7.199999999999999,0.00031999999999999997,0.00031999999999999997,0.0192,-5.300000000000001,False,,,
run_143_20260619_085242_slice_ul25_dl50_edge_cpu1_bg30m_ul_best_n_320x180_speed1p5_raw,automated_experiments/results/run_143_20260619_085242_slice_ul25_dl50_edge_cpu1_bg30m_ul_best_n_320x180_speed1p5_raw,slice_ul25_dl50,25.0,50.0,edge_cpu1,1.0,0.125,320,180,320x180,1.5,best_n.pt,best_n.pt,raw,30.0,ul,oaitun_ue2,completed,False,50,0,50,50,5,28,17,5,0.1,0.56,0.34,0.1,factory_roundtrip_ms,683.4026799999999,667.1725,748.0163,754.9542,1172.2725899999987,440.50390202,529.3511626999999,450.03543622000007,534.9630966499999,450.08751432,535.0096727499999,25.0,1.0,raw_prb_pct_cpu_product,25.0,0.75,1.0,90.0,correct_parts_per_min,9.0,0.004,0.004,0.36,8.166666666666666,False,,,
run_143_20260630_045526_slice_ul75_dl50_edge_cpu5_bg30m_ul_best_n_320x180_speed1p5_raw,automated_experiments/results/run_143_20260630_045526_slice_ul75_dl50_edge_cpu5_bg30m_ul_best_n_320x180_speed1p5_raw,slice_ul75_dl50,75.0,50.0,edge_cpu5,5.0,0.625,320,180,320x180,1.5,best_n.pt,best_n.pt,raw,30.0,ul,oaitun_ue2,completed,False,50,0,50,50,7,0,43,7,0.14,0.0,0.86,0.14,factory_roundtrip_ms,196.07666,196.6525,206.95970000000003,211.25775000000002,214.98466,63.84766398,73.97609935,65.03830546,75.4059853,65.0996737,75.43882685,75.0,5.0,raw_prb_pct_cpu_product,375.0,0.75,1.0,90.0,correct_parts_per_min,12.600000000000001,0.0003733333333333334,0.0003733333333333334,0.033600000000000005,0.10000000000000142,False,,,
run_144_20260619_085900_slice_ul25_dl50_edge_cpu1_bg30m_ul_best_n_320x180_speed2p0_raw,automated_experiments/results/run_144_20260619_085900_slice_ul25_dl50_edge_cpu1_bg30m_ul_best_n_320x180_speed2p0_raw,slice_ul25_dl50,25.0,50.0,edge_cpu1,1.0,0.125,320,180,320x180,2.0,best_n.pt,best_n.pt,raw,30.0,ul,oaitun_ue2,completed,False,51,1,50,50,0,50,0,0,0.0,1.0,0.0,0.0,factory_roundtrip_ms,670.65996,664.9235,776.6789,810.90705,828.20191,433.48855468,570.7426624499999,439.61704421999985,577.3045915499999,439.6728875199999,577.343054,25.0,1.0,raw_prb_pct_cpu_product,25.0,1.0,1.0,120.0,correct_parts_per_min,0.0,0.0,0.0,0.0,-0.8333333333333334,False,,,
run_144_20260630_050102_slice_ul75_dl50_edge_cpu5_bg30m_ul_best_n_320x180_speed2p0_raw,automated_experiments/results/run_144_20260630_050102_slice_ul75_dl50_edge_cpu5_bg30m_ul_best_n_320x180_speed2p0_raw,slice_ul75_dl50,75.0,50.0,edge_cpu5,5.0,0.625,320,180,320x180,2.0,best_n.pt,best_n.pt,raw,30.0,ul,oaitun_ue2,completed,False,50,0,50,50,6,0,44,6,0.12,0.0,0.88,0.12,factory_roundtrip_ms,192.38988,190.898,202.52710000000002,211.65119999999996,224.73223,62.15422825999999,75.38517635,63.31453331999999,76.95715469999999,63.36840074,77.0196809,75.0,5.0,raw_prb_pct_cpu_product,375.0,1.0,1.0,120.0,correct_parts_per_min,14.399999999999999,0.00031999999999999997,0.00031999999999999997,0.0384,1.8999999999999986,False,,,
run_145_20260619_090503_slice_ul15_dl50_edge_cpu8_bg30m_ul_best_n_1280x720_speed0p5_raw,automated_experiments/results/run_145_20260619_090503_slice_ul15_dl50_edge_cpu8_bg30m_ul_best_n_1280x720_speed0p5_raw,slice_ul15_dl50,15.0,50.0,edge_cpu8,8.0,1.0,1280,720,1280x720,0.5,best_n.pt,best_n.pt,raw,30.0,ul,oaitun_ue2,completed,False,72,22,50,50,32,0,18,32,0.64,0.0,0.36,0.64,factory_roundtrip_ms,1368.59978,1368.2115,1394.4782,1405.9468,1465.5728299999998,54.431013140000005,62.18233325,105.96231032000001,120.9421223,106.59581385999999,124.7942826,15.0,8.0,raw_prb_pct_cpu_product,120.0,0.25,1.0,30.0,correct_parts_per_min,19.2,0.005333333333333333,0.005333333333333333,0.16,15.2,False,29.999959306685117,0.0,0.5886303559684417
run_146_20260619_091815_slice_ul15_dl50_edge_cpu8_bg30m_ul_best_n_1280x720_speed1p0_raw,automated_experiments/results/run_146_20260619_091815_slice_ul15_dl50_edge_cpu8_bg30m_ul_best_n_1280x720_speed1p0_raw,slice_ul15_dl50,15.0,50.0,edge_cpu8,8.0,1.0,1280,720,1280x720,1.0,best_n.pt,best_n.pt,raw,30.0,ul,oaitun_ue2,completed,False,103,53,50,50,0,50,0,0,0.0,1.0,0.0,0.0,factory_roundtrip_ms,1345.7469,1349.5059999999999,1365.0035,1368.2516,1389.32986,52.84498565999999,62.7366482,100.25007318,112.66617255,100.57867548,112.982365,15.0,8.0,raw_prb_pct_cpu_product,120.0,0.5,1.0,60.0,correct_parts_per_min,0.0,0.0,0.0,0.0,-4.0,False,29.99993205004881,0.0,0.5416181553599944
run_147_20260619_093101_slice_ul15_dl50_edge_cpu8_bg30m_ul_best_n_1280x720_speed1p5_raw,automated_experiments/results/run_147_20260619_093101_slice_ul15_dl50_edge_cpu8_bg30m_ul_best_n_1280x720_speed1p5_raw,slice_ul15_dl50,15.0,50.0,edge_cpu8,8.0,1.0,1280,720,1280x720,1.5,best_n.pt,best_n.pt,raw,30.0,ul,oaitun_ue2,completed,False,76,26,50,50,0,50,0,0,0.0,1.0,0.0,0.0,factory_roundtrip_ms,1364.4195799999998,1360.2275,1377.5801999999999,1406.4068,1445.8272499999998,55.28442148000001,63.161804399999994,105.8866323,117.87511764999999,106.40197966,119.57130855,15.0,8.0,raw_prb_pct_cpu_product,120.0,0.75,1.0,90.0,correct_parts_per_min,0.0,0.0,0.0,0.0,-4.0,False,,,
run_148_20260619_094007_slice_ul15_dl50_edge_cpu8_bg30m_ul_best_n_1280x720_speed2p0_raw,automated_experiments/results/run_148_20260619_094007_slice_ul15_dl50_edge_cpu8_bg30m_ul_best_n_1280x720_speed2p0_raw,slice_ul15_dl50,15.0,50.0,edge_cpu8,8.0,1.0,1280,720,1280x720,2.0,best_n.pt,best_n.pt,raw,30.0,ul,oaitun_ue2,completed,False,71,21,50,50,0,50,0,0,0.0,1.0,0.0,0.0,factory_roundtrip_ms,1372.2237,1363.0639999999999,1396.6535000000001,1486.1356,1501.54872,55.69644788000001,61.243170649999996,103.97296184000001,113.4350796,104.31939232,113.7666964,15.0,8.0,raw_prb_pct_cpu_product,120.0,1.0,1.0,120.0,correct_parts_per_min,0.0,0.0,0.0,0.0,-4.0,False,,,
run_149_20260619_094758_slice_ul15_dl50_edge_cpu8_bg30m_ul_best_n_640x360_speed0p5_raw,automated_experiments/results/run_149_20260619_094758_slice_ul15_dl50_edge_cpu8_bg30m_ul_best_n_640x360_speed0p5_raw,slice_ul15_dl50,15.0,50.0,edge_cpu8,8.0,1.0,640,360,640x360,0.5,best_n.pt,best_n.pt,raw,30.0,ul,oaitun_ue2,completed,False,50,0,50,50,12,0,38,12,0.24,0.0,0.76,0.24,factory_roundtrip_ms,646.23358,642.5885000000001,659.1951,661.9378,717.8469099999999,62.64881275999999,71.5737391,78.71703426,89.36373755,78.82356074,89.581848,15.0,8.0,raw_prb_pct_cpu_product,120.0,0.25,1.0,30.0,correct_parts_per_min,7.199999999999999,0.002,0.002,0.05999999999999999,3.1999999999999993,False,,,
run_150_20260619_095801_slice_ul15_dl50_edge_cpu8_bg30m_ul_best_n_640x360_speed1p0_raw,automated_experiments/results/run_150_20260619_095801_slice_ul15_dl50_edge_cpu8_bg30m_ul_best_n_640x360_speed1p0_raw,slice_ul15_dl50,15.0,50.0,edge_cpu8,8.0,1.0,640,360,640x360,1.0,best_n.pt,best_n.pt,raw,30.0,ul,oaitun_ue2,completed,False,59,9,50,50,11,0,39,11,0.22,0.0,0.78,0.22,factory_roundtrip_ms,637.61466,636.267,650.1629,656.47255,664.79687,62.5191073,70.46162005,78.65660869999999,90.4948209,78.74898592,90.57749575,15.0,8.0,raw_prb_pct_cpu_product,120.0,0.5,1.0,60.0,correct_parts_per_min,13.2,0.0018333333333333333,0.0018333333333333333,0.11,9.2,False,,,
run_151_20260619_100612_slice_ul15_dl50_edge_cpu8_bg30m_ul_best_n_640x360_speed1p5_raw,automated_experiments/results/run_151_20260619_100612_slice_ul15_dl50_edge_cpu8_bg30m_ul_best_n_640x360_speed1p5_raw,slice_ul15_dl50,15.0,50.0,edge_cpu8,8.0,1.0,640,360,640x360,1.5,best_n.pt,best_n.pt,raw,30.0,ul,oaitun_ue2,completed,False,54,4,50,50,10,14,26,10,0.2,0.28,0.52,0.2,factory_roundtrip_ms,653.6506400000001,641.509,657.4977,685.75245,876.1418999999997,63.318001960000004,74.80558975,79.89872546000001,94.65753529999999,79.98285197999999,94.8197203,15.0,8.0,raw_prb_pct_cpu_product,120.0,0.75,1.0,90.0,correct_parts_per_min,18.0,0.0016666666666666668,0.0016666666666666668,0.15,14.0,False,,,
run_152_20260619_101302_slice_ul15_dl50_edge_cpu8_bg30m_ul_best_n_640x360_speed2p0_raw,automated_experiments/results/run_152_20260619_101302_slice_ul15_dl50_edge_cpu8_bg30m_ul_best_n_640x360_speed2p0_raw,slice_ul15_dl50,15.0,50.0,edge_cpu8,8.0,1.0,640,360,640x360,2.0,best_n.pt,best_n.pt,raw,30.0,ul,oaitun_ue2,completed,False,50,0,50,50,0,50,0,0,0.0,1.0,0.0,0.0,factory_roundtrip_ms,651.4084,641.7975,663.8765000000001,684.6202,833.5842899999996,64.82314542,76.12510400000001,81.1302556,92.23061605,81.25157410000001,92.370819,15.0,8.0,raw_prb_pct_cpu_product,120.0,1.0,1.0,120.0,correct_parts_per_min,0.0,0.0,0.0,0.0,-4.0,False,,,
run_153_20260619_101908_slice_ul15_dl50_edge_cpu8_bg30m_ul_best_n_320x180_speed0p5_raw,automated_experiments/results/run_153_20260619_101908_slice_ul15_dl50_edge_cpu8_bg30m_ul_best_n_320x180_speed0p5_raw,slice_ul15_dl50,15.0,50.0,edge_cpu8,8.0,1.0,320,180,320x180,0.5,best_n.pt,best_n.pt,raw,30.0,ul,oaitun_ue2,completed,False,50,0,50,50,4,0,46,4,0.08,0.0,0.92,0.08,factory_roundtrip_ms,416.23928,372.578,589.1390000000001,670.3391999999998,738.6555799999999,62.474617699999996,71.10986949999999,69.03201852,79.55819994999999,69.09772205999998,79.9617986,15.0,8.0,raw_prb_pct_cpu_product,120.0,0.25,1.0,30.0,correct_parts_per_min,2.4,0.0006666666666666666,0.0006666666666666666,0.02,-1.6,False,,,
run_154_20260619_102901_slice_ul15_dl50_edge_cpu8_bg30m_ul_best_n_320x180_speed1p0_raw,automated_experiments/results/run_154_20260619_102901_slice_ul15_dl50_edge_cpu8_bg30m_ul_best_n_320x180_speed1p0_raw,slice_ul15_dl50,15.0,50.0,edge_cpu8,8.0,1.0,320,180,320x180,1.0,best_n.pt,best_n.pt,raw,30.0,ul,oaitun_ue2,completed,False,55,5,50,50,6,0,44,6,0.12,0.0,0.88,0.12,factory_roundtrip_ms,412.02173999999997,362.7895,646.0806,685.0168,747.2949499999999,58.05132410000001,68.23356375,64.17451924,75.46948834999999,64.23041156000001,75.5270342,15.0,8.0,raw_prb_pct_cpu_product,120.0,0.5,1.0,60.0,correct_parts_per_min,7.199999999999999,0.001,0.001,0.05999999999999999,3.1999999999999993,False,,,
run_155_20260619_103635_slice_ul15_dl50_edge_cpu8_bg30m_ul_best_n_320x180_speed1p5_raw,automated_experiments/results/run_155_20260619_103635_slice_ul15_dl50_edge_cpu8_bg30m_ul_best_n_320x180_speed1p5_raw,slice_ul15_dl50,15.0,50.0,edge_cpu8,8.0,1.0,320,180,320x180,1.5,best_n.pt,best_n.pt,raw,30.0,ul,oaitun_ue2,completed,False,51,1,50,50,5,6,39,5,0.1,0.12,0.78,0.1,factory_roundtrip_ms,431.43022,374.5055,662.5847,743.6944999999998,839.3093399999999,60.402292859999996,69.74819295,66.41515306000001,76.90327295,66.46900993999999,76.9877816,15.0,8.0,raw_prb_pct_cpu_product,120.0,0.75,1.0,90.0,correct_parts_per_min,9.0,0.0008333333333333334,0.0008333333333333334,0.075,5.0,False,,,
run_156_20260619_104259_slice_ul15_dl50_edge_cpu8_bg30m_ul_best_n_320x180_speed2p0_raw,automated_experiments/results/run_156_20260619_104259_slice_ul15_dl50_edge_cpu8_bg30m_ul_best_n_320x180_speed2p0_raw,slice_ul15_dl50,15.0,50.0,edge_cpu8,8.0,1.0,320,180,320x180,2.0,best_n.pt,best_n.pt,raw,30.0,ul,oaitun_ue2,completed,False,51,1,50,50,6,8,36,6,0.12,0.16,0.72,0.12,factory_roundtrip_ms,436.4128,380.02250000000004,643.9469000000003,799.9278499999999,876.0193799999998,65.46195052000002,81.54138064999998,71.70229872,89.78650569999998,71.76427142,89.83569739999999,15.0,8.0,raw_prb_pct_cpu_product,120.0,1.0,1.0,120.0,correct_parts_per_min,14.399999999999999,0.001,0.001,0.11999999999999998,10.399999999999999,False,,,
run_157_20260619_104915_slice_ul15_dl50_edge_cpu4_bg30m_ul_best_n_1280x720_speed0p5_raw,automated_experiments/results/run_157_20260619_104915_slice_ul15_dl50_edge_cpu4_bg30m_ul_best_n_1280x720_speed0p5_raw,slice_ul15_dl50,15.0,50.0,edge_cpu4,4.0,0.5,1280,720,1280x720,0.5,best_n.pt,best_n.pt,raw,30.0,ul,oaitun_ue2,completed,False,94,44,50,50,25,2,23,25,0.5,0.04,0.46,0.5,factory_roundtrip_ms,1435.1878600000002,1380.345,1617.6590000000003,1899.1543499999998,2078.99717,57.03380952,86.78674919999999,106.95725852,144.67768984999998,107.48293022,144.84956814999998,15.0,4.0,raw_prb_pct_cpu_product,60.0,0.25,1.0,30.0,correct_parts_per_min,15.0,0.008333333333333333,0.008333333333333333,0.25,13.0,False,29.9999329000463,0.0,0.5283353658461555
run_157_20260630_050608_slice_ul75_dl50_edge_cpu3_bg30m_ul_best_n_1280x720_speed0p5_raw,automated_experiments/results/run_157_20260630_050608_slice_ul75_dl50_edge_cpu3_bg30m_ul_best_n_1280x720_speed0p5_raw,slice_ul75_dl50,75.0,50.0,edge_cpu3,3.0,0.375,1280,720,1280x720,0.5,best_n.pt,best_n.pt,raw,30.0,ul,oaitun_ue2,completed,False,71,21,50,50,30,0,20,30,0.6,0.0,0.4,0.6,factory_roundtrip_ms,621.8746,625.425,653.569,662.6066999999999,665.13057,83.94621708000001,119.66392059999998,92.8955246,128.5427484,93.4645748,128.7645445,75.0,3.0,raw_prb_pct_cpu_product,225.0,0.25,1.0,30.0,correct_parts_per_min,18.0,0.0026666666666666666,0.0026666666666666666,0.08,10.5,False,29.999940600025738,0.0245195045901671,0.507187756804659
run_158_20260619_115246_slice_ul15_dl50_edge_cpu4_bg30m_ul_best_n_1280x720_speed1p0_raw,automated_experiments/results/run_158_20260619_115246_slice_ul15_dl50_edge_cpu4_bg30m_ul_best_n_1280x720_speed1p0_raw,slice_ul15_dl50,15.0,50.0,edge_cpu4,4.0,0.5,1280,720,1280x720,1.0,best_n.pt,best_n.pt,raw,30.0,ul,oaitun_ue2,completed,False,148,98,50,50,0,50,0,0,0.0,1.0,0.0,0.0,factory_roundtrip_ms,1377.49692,1368.496,1422.9709,1430.2811000000002,1465.61503,53.89800146,83.04085454999999,102.18337428,134.14588234999997,102.50482278000001,134.52997284999998,15.0,4.0,raw_prb_pct_cpu_product,60.0,0.5,1.0,60.0,correct_parts_per_min,0.0,0.0,0.0,0.0,-2.0,False,29.999939750027817,0.0,0.63996159484214
run_158_20260630_051816_slice_ul75_dl50_edge_cpu3_bg30m_ul_best_n_1280x720_speed1p0_raw,automated_experiments/results/run_158_20260630_051816_slice_ul75_dl50_edge_cpu3_bg30m_ul_best_n_1280x720_speed1p0_raw,slice_ul75_dl50,75.0,50.0,edge_cpu3,3.0,0.375,1280,720,1280x720,1.0,best_n.pt,best_n.pt,raw,30.0,ul,oaitun_ue2,completed,False,130,80,50,50,31,0,19,31,0.62,0.0,0.38,0.62,factory_roundtrip_ms,610.7985,614.2855,642.9137000000001,652.9986,661.02621,79.06523311999999,116.45886189999999,87.87567459999998,128.45868435,88.25612457999999,129.50578005,75.0,3.0,raw_prb_pct_cpu_product,225.0,0.5,1.0,60.0,correct_parts_per_min,37.2,0.0027555555555555554,0.0027555555555555554,0.16533333333333333,29.700000000000003,False,29.999942300021733,0.017697805150383078,0.500945907335547
run_159_20260619_121242_slice_ul15_dl50_edge_cpu4_bg30m_ul_best_n_1280x720_speed1p5_raw,automated_experiments/results/run_159_20260619_121242_slice_ul15_dl50_edge_cpu4_bg30m_ul_best_n_1280x720_speed1p5_raw,slice_ul15_dl50,15.0,50.0,edge_cpu4,4.0,0.5,1280,720,1280x720,1.5,best_n.pt,best_n.pt,raw,30.0,ul,oaitun_ue2,completed,False,108,58,50,50,0,50,0,0,0.0,1.0,0.0,0.0,factory_roundtrip_ms,1408.0402199999999,1410.0884999999998,1445.3926,1449.3885500000001,1454.33099,61.8535829,94.75387574999996,113.39558887999998,149.86048275,113.8540627,150.12457014999998,15.0,4.0,raw_prb_pct_cpu_product,60.0,0.75,1.0,90.0,correct_parts_per_min,0.0,0.0,0.0,0.0,-2.0,False,29.999935500038916,0.002702937513876688,0.565234819691201
run_159_20260630_053202_slice_ul75_dl50_edge_cpu3_bg30m_ul_best_n_1280x720_speed1p5_raw,automated_experiments/results/run_159_20260630_053202_slice_ul75_dl50_edge_cpu3_bg30m_ul_best_n_1280x720_speed1p5_raw,slice_ul75_dl50,75.0,50.0,edge_cpu3,3.0,0.375,1280,720,1280x720,1.5,best_n.pt,best_n.pt,raw,30.0,ul,oaitun_ue2,completed,False,83,33,50,50,24,13,13,24,0.48,0.26,0.26,0.48,factory_roundtrip_ms,635.3929400000001,630.2284999999999,665.8906000000001,712.8553499999997,769.55761,95.95097573999999,177.55366049999978,103.84237694,185.45808049999977,104.09867361999999,185.72519664999976,75.0,3.0,raw_prb_pct_cpu_product,225.0,0.75,1.0,90.0,correct_parts_per_min,43.199999999999996,0.0021333333333333334,0.0021333333333333334,0.19199999999999998,35.699999999999996,False,,,
run_160_20260619_122618_slice_ul15_dl50_edge_cpu4_bg30m_ul_best_n_1280x720_speed2p0_raw,automated_experiments/results/run_160_20260619_122618_slice_ul15_dl50_edge_cpu4_bg30m_ul_best_n_1280x720_speed2p0_raw,slice_ul15_dl50,15.0,50.0,edge_cpu4,4.0,0.5,1280,720,1280x720,2.0,best_n.pt,best_n.pt,raw,30.0,ul,oaitun_ue2,completed,False,79,29,50,50,0,50,0,0,0.0,1.0,0.0,0.0,factory_roundtrip_ms,1430.5639599999997,1428.4385,1452.2284000000002,1458.6183,1551.6726899999996,68.48024555999999,94.12198534999997,120.74692208,152.84015695,121.33290129999999,155.34924304999998,15.0,4.0,raw_prb_pct_cpu_product,60.0,1.0,1.0,120.0,correct_parts_per_min,0.0,0.0,0.0,0.0,-2.0,False,,,
run_160_20260630_054040_slice_ul75_dl50_edge_cpu3_bg30m_ul_best_n_1280x720_speed2p0_raw,automated_experiments/results/run_160_20260630_054040_slice_ul75_dl50_edge_cpu3_bg30m_ul_best_n_1280x720_speed2p0_raw,slice_ul75_dl50,75.0,50.0,edge_cpu3,3.0,0.375,1280,720,1280x720,2.0,best_n.pt,best_n.pt,raw,30.0,ul,oaitun_ue2,completed,False,70,20,50,50,0,50,0,0,0.0,1.0,0.0,0.0,factory_roundtrip_ms,626.9220200000001,627.6465000000001,659.6266,666.6042,671.8823500000001,83.26057578,116.92682669999999,91.95680092,123.68740964999999,92.79204331999999,123.95016989999999,75.0,3.0,raw_prb_pct_cpu_product,225.0,1.0,1.0,120.0,correct_parts_per_min,0.0,0.0,0.0,0.0,-7.5,False,,,
run_161_20260619_123604_slice_ul15_dl50_edge_cpu4_bg30m_ul_best_n_640x360_speed0p5_raw,automated_experiments/results/run_161_20260619_123604_slice_ul15_dl50_edge_cpu4_bg30m_ul_best_n_640x360_speed0p5_raw,slice_ul15_dl50,15.0,50.0,edge_cpu4,4.0,0.5,640,360,640x360,0.5,best_n.pt,best_n.pt,raw,30.0,ul,oaitun_ue2,completed,False,51,1,50,50,14,0,36,14,0.28,0.0,0.72,0.28,factory_roundtrip_ms,667.4293399999999,664.6865,698.0714,700.3738,713.5606399999999,73.07328146000002,102.53209265,89.44664829999999,120.07397139999999,89.54353829999998,120.16011514999998,15.0,4.0,raw_prb_pct_cpu_product,60.0,0.25,1.0,30.0,correct_parts_per_min,8.4,0.004666666666666667,0.004666666666666667,0.14,6.4,False,29.999959356685025,0.00302471384276379,0.7300907747156328
run_161_20260630_054741_slice_ul75_dl50_edge_cpu3_bg30m_ul_best_n_640x360_speed0p5_raw,automated_experiments/results/run_161_20260630_054741_slice_ul75_dl50_edge_cpu3_bg30m_ul_best_n_640x360_speed0p5_raw,slice_ul75_dl50,75.0,50.0,edge_cpu3,3.0,0.375,640,360,640x360,0.5,best_n.pt,best_n.pt,raw,30.0,ul,oaitun_ue2,completed,False,50,0,50,50,14,0,36,14,0.28,0.0,0.72,0.28,factory_roundtrip_ms,366.09439999999995,363.69500000000005,399.1083,400.0438,409.62545,93.78378266000001,128.72407424999997,96.16079322,130.51785759999999,96.2505333,130.62097154999998,75.0,3.0,raw_prb_pct_cpu_product,225.0,0.25,1.0,30.0,correct_parts_per_min,8.4,0.0012444444444444445,0.0012444444444444445,0.037333333333333336,0.9000000000000004,False,,,
run_162_20260619_124812_slice_ul15_dl50_edge_cpu4_bg30m_ul_best_n_640x360_speed1p0_raw,automated_experiments/results/run_162_20260619_124812_slice_ul15_dl50_edge_cpu4_bg30m_ul_best_n_640x360_speed1p0_raw,slice_ul15_dl50,15.0,50.0,edge_cpu4,4.0,0.5,640,360,640x360,1.0,best_n.pt,best_n.pt,raw,30.0,ul,oaitun_ue2,completed,False,68,18,50,50,13,0,37,13,0.26,0.0,0.74,0.26,factory_roundtrip_ms,670.8226,667.072,695.7537,714.3738500000001,727.7931199999999,79.63814268,121.31720835,96.26629412,139.1370508,96.37263826,139.22523335,15.0,4.0,raw_prb_pct_cpu_product,60.0,0.5,1.0,60.0,correct_parts_per_min,15.600000000000001,0.004333333333333333,0.004333333333333333,0.26,13.600000000000001,False,,,
run_162_20260630_055653_slice_ul75_dl50_edge_cpu3_bg30m_ul_best_n_640x360_speed1p0_raw,automated_experiments/results/run_162_20260630_055653_slice_ul75_dl50_edge_cpu3_bg30m_ul_best_n_640x360_speed1p0_raw,slice_ul75_dl50,75.0,50.0,edge_cpu3,3.0,0.375,640,360,640x360,1.0,best_n.pt,best_n.pt,raw,30.0,ul,oaitun_ue2,completed,False,67,17,50,50,12,0,38,12,0.24,0.0,0.76,0.24,factory_roundtrip_ms,359.98788,363.6255,390.2443,392.8383,394.83824,90.26065047999998,121.9389188,92.58460783999999,123.917845,92.67420015999998,123.96478995,75.0,3.0,raw_prb_pct_cpu_product,225.0,0.5,1.0,60.0,correct_parts_per_min,14.399999999999999,0.0010666666666666667,0.0010666666666666667,0.06399999999999999,6.899999999999999,False,,,
run_163_20260619_125854_slice_ul15_dl50_edge_cpu4_bg30m_ul_best_n_640x360_speed1p5_raw,automated_experiments/results/run_163_20260619_125854_slice_ul15_dl50_edge_cpu4_bg30m_ul_best_n_640x360_speed1p5_raw,slice_ul15_dl50,15.0,50.0,edge_cpu4,4.0,0.5,640,360,640x360,1.5,best_n.pt,best_n.pt,raw,30.0,ul,oaitun_ue2,completed,False,53,3,50,50,1,43,6,1,0.02,0.86,0.12,0.02,factory_roundtrip_ms,669.7646400000001,666.7635,692.5486000000001,699.44975,728.97422,76.29274099999999,105.8280008,93.33054931999999,124.09725734999999,93.42583848,124.15677425,15.0,4.0,raw_prb_pct_cpu_product,60.0,0.75,1.0,90.0,correct_parts_per_min,1.8,0.0003333333333333333,0.0003333333333333333,0.030000000000000002,-0.19999999999999996,False,,,
run_163_20260630_060505_slice_ul75_dl50_edge_cpu3_bg30m_ul_best_n_640x360_speed1p5_raw,automated_experiments/results/run_163_20260630_060505_slice_ul75_dl50_edge_cpu3_bg30m_ul_best_n_640x360_speed1p5_raw,slice_ul75_dl50,75.0,50.0,edge_cpu3,3.0,0.375,640,360,640x360,1.5,best_n.pt,best_n.pt,raw,30.0,ul,oaitun_ue2,completed,False,53,3,50,50,11,0,39,11,0.22,0.0,0.78,0.22,factory_roundtrip_ms,368.0015599999999,362.51250000000005,398.513,401.4674,448.4321499999998,94.31208908,127.30261205,97.04664238000001,132.51395899999997,97.17154676,132.59619215,75.0,3.0,raw_prb_pct_cpu_product,225.0,0.75,1.0,90.0,correct_parts_per_min,19.8,0.0009777777777777777,0.0009777777777777777,0.08800000000000001,12.3,False,,,
run_164_20260619_130635_slice_ul15_dl50_edge_cpu4_bg30m_ul_best_n_640x360_speed2p0_raw,automated_experiments/results/run_164_20260619_130635_slice_ul15_dl50_edge_cpu4_bg30m_ul_best_n_640x360_speed2p0_raw,slice_ul15_dl50,15.0,50.0,edge_cpu4,4.0,0.5,640,360,640x360,2.0,best_n.pt,best_n.pt,raw,30.0,ul,oaitun_ue2,completed,False,50,0,50,50,0,50,0,0,0.0,1.0,0.0,0.0,factory_roundtrip_ms,664.53878,660.0625,689.5359,703.23745,732.12307,74.0063645,105.07816985,90.66212497999999,122.32958925,90.74749137999999,122.38635654999999,15.0,4.0,raw_prb_pct_cpu_product,60.0,1.0,1.0,120.0,correct_parts_per_min,0.0,0.0,0.0,0.0,-2.0,False,,,
run_164_20260630_061108_slice_ul75_dl50_edge_cpu3_bg30m_ul_best_n_640x360_speed2p0_raw,automated_experiments/results/run_164_20260630_061108_slice_ul75_dl50_edge_cpu3_bg30m_ul_best_n_640x360_speed2p0_raw,slice_ul75_dl50,75.0,50.0,edge_cpu3,3.0,0.375,640,360,640x360,2.0,best_n.pt,best_n.pt,raw,30.0,ul,oaitun_ue2,completed,False,52,2,50,50,12,0,38,12,0.24,0.0,0.76,0.24,factory_roundtrip_ms,358.41816,354.8555,387.0115,395.5467,397.9365,89.54573683999999,122.449705,92.0350699,124.69842535000001,92.11179729999999,124.80554715,75.0,3.0,raw_prb_pct_cpu_product,225.0,1.0,1.0,120.0,correct_parts_per_min,28.799999999999997,0.0010666666666666667,0.0010666666666666667,0.12799999999999997,21.299999999999997,False,,,
run_165_20260619_131323_slice_ul15_dl50_edge_cpu4_bg30m_ul_best_n_320x180_speed0p5_raw,automated_experiments/results/run_165_20260619_131323_slice_ul15_dl50_edge_cpu4_bg30m_ul_best_n_320x180_speed0p5_raw,slice_ul15_dl50,15.0,50.0,edge_cpu4,4.0,0.5,320,180,320x180,0.5,best_n.pt,best_n.pt,raw,30.0,ul,oaitun_ue2,completed,False,50,0,50,50,6,0,44,6,0.12,0.0,0.88,0.12,factory_roundtrip_ms,391.82316,388.4805,413.9316,425.45725,480.8421099999998,69.87638147999999,105.94022774999996,76.00515302,111.27963624999997,76.06662499999999,111.32781424999996,15.0,4.0,raw_prb_pct_cpu_product,60.0,0.25,1.0,30.0,correct_parts_per_min,3.5999999999999996,0.002,0.002,0.05999999999999999,1.5999999999999996,False,29.999940700025498,0.005341519372661074,0.5741858763918434
run_165_20260630_061649_slice_ul75_dl50_edge_cpu3_bg30m_ul_best_n_320x180_speed0p5_raw,automated_experiments/results/run_165_20260630_061649_slice_ul75_dl50_edge_cpu3_bg30m_ul_best_n_320x180_speed0p5_raw,slice_ul75_dl50,75.0,50.0,edge_cpu3,3.0,0.375,320,180,320x180,0.5,best_n.pt,best_n.pt,raw,30.0,ul,oaitun_ue2,completed,False,50,0,50,50,6,0,44,6,0.12,0.0,0.88,0.12,factory_roundtrip_ms,223.91774,225.75,257.1658,258.8231,265.61019999999996,91.51523842,124.81548165000001,92.56880148000002,125.86973189999999,92.62478166,125.95556805,75.0,3.0,raw_prb_pct_cpu_product,225.0,0.25,1.0,30.0,correct_parts_per_min,3.5999999999999996,0.0005333333333333334,0.0005333333333333334,0.015999999999999997,-3.9000000000000004,False,,,
run_166_20260619_132519_slice_ul15_dl50_edge_cpu4_bg30m_ul_best_n_320x180_speed1p0_raw,automated_experiments/results/run_166_20260619_132519_slice_ul15_dl50_edge_cpu4_bg30m_ul_best_n_320x180_speed1p0_raw,slice_ul15_dl50,15.0,50.0,edge_cpu4,4.0,0.5,320,180,320x180,1.0,best_n.pt,best_n.pt,raw,30.0,ul,oaitun_ue2,completed,False,56,6,50,50,6,0,44,6,0.12,0.0,0.88,0.12,factory_roundtrip_ms,382.88203999999996,376.566,399.794,428.2553,484.0130699999998,66.71430596,104.75382649999999,72.55011142,110.36467009999998,72.61406434,110.46582724999999,15.0,4.0,raw_prb_pct_cpu_product,60.0,0.5,1.0,60.0,correct_parts_per_min,7.199999999999999,0.002,0.002,0.11999999999999998,5.199999999999999,False,,,
run_166_20260630_062606_slice_ul75_dl50_edge_cpu3_bg30m_ul_best_n_320x180_speed1p0_raw,automated_experiments/results/run_166_20260630_062606_slice_ul75_dl50_edge_cpu3_bg30m_ul_best_n_320x180_speed1p0_raw,slice_ul75_dl50,75.0,50.0,edge_cpu3,3.0,0.375,320,180,320x180,1.0,best_n.pt,best_n.pt,raw,30.0,ul,oaitun_ue2,completed,False,55,5,50,50,7,0,43,7,0.14,0.0,0.86,0.14,factory_roundtrip_ms,217.10536,209.58350000000002,250.769,255.17915,286.87426999999985,86.12289792,119.54870909999998,87.18865996000001,120.56486284999998,87.24544318,120.5991899,75.0,3.0,raw_prb_pct_cpu_product,225.0,0.5,1.0,60.0,correct_parts_per_min,8.4,0.0006222222222222223,0.0006222222222222223,0.037333333333333336,0.9000000000000004,False,,,
run_167_20260619_133432_slice_ul15_dl50_edge_cpu4_bg30m_ul_best_n_320x180_speed1p5_raw,automated_experiments/results/run_167_20260619_133432_slice_ul15_dl50_edge_cpu4_bg30m_ul_best_n_320x180_speed1p5_raw,slice_ul15_dl50,15.0,50.0,edge_cpu4,4.0,0.5,320,180,320x180,1.5,best_n.pt,best_n.pt,raw,30.0,ul,oaitun_ue2,completed,False,51,1,50,50,6,0,44,6,0.12,0.0,0.88,0.12,factory_roundtrip_ms,389.05582000000004,383.1805,411.6795,429.86854999999997,453.9204699999999,72.87712977999999,111.99271524999999,78.62453176,118.27290874999998,78.67840952,118.3101318,15.0,4.0,raw_prb_pct_cpu_product,60.0,0.75,1.0,90.0,correct_parts_per_min,10.799999999999999,0.002,0.002,0.18,8.799999999999999,False,,,
run_167_20260630_063314_slice_ul75_dl50_edge_cpu3_bg30m_ul_best_n_320x180_speed1p5_raw,automated_experiments/results/run_167_20260630_063314_slice_ul75_dl50_edge_cpu3_bg30m_ul_best_n_320x180_speed1p5_raw,slice_ul75_dl50,75.0,50.0,edge_cpu3,3.0,0.375,320,180,320x180,1.5,best_n.pt,best_n.pt,raw,30.0,ul,oaitun_ue2,completed,False,54,4,50,50,7,0,43,7,0.14,0.0,0.86,0.14,factory_roundtrip_ms,220.37042000000002,214.292,252.3768,256.4793,292.52913999999987,87.37914438,121.87354064999998,88.47870928000002,122.8332325,88.53160516,122.87425094999998,75.0,3.0,raw_prb_pct_cpu_product,225.0,0.75,1.0,90.0,correct_parts_per_min,12.600000000000001,0.0006222222222222223,0.0006222222222222223,0.05600000000000001,5.100000000000001,False,,,
run_168_20260619_134152_slice_ul15_dl50_edge_cpu4_bg30m_ul_best_n_320x180_speed2p0_raw,automated_experiments/results/run_168_20260619_134152_slice_ul15_dl50_edge_cpu4_bg30m_ul_best_n_320x180_speed2p0_raw,slice_ul15_dl50,15.0,50.0,edge_cpu4,4.0,0.5,320,180,320x180,2.0,best_n.pt,best_n.pt,raw,30.0,ul,oaitun_ue2,completed,False,50,0,50,50,7,0,43,7,0.14,0.0,0.86,0.14,factory_roundtrip_ms,378.24662000000006,370.8465,403.8338,414.31289999999996,424.21121,66.73966760000002,103.17042949999998,72.92546154,108.98258879999999,72.99361672,109.03847634999998,15.0,4.0,raw_prb_pct_cpu_product,60.0,1.0,1.0,120.0,correct_parts_per_min,16.8,0.0023333333333333335,0.0023333333333333335,0.28,14.8,False,,,
run_168_20260630_063927_slice_ul75_dl50_edge_cpu3_bg30m_ul_best_n_320x180_speed2p0_raw,automated_experiments/results/run_168_20260630_063927_slice_ul75_dl50_edge_cpu3_bg30m_ul_best_n_320x180_speed2p0_raw,slice_ul75_dl50,75.0,50.0,edge_cpu3,3.0,0.375,320,180,320x180,2.0,best_n.pt,best_n.pt,raw,30.0,ul,oaitun_ue2,completed,False,50,0,50,50,6,0,44,6,0.12,0.0,0.88,0.12,factory_roundtrip_ms,218.73167999999998,213.15949999999998,257.9531,262.22325,305.0564499999998,88.61435279999999,128.7479823,89.74838038,129.82598195,89.79420699999999,129.86356734999998,75.0,3.0,raw_prb_pct_cpu_product,225.0,1.0,1.0,120.0,correct_parts_per_min,14.399999999999999,0.0005333333333333334,0.0005333333333333334,0.06399999999999999,6.899999999999999,False,,,
run_169_20260619_134846_slice_ul15_dl50_edge_cpu2_bg30m_ul_best_n_1280x720_speed0p5_raw,automated_experiments/results/run_169_20260619_134846_slice_ul15_dl50_edge_cpu2_bg30m_ul_best_n_1280x720_speed0p5_raw,slice_ul15_dl50,15.0,50.0,edge_cpu2,2.0,0.25,1280,720,1280x720,0.5,best_n.pt,best_n.pt,raw,30.0,ul,oaitun_ue2,completed,False,77,27,50,50,31,0,19,31,0.62,0.0,0.38,0.62,factory_roundtrip_ms,1492.8158999999996,1484.317,1570.4703,1607.2536499999999,1684.2830499999998,147.69932884,204.57926254999998,205.35201172,258.24327265,206.16140826000003,258.4878149,15.0,2.0,raw_prb_pct_cpu_product,30.0,0.25,1.0,30.0,correct_parts_per_min,18.6,0.020666666666666667,0.020666666666666667,0.62,17.6,False,29.99994130002407,0.1998886647166903,0.4584910246405548
run_170_20260619_140532_slice_ul15_dl50_edge_cpu2_bg30m_ul_best_n_1280x720_speed1p0_raw,automated_experiments/results/run_170_20260619_140532_slice_ul15_dl50_edge_cpu2_bg30m_ul_best_n_1280x720_speed1p0_raw,slice_ul15_dl50,15.0,50.0,edge_cpu2,2.0,0.25,1280,720,1280x720,1.0,best_n.pt,best_n.pt,raw,30.0,ul,oaitun_ue2,completed,False,158,108,50,50,0,50,0,0,0.0,1.0,0.0,0.0,factory_roundtrip_ms,1499.6781399999995,1472.5675,1677.5024,1716.7843,1831.9150899999997,137.67307406,203.67217689999998,195.93952748,254.6939266,196.25586810000001,255.03618360000002,15.0,2.0,raw_prb_pct_cpu_product,30.0,0.5,1.0,60.0,correct_parts_per_min,0.0,0.0,0.0,0.0,-1.0,False,29.999935200039744,0.08224652720796208,0.418826512857722
run_171_20260619_142707_slice_ul15_dl50_edge_cpu2_bg30m_ul_best_n_1280x720_speed1p5_raw,automated_experiments/results/run_171_20260619_142707_slice_ul15_dl50_edge_cpu2_bg30m_ul_best_n_1280x720_speed1p5_raw,slice_ul15_dl50,15.0,50.0,edge_cpu2,2.0,0.25,1280,720,1280x720,1.5,best_n.pt,best_n.pt,raw,30.0,ul,oaitun_ue2,completed,False,99,49,50,50,0,50,0,0,0.0,1.0,0.0,0.0,factory_roundtrip_ms,1496.21,1487.5785,1542.8795,1579.6922499999998,1729.9789699999997,152.2770059,224.37617154999992,206.71038824000004,272.26069054999994,207.093124,272.66423834999995,15.0,2.0,raw_prb_pct_cpu_product,30.0,0.75,1.0,90.0,correct_parts_per_min,0.0,0.0,0.0,0.0,-1.0,False,29.999934600041424,0.2514375444456243,0.523360418728955
run_172_20260619_143947_slice_ul15_dl50_edge_cpu2_bg30m_ul_best_n_1280x720_speed2p0_raw,automated_experiments/results/run_172_20260619_143947_slice_ul15_dl50_edge_cpu2_bg30m_ul_best_n_1280x720_speed2p0_raw,slice_ul15_dl50,15.0,50.0,edge_cpu2,2.0,0.25,1280,720,1280x720,2.0,best_n.pt,best_n.pt,raw,30.0,ul,oaitun_ue2,completed,False,91,41,50,50,0,50,0,0,0.0,1.0,0.0,0.0,factory_roundtrip_ms,1533.27794,1512.1015000000002,1652.2742,1707.24475,1809.0021299999996,169.43242676000003,223.15078269999995,226.54197656000005,296.2056540999999,227.02824648,296.5219036499999,15.0,2.0,raw_prb_pct_cpu_product,30.0,1.0,1.0,120.0,correct_parts_per_min,0.0,0.0,0.0,0.0,-1.0,False,29.99993260004718,0.2875410669524058,0.515096230042958
run_173_20260619_145109_slice_ul15_dl50_edge_cpu2_bg30m_ul_best_n_640x360_speed0p5_raw,automated_experiments/results/run_173_20260619_145109_slice_ul15_dl50_edge_cpu2_bg30m_ul_best_n_640x360_speed0p5_raw,slice_ul15_dl50,15.0,50.0,edge_cpu2,2.0,0.25,640,360,640x360,0.5,best_n.pt,best_n.pt,raw,30.0,ul,oaitun_ue2,completed,False,50,0,50,50,14,0,36,14,0.28,0.0,0.72,0.28,factory_roundtrip_ms,776.074,761.4365,823.5208,910.00555,969.7463099999998,180.61014939999998,275.5914580999998,197.17553628000002,293.1536566499998,197.2741189,293.21048474999975,15.0,2.0,raw_prb_pct_cpu_product,30.0,0.25,1.0,30.0,correct_parts_per_min,8.4,0.009333333333333334,0.009333333333333334,0.28,7.4,False,29.99994340001924,0.3561441952807998,0.7493736365019728
run_174_20260619_150307_slice_ul15_dl50_edge_cpu2_bg30m_ul_best_n_640x360_speed1p0_raw,automated_experiments/results/run_174_20260619_150307_slice_ul15_dl50_edge_cpu2_bg30m_ul_best_n_640x360_speed1p0_raw,slice_ul15_dl50,15.0,50.0,edge_cpu2,2.0,0.25,640,360,640x360,1.0,best_n.pt,best_n.pt,raw,30.0,ul,oaitun_ue2,completed,False,65,15,50,50,10,2,38,10,0.2,0.04,0.76,0.2,factory_roundtrip_ms,778.92188,774.654,808.9984,909.0522499999998,1039.81557,176.78388546,213.91487715,193.95437032,231.2177653,194.0411044,231.28451644999998,15.0,2.0,raw_prb_pct_cpu_product,30.0,0.5,1.0,60.0,correct_parts_per_min,12.0,0.006666666666666667,0.006666666666666667,0.4,11.0,False,,,
run_175_20260619_151336_slice_ul15_dl50_edge_cpu2_bg30m_ul_best_n_640x360_speed1p5_raw,automated_experiments/results/run_175_20260619_151336_slice_ul15_dl50_edge_cpu2_bg30m_ul_best_n_640x360_speed1p5_raw,slice_ul15_dl50,15.0,50.0,edge_cpu2,2.0,0.25,640,360,640x360,1.5,best_n.pt,best_n.pt,raw,30.0,ul,oaitun_ue2,completed,False,53,3,50,50,0,50,0,0,0.0,1.0,0.0,0.0,factory_roundtrip_ms,773.04162,762.9655,813.7152,890.9310499999999,1035.0165699999998,173.05496252,215.48484305,188.86389176,234.24064285,188.95772362,234.4572075,15.0,2.0,raw_prb_pct_cpu_product,30.0,0.75,1.0,90.0,correct_parts_per_min,0.0,0.0,0.0,0.0,-1.0,False,,,
run_176_20260619_152122_slice_ul15_dl50_edge_cpu2_bg30m_ul_best_n_640x360_speed2p0_raw,automated_experiments/results/run_176_20260619_152122_slice_ul15_dl50_edge_cpu2_bg30m_ul_best_n_640x360_speed2p0_raw,slice_ul15_dl50,15.0,50.0,edge_cpu2,2.0,0.25,640,360,640x360,2.0,best_n.pt,best_n.pt,raw,30.0,ul,oaitun_ue2,completed,False,52,2,50,50,0,50,0,0,0.0,1.0,0.0,0.0,factory_roundtrip_ms,797.2125400000001,767.483,913.4228,1098.1268499999999,1209.00029,175.340554,211.71115675,192.60864805999998,230.09740415,192.70969789999998,230.20439615,15.0,2.0,raw_prb_pct_cpu_product,30.0,1.0,1.0,120.0,correct_parts_per_min,0.0,0.0,0.0,0.0,-1.0,False,,,
run_177_20260619_152832_slice_ul15_dl50_edge_cpu2_bg30m_ul_best_n_320x180_speed0p5_raw,automated_experiments/results/run_177_20260619_152832_slice_ul15_dl50_edge_cpu2_bg30m_ul_best_n_320x180_speed0p5_raw,slice_ul15_dl50,15.0,50.0,edge_cpu2,2.0,0.25,320,180,320x180,0.5,best_n.pt,best_n.pt,raw,30.0,ul,oaitun_ue2,completed,False,51,1,50,50,5,0,45,5,0.1,0.0,0.9,0.1,factory_roundtrip_ms,527.50922,474.875,804.4875000000001,966.3483499999999,1020.4165399999999,151.81344024,209.1051813,159.20786536,214.90772975,159.28575092,214.96740825,15.0,2.0,raw_prb_pct_cpu_product,30.0,0.25,1.0,30.0,correct_parts_per_min,3.0,0.0033333333333333335,0.0033333333333333335,0.1,2.0,False,29.999959306685117,0.28174887667276327,0.40358165579544786
run_178_20260619_154035_slice_ul15_dl50_edge_cpu2_bg30m_ul_best_n_320x180_speed1p0_raw,automated_experiments/results/run_178_20260619_154035_slice_ul15_dl50_edge_cpu2_bg30m_ul_best_n_320x180_speed1p0_raw,slice_ul15_dl50,15.0,50.0,edge_cpu2,2.0,0.25,320,180,320x180,1.0,best_n.pt,best_n.pt,raw,30.0,ul,oaitun_ue2,completed,False,54,4,50,50,6,1,43,6,0.12,0.02,0.86,0.12,factory_roundtrip_ms,509.6384,486.65250000000003,542.8629000000002,775.2696,979.55338,176.50470187999997,310.3214247499995,182.65016513999996,315.8779861499995,182.72499849999997,315.91405209999954,15.0,2.0,raw_prb_pct_cpu_product,30.0,0.5,1.0,60.0,correct_parts_per_min,7.199999999999999,0.004,0.004,0.23999999999999996,6.199999999999999,False,,,
run_179_20260619_154937_slice_ul15_dl50_edge_cpu2_bg30m_ul_best_n_320x180_speed1p5_raw,automated_experiments/results/run_179_20260619_154937_slice_ul15_dl50_edge_cpu2_bg30m_ul_best_n_320x180_speed1p5_raw,slice_ul15_dl50,15.0,50.0,edge_cpu2,2.0,0.25,320,180,320x180,1.5,best_n.pt,best_n.pt,raw,30.0,ul,oaitun_ue2,completed,False,50,0,50,50,5,4,41,5,0.1,0.08,0.82,0.1,factory_roundtrip_ms,501.93083999999993,476.2905,541.9901000000001,742.4225999999995,846.2764099999998,166.0312182,221.03321244999995,171.99185508,226.15952819999995,172.05117652,226.19852009999997,15.0,2.0,raw_prb_pct_cpu_product,30.0,0.75,1.0,90.0,correct_parts_per_min,9.0,0.0033333333333333335,0.0033333333333333335,0.3,8.0,False,,,
run_180_20260619_155700_slice_ul15_dl50_edge_cpu2_bg30m_ul_best_n_320x180_speed2p0_raw,automated_experiments/results/run_180_20260619_155700_slice_ul15_dl50_edge_cpu2_bg30m_ul_best_n_320x180_speed2p0_raw,slice_ul15_dl50,15.0,50.0,edge_cpu2,2.0,0.25,320,180,320x180,2.0,best_n.pt,best_n.pt,raw,30.0,ul,oaitun_ue2,completed,False,50,0,50,50,5,15,30,5,0.1,0.3,0.6,0.1,factory_roundtrip_ms,534.72188,482.6515,609.6162000000004,979.8804999999996,1161.2249199999999,167.93811458,214.44855395,174.10791410000004,221.5834179,174.17022030000004,221.6615275,15.0,2.0,raw_prb_pct_cpu_product,30.0,1.0,1.0,120.0,correct_parts_per_min,12.0,0.0033333333333333335,0.0033333333333333335,0.4,11.0,False,,,
run_181_20260619_160401_slice_ul15_dl50_edge_cpu1_bg30m_ul_best_n_1280x720_speed0p5_raw,automated_experiments/results/run_181_20260619_160401_slice_ul15_dl50_edge_cpu1_bg30m_ul_best_n_1280x720_speed0p5_raw,slice_ul15_dl50,15.0,50.0,edge_cpu1,1.0,0.125,1280,720,1280x720,0.5,best_n.pt,best_n.pt,raw,30.0,ul,oaitun_ue2,completed,False,92,42,50,50,24,8,18,24,0.48,0.16,0.36,0.48,factory_roundtrip_ms,1874.05242,1780.249,2374.6209000000003,2495.94155,2576.95748,420.4867015800001,544.0286738,502.00540656,606.6981435499999,502.45377906,606.9647547999999,15.0,1.0,raw_prb_pct_cpu_product,15.0,0.25,1.0,30.0,correct_parts_per_min,14.399999999999999,0.032,0.032,0.9599999999999999,13.899999999999999,False,29.999931500050458,0.6683334781335573,0.4672956006938065
run_182_20260619_162354_slice_ul15_dl50_edge_cpu1_bg30m_ul_best_n_1280x720_speed1p0_raw,automated_experiments/results/run_182_20260619_162354_slice_ul15_dl50_edge_cpu1_bg30m_ul_best_n_1280x720_speed1p0_raw,slice_ul15_dl50,15.0,50.0,edge_cpu1,1.0,0.125,1280,720,1280x720,1.0,best_n.pt,best_n.pt,raw,30.0,ul,oaitun_ue2,completed,False,150,100,50,50,0,50,0,0,0.0,1.0,0.0,0.0,factory_roundtrip_ms,1834.0508400000003,1761.9925,2238.8637,2440.37225,2603.66855,427.06049648,550.7663336999997,495.03308993999997,628.2844711999999,495.3098413,628.6421066499998,15.0,1.0,raw_prb_pct_cpu_product,15.0,0.5,1.0,60.0,correct_parts_per_min,0.0,0.0,0.0,0.0,-0.5,False,29.999945506716436,0.590913244771428,0.38289118769326175
run_183_20260619_164436_slice_ul15_dl50_edge_cpu1_bg30m_ul_best_n_1280x720_speed1p5_raw,automated_experiments/results/run_183_20260619_164436_slice_ul15_dl50_edge_cpu1_bg30m_ul_best_n_1280x720_speed1p5_raw,slice_ul15_dl50,15.0,50.0,edge_cpu1,1.0,0.125,1280,720,1280x720,1.5,best_n.pt,best_n.pt,raw,30.0,ul,oaitun_ue2,completed,False,84,34,50,50,0,50,0,0,0.0,1.0,0.0,0.0,factory_roundtrip_ms,1873.8377600000001,1813.522,2103.3776,2287.31855,2600.7376899999995,451.01496378,564.3743029,525.09115406,624.0343123499999,525.4637176199999,624.4306725,15.0,1.0,raw_prb_pct_cpu_product,15.0,0.75,1.0,90.0,correct_parts_per_min,0.0,0.0,0.0,0.0,-0.5,False,29.99991985009017,1.5719512312845711,1.0401378613187764
run_184_20260619_165618_slice_ul15_dl50_edge_cpu1_bg30m_ul_best_n_1280x720_speed2p0_raw,automated_experiments/results/run_184_20260619_165618_slice_ul15_dl50_edge_cpu1_bg30m_ul_best_n_1280x720_speed2p0_raw,slice_ul15_dl50,15.0,50.0,edge_cpu1,1.0,0.125,1280,720,1280x720,2.0,best_n.pt,best_n.pt,raw,30.0,ul,oaitun_ue2,completed,False,78,28,50,50,0,50,0,0,0.0,1.0,0.0,0.0,factory_roundtrip_ms,1999.94536,1818.932,2595.4426000000003,2682.384,3258.0714099999977,453.9916832800001,568.8759892,525.75712478,629.7877824,526.21959304,630.05802575,15.0,1.0,raw_prb_pct_cpu_product,15.0,1.0,1.0,120.0,correct_parts_per_min,0.0,0.0,0.0,0.0,-0.5,False,,,
run_185_20260619_170618_slice_ul15_dl50_edge_cpu1_bg30m_ul_best_n_640x360_speed0p5_raw,automated_experiments/results/run_185_20260619_170618_slice_ul15_dl50_edge_cpu1_bg30m_ul_best_n_640x360_speed0p5_raw,slice_ul15_dl50,15.0,50.0,edge_cpu1,1.0,0.125,640,360,640x360,0.5,best_n.pt,best_n.pt,raw,30.0,ul,oaitun_ue2,completed,False,50,0,50,50,11,1,38,11,0.22,0.02,0.76,0.22,factory_roundtrip_ms,1093.7161999999998,1039.1680000000001,1199.8120000000001,1597.8304999999987,2004.1452899999997,435.17714642,533.94745,461.56371787999996,561.85042615,461.65717138,561.98525015,15.0,1.0,raw_prb_pct_cpu_product,15.0,0.25,1.0,30.0,correct_parts_per_min,6.6,0.014666666666666666,0.014666666666666666,0.44,6.1,False,29.99992605678214,1.3916901457397228,0.6212361344116588
run_186_20260619_171818_slice_ul15_dl50_edge_cpu1_bg30m_ul_best_n_640x360_speed1p0_raw,automated_experiments/results/run_186_20260619_171818_slice_ul15_dl50_edge_cpu1_bg30m_ul_best_n_640x360_speed1p0_raw,slice_ul15_dl50,15.0,50.0,edge_cpu1,1.0,0.125,640,360,640x360,1.0,best_n.pt,best_n.pt,raw,30.0,ul,oaitun_ue2,completed,False,73,18,55,55,2,50,3,2,0.03636363636363636,0.9090909090909091,0.05454545454545454,0.03636363636363636,factory_roundtrip_ms,1084.6957818181818,1058.631,1191.0602,1275.0425999999998,1705.98946,473.6903774363636,630.1451019999998,500.5948782000001,650.6957679999998,500.68286370909084,650.7756511999999,15.0,1.0,raw_prb_pct_cpu_product,15.0,0.5,1.0,60.0,correct_parts_per_min,2.1818181818181817,0.0024242424242424242,0.0024242424242424242,0.14545454545454545,1.6818181818181817,False,29.9999288500587,1.7347066830130031,0.8010866596045697
run_187_20260619_173331_slice_ul15_dl50_edge_cpu1_bg30m_ul_best_n_640x360_speed1p5_raw,automated_experiments/results/run_187_20260619_173331_slice_ul15_dl50_edge_cpu1_bg30m_ul_best_n_640x360_speed1p5_raw,slice_ul15_dl50,15.0,50.0,edge_cpu1,1.0,0.125,640,360,640x360,1.5,best_n.pt,best_n.pt,raw,30.0,ul,oaitun_ue2,completed,False,56,6,50,50,0,50,0,0,0.0,1.0,0.0,0.0,factory_roundtrip_ms,1047.96568,1031.9389999999999,1108.1064,1162.6592500000002,1346.0764099999992,449.87538811999997,564.986237,472.96395248,581.3281562999999,473.05827442000003,581.42523505,15.0,1.0,raw_prb_pct_cpu_product,15.0,0.75,1.0,90.0,correct_parts_per_min,0.0,0.0,0.0,0.0,-0.5,False,,,
run_188_20260619_174205_slice_ul15_dl50_edge_cpu1_bg30m_ul_best_n_640x360_speed2p0_raw,automated_experiments/results/run_188_20260619_174205_slice_ul15_dl50_edge_cpu1_bg30m_ul_best_n_640x360_speed2p0_raw,slice_ul15_dl50,15.0,50.0,edge_cpu1,1.0,0.125,640,360,640x360,2.0,best_n.pt,best_n.pt,raw,30.0,ul,oaitun_ue2,completed,False,50,0,50,50,0,50,0,0,0.0,1.0,0.0,0.0,factory_roundtrip_ms,1072.11236,1059.0625,1144.246,1166.20155,1326.8646499999995,472.84683618,567.4575796,495.79346802,583.8250432,495.90289171999996,583.9252268,15.0,1.0,raw_prb_pct_cpu_product,15.0,1.0,1.0,120.0,correct_parts_per_min,0.0,0.0,0.0,0.0,-0.5,False,,,
run_189_20260619_174930_slice_ul15_dl50_edge_cpu1_bg30m_ul_best_n_320x180_speed0p5_raw,automated_experiments/results/run_189_20260619_174930_slice_ul15_dl50_edge_cpu1_bg30m_ul_best_n_320x180_speed0p5_raw,slice_ul15_dl50,15.0,50.0,edge_cpu1,1.0,0.125,320,180,320x180,0.5,best_n.pt,best_n.pt,raw,30.0,ul,oaitun_ue2,completed,False,50,0,50,50,6,0,44,6,0.12,0.0,0.88,0.12,factory_roundtrip_ms,760.5175,763.26,837.6124000000001,865.9435,956.5461299999997,446.08568207999997,552.9632544499999,452.07962082000006,558.6299365499999,452.1365024000001,558.6788480499999,15.0,1.0,raw_prb_pct_cpu_product,15.0,0.25,1.0,30.0,correct_parts_per_min,3.5999999999999996,0.008,0.008,0.23999999999999996,3.0999999999999996,False,29.99992480007219,1.3884732586164177,0.48675877395405687
run_190_20260619_180201_slice_ul15_dl50_edge_cpu1_bg30m_ul_best_n_320x180_speed1p0_raw,automated_experiments/results/run_190_20260619_180201_slice_ul15_dl50_edge_cpu1_bg30m_ul_best_n_320x180_speed1p0_raw,slice_ul15_dl50,15.0,50.0,edge_cpu1,1.0,0.125,320,180,320x180,1.0,best_n.pt,best_n.pt,raw,30.0,ul,oaitun_ue2,completed,False,54,4,50,50,6,1,43,6,0.12,0.02,0.86,0.12,factory_roundtrip_ms,719.88646,698.3695,811.3543000000001,878.4572499999999,951.5657999999997,401.8422178199999,529.06270275,413.23337955999995,568.5749387999999,413.29834412,568.6368819499999,15.0,1.0,raw_prb_pct_cpu_product,15.0,0.5,1.0,60.0,correct_parts_per_min,7.199999999999999,0.008,0.008,0.4799999999999999,6.699999999999999,False,,,
run_191_20260619_181132_slice_ul15_dl50_edge_cpu1_bg30m_ul_best_n_320x180_speed1p5_raw,automated_experiments/results/run_191_20260619_181132_slice_ul15_dl50_edge_cpu1_bg30m_ul_best_n_320x180_speed1p5_raw,slice_ul15_dl50,15.0,50.0,edge_cpu1,1.0,0.125,320,180,320x180,1.5,best_n.pt,best_n.pt,raw,30.0,ul,oaitun_ue2,completed,False,50,0,50,50,0,47,3,0,0.0,0.94,0.06,0.0,factory_roundtrip_ms,738.8162599999999,717.3975,825.8497000000001,873.5615999999999,892.12819,416.66254891999995,559.2278983499999,427.85999268000006,565.7903467499999,427.9179788999999,566.0113352999999,15.0,1.0,raw_prb_pct_cpu_product,15.0,0.75,1.0,90.0,correct_parts_per_min,0.0,0.0,0.0,0.0,-0.5,False,,,
run_192_20260619_181917_slice_ul15_dl50_edge_cpu1_bg30m_ul_best_n_320x180_speed2p0_raw,automated_experiments/results/run_192_20260619_181917_slice_ul15_dl50_edge_cpu1_bg30m_ul_best_n_320x180_speed2p0_raw,slice_ul15_dl50,15.0,50.0,edge_cpu1,1.0,0.125,320,180,320x180,2.0,best_n.pt,best_n.pt,raw,30.0,ul,oaitun_ue2,completed,False,50,0,50,50,0,50,0,0,0.0,1.0,0.0,0.0,factory_roundtrip_ms,725.55538,704.0070000000001,804.138,859.0009499999999,1022.1556199999997,409.08383466,544.2219706999998,416.8327612200001,549.4167012999999,416.88612467999997,549.4589881499998,15.0,1.0,raw_prb_pct_cpu_product,15.0,1.0,1.0,120.0,correct_parts_per_min,0.0,0.0,0.0,0.0,-0.5,False,,,
run_193_20260630_064502_slice_ul65_dl50_edge_cpu8_bg30m_ul_best_n_1280x720_speed0p5_raw,automated_experiments/results/run_193_20260630_064502_slice_ul65_dl50_edge_cpu8_bg30m_ul_best_n_1280x720_speed0p5_raw,slice_ul65_dl50,65.0,50.0,edge_cpu8,8.0,1.0,1280,720,1280x720,0.5,best_n.pt,best_n.pt,raw,30.0,ul,oaitun_ue2,completed,False,82,32,50,50,29,0,21,29,0.58,0.0,0.42,0.58,factory_roundtrip_ms,632.1968600000001,631.566,655.3353000000001,661.3725,686.6776299999999,58.93428902000001,78.24704569999999,67.74036682,89.24035429999999,68.1947955,89.65315349999999,65.0,8.0,raw_prb_pct_cpu_product,520.0,0.25,1.0,30.0,correct_parts_per_min,17.4,0.0011153846153846153,0.0011153846153846153,0.03346153846153846,0.06666666666666643,False,29.999940600025738,0.0,0.6170435474157082
run_194_20260630_065858_slice_ul65_dl50_edge_cpu8_bg30m_ul_best_n_1280x720_speed1p0_raw,automated_experiments/results/run_194_20260630_065858_slice_ul65_dl50_edge_cpu8_bg30m_ul_best_n_1280x720_speed1p0_raw,slice_ul65_dl50,65.0,50.0,edge_cpu8,8.0,1.0,1280,720,1280x720,1.0,best_n.pt,best_n.pt,raw,30.0,ul,oaitun_ue2,completed,False,133,83,50,50,30,0,20,30,0.6,0.0,0.4,0.6,factory_roundtrip_ms,623.65892,622.807,644.3596,658.4722499999999,669.26528,55.452951520000006,65.4891294,63.46277128,75.1640795,63.77893124,75.46373505000001,65.0,8.0,raw_prb_pct_cpu_product,520.0,0.5,1.0,60.0,correct_parts_per_min,36.0,0.0011538461538461537,0.0011538461538461537,0.06923076923076923,18.666666666666668,False,29.99993985002757,0.0,0.4153767359303223
run_195_20260630_071330_slice_ul65_dl50_edge_cpu8_bg30m_ul_best_n_1280x720_speed1p5_raw,automated_experiments/results/run_195_20260630_071330_slice_ul65_dl50_edge_cpu8_bg30m_ul_best_n_1280x720_speed1p5_raw,slice_ul65_dl50,65.0,50.0,edge_cpu8,8.0,1.0,1280,720,1280x720,1.5,best_n.pt,best_n.pt,raw,30.0,ul,oaitun_ue2,completed,False,91,41,50,50,23,5,22,23,0.46,0.1,0.44,0.46,factory_roundtrip_ms,635.0495999999999,629.933,648.1496999999999,680.8508999999999,696.5858499999999,58.315560780000006,66.6209282,67.9437572,86.08017614999999,68.42986776000002,86.41054989999998,65.0,8.0,raw_prb_pct_cpu_product,520.0,0.75,1.0,90.0,correct_parts_per_min,41.4,0.0008846153846153846,0.0008846153846153846,0.07961538461538462,24.066666666666666,False,,,
run_196_20260630_072320_slice_ul65_dl50_edge_cpu8_bg30m_ul_best_n_1280x720_speed2p0_raw,automated_experiments/results/run_196_20260630_072320_slice_ul65_dl50_edge_cpu8_bg30m_ul_best_n_1280x720_speed2p0_raw,slice_ul65_dl50,65.0,50.0,edge_cpu8,8.0,1.0,1280,720,1280x720,2.0,best_n.pt,best_n.pt,raw,30.0,ul,oaitun_ue2,completed,False,65,15,50,50,0,50,0,0,0.0,1.0,0.0,0.0,factory_roundtrip_ms,638.4187800000001,633.8489999999999,658.4685,675.30295,690.01592,59.35028428,65.34028215000001,69.63514786,87.50038904999998,70.39780556,89.64073889999997,65.0,8.0,raw_prb_pct_cpu_product,520.0,1.0,1.0,120.0,correct_parts_per_min,0.0,0.0,0.0,0.0,-17.333333333333332,False,,,
run_197_20260630_073014_slice_ul65_dl50_edge_cpu8_bg30m_ul_best_n_640x360_speed0p5_raw,automated_experiments/results/run_197_20260630_073014_slice_ul65_dl50_edge_cpu8_bg30m_ul_best_n_640x360_speed0p5_raw,slice_ul65_dl50,65.0,50.0,edge_cpu8,8.0,1.0,640,360,640x360,0.5,best_n.pt,best_n.pt,raw,30.0,ul,oaitun_ue2,completed,False,53,3,50,50,17,0,33,17,0.34,0.0,0.66,0.34,factory_roundtrip_ms,353.8913,353.053,362.8752,370.5689,386.81113999999997,63.92593298,81.3825293,67.12592836,85.83592384999999,67.2636026,85.99111744999999,65.0,8.0,raw_prb_pct_cpu_product,520.0,0.25,1.0,30.0,correct_parts_per_min,10.200000000000001,0.0006538461538461539,0.0006538461538461539,0.019615384615384618,-7.133333333333331,False,,,
run_198_20260630_074013_slice_ul65_dl50_edge_cpu8_bg30m_ul_best_n_640x360_speed1p0_raw,automated_experiments/results/run_198_20260630_074013_slice_ul65_dl50_edge_cpu8_bg30m_ul_best_n_640x360_speed1p0_raw,slice_ul65_dl50,65.0,50.0,edge_cpu8,8.0,1.0,640,360,640x360,1.0,best_n.pt,best_n.pt,raw,30.0,ul,oaitun_ue2,completed,False,61,11,50,50,13,0,37,13,0.26,0.0,0.74,0.26,factory_roundtrip_ms,352.6135,350.6905,361.2852,381.89739999999995,414.80605999999995,62.16798582000001,72.5291943,64.50849792000001,75.20292979999999,64.60611002,75.2539494,65.0,8.0,raw_prb_pct_cpu_product,520.0,0.5,1.0,60.0,correct_parts_per_min,15.600000000000001,0.0005,0.0005,0.030000000000000002,-1.7333333333333307,False,,,
run_199_20260630_074809_slice_ul65_dl50_edge_cpu8_bg30m_ul_best_n_640x360_speed1p5_raw,automated_experiments/results/run_199_20260630_074809_slice_ul65_dl50_edge_cpu8_bg30m_ul_best_n_640x360_speed1p5_raw,slice_ul65_dl50,65.0,50.0,edge_cpu8,8.0,1.0,640,360,640x360,1.5,best_n.pt,best_n.pt,raw,30.0,ul,oaitun_ue2,completed,False,56,6,50,50,13,0,37,13,0.26,0.0,0.74,0.26,factory_roundtrip_ms,353.94678,353.39,365.4203,370.581,386.13985999999994,64.03928930000001,75.56796204999999,67.43847037999998,80.92358954999999,67.58478723999998,81.00219999999999,65.0,8.0,raw_prb_pct_cpu_product,520.0,0.75,1.0,90.0,correct_parts_per_min,23.400000000000002,0.0005,0.0005,0.045000000000000005,6.06666666666667,False,,,
run_200_20260630_075440_slice_ul65_dl50_edge_cpu8_bg30m_ul_best_n_640x360_speed2p0_raw,automated_experiments/results/run_200_20260630_075440_slice_ul65_dl50_edge_cpu8_bg30m_ul_best_n_640x360_speed2p0_raw,slice_ul65_dl50,65.0,50.0,edge_cpu8,8.0,1.0,640,360,640x360,2.0,best_n.pt,best_n.pt,raw,30.0,ul,oaitun_ue2,completed,False,50,0,50,50,14,0,36,14,0.28,0.0,0.72,0.28,factory_roundtrip_ms,354.2016999999999,349.209,364.93,377.66799999999995,435.64647,61.435819599999995,73.7836968,63.710412460000015,76.4383212,63.77878392,76.50780415,65.0,8.0,raw_prb_pct_cpu_product,520.0,1.0,1.0,120.0,correct_parts_per_min,33.6,0.0005384615384615385,0.0005384615384615385,0.06461538461538462,16.26666666666667,False,,,
run_201_20260630_080024_slice_ul65_dl50_edge_cpu8_bg30m_ul_best_n_320x180_speed0p5_raw,automated_experiments/results/run_201_20260630_080024_slice_ul65_dl50_edge_cpu8_bg30m_ul_best_n_320x180_speed0p5_raw,slice_ul65_dl50,65.0,50.0,edge_cpu8,8.0,1.0,320,180,320x180,0.5,best_n.pt,best_n.pt,raw,30.0,ul,oaitun_ue2,completed,False,51,1,50,50,6,0,44,6,0.12,0.0,0.88,0.12,factory_roundtrip_ms,201.83552000000003,201.64999999999998,211.7168,214.51319999999998,219.85753,59.6353962,70.08331685,60.766229779999996,70.99660795,60.81820762,71.08489875,65.0,8.0,raw_prb_pct_cpu_product,520.0,0.25,1.0,30.0,correct_parts_per_min,3.5999999999999996,0.00023076923076923076,0.00023076923076923076,0.006923076923076922,-13.733333333333333,False,,,
run_202_20260630_081007_slice_ul65_dl50_edge_cpu8_bg30m_ul_best_n_320x180_speed1p0_raw,automated_experiments/results/run_202_20260630_081007_slice_ul65_dl50_edge_cpu8_bg30m_ul_best_n_320x180_speed1p0_raw,slice_ul65_dl50,65.0,50.0,edge_cpu8,8.0,1.0,320,180,320x180,1.0,best_n.pt,best_n.pt,raw,30.0,ul,oaitun_ue2,completed,False,57,7,50,50,6,0,44,6,0.12,0.0,0.88,0.12,factory_roundtrip_ms,200.4897,198.15,210.1742,215.9709,254.93919999999991,58.900584980000005,68.51367459999999,60.01998662000001,69.5194023,60.07289272,69.55680335,65.0,8.0,raw_prb_pct_cpu_product,520.0,0.5,1.0,60.0,correct_parts_per_min,7.199999999999999,0.00023076923076923076,0.00023076923076923076,0.013846153846153845,-10.133333333333333,False,,,
run_203_20260630_081742_slice_ul65_dl50_edge_cpu8_bg30m_ul_best_n_320x180_speed1p5_raw,automated_experiments/results/run_203_20260630_081742_slice_ul65_dl50_edge_cpu8_bg30m_ul_best_n_320x180_speed1p5_raw,slice_ul65_dl50,65.0,50.0,edge_cpu8,8.0,1.0,320,180,320x180,1.5,best_n.pt,best_n.pt,raw,30.0,ul,oaitun_ue2,completed,False,50,0,50,50,6,0,44,6,0.12,0.0,0.88,0.12,factory_roundtrip_ms,203.90784,202.42950000000002,216.4121,218.71365,219.48922,62.576200799999995,74.18339834999999,63.662944939999996,75.6708678,63.71673541999999,75.7094673,65.0,8.0,raw_prb_pct_cpu_product,520.0,0.75,1.0,90.0,correct_parts_per_min,10.799999999999999,0.00023076923076923076,0.00023076923076923076,0.020769230769230766,-6.533333333333333,False,,,
run_204_20260630_082345_slice_ul65_dl50_edge_cpu8_bg30m_ul_best_n_320x180_speed2p0_raw,automated_experiments/results/run_204_20260630_082345_slice_ul65_dl50_edge_cpu8_bg30m_ul_best_n_320x180_speed2p0_raw,slice_ul65_dl50,65.0,50.0,edge_cpu8,8.0,1.0,320,180,320x180,2.0,best_n.pt,best_n.pt,raw,30.0,ul,oaitun_ue2,completed,False,50,0,50,50,6,0,44,6,0.12,0.0,0.88,0.12,factory_roundtrip_ms,202.90482,200.78699999999998,213.45749999999998,214.68619999999999,248.1092499999999,59.82345007999999,69.72818275,60.87498118000001,70.77254769999999,60.93133698,70.81289654999999,65.0,8.0,raw_prb_pct_cpu_product,520.0,1.0,1.0,120.0,correct_parts_per_min,14.399999999999999,0.00023076923076923076,0.00023076923076923076,0.02769230769230769,-2.9333333333333336,False,,,
run_205_20260630_082932_slice_ul65_dl50_edge_cpu7_bg30m_ul_best_n_1280x720_speed0p5_raw,automated_experiments/results/run_205_20260630_082932_slice_ul65_dl50_edge_cpu7_bg30m_ul_best_n_1280x720_speed0p5_raw,slice_ul65_dl50,65.0,50.0,edge_cpu7,7.0,0.875,1280,720,1280x720,0.5,best_n.pt,best_n.pt,raw,30.0,ul,oaitun_ue2,completed,False,79,29,50,50,31,0,19,31,0.62,0.0,0.38,0.62,factory_roundtrip_ms,649.98086,637.6195,753.3775,762.8222,768.92685,58.04704591999999,66.8522428,66.2055731,76.8581562,66.60563828000001,77.45970015,65.0,7.0,raw_prb_pct_cpu_product,455.0,0.25,1.0,30.0,correct_parts_per_min,18.6,0.0013626373626373627,0.0013626373626373627,0.040879120879120885,3.4333333333333353,False,29.999955856691752,0.0,0.38640230311443835
run_206_20260630_084328_slice_ul65_dl50_edge_cpu7_bg30m_ul_best_n_1280x720_speed1p0_raw,automated_experiments/results/run_206_20260630_084328_slice_ul65_dl50_edge_cpu7_bg30m_ul_best_n_1280x720_speed1p0_raw,slice_ul65_dl50,65.0,50.0,edge_cpu7,7.0,0.875,1280,720,1280x720,1.0,best_n.pt,best_n.pt,raw,30.0,ul,oaitun_ue2,completed,False,142,92,50,50,29,0,21,29,0.58,0.0,0.42,0.58,factory_roundtrip_ms,627.43482,619.0435,643.2299,689.7975,762.5978799999999,52.9469099,61.9290558,60.23959704,69.6767302,60.575292899999994,69.82066975,65.0,7.0,raw_prb_pct_cpu_product,455.0,0.5,1.0,60.0,correct_parts_per_min,34.8,0.0012747252747252746,0.0012747252747252746,0.07648351648351648,19.633333333333333,False,29.99995205669999,0.0,0.5536639057550505
run_207_20260630_085923_slice_ul65_dl50_edge_cpu7_bg30m_ul_best_n_1280x720_speed1p5_raw,automated_experiments/results/run_207_20260630_085923_slice_ul65_dl50_edge_cpu7_bg30m_ul_best_n_1280x720_speed1p5_raw,slice_ul65_dl50,65.0,50.0,edge_cpu7,7.0,0.875,1280,720,1280x720,1.5,best_n.pt,best_n.pt,raw,30.0,ul,oaitun_ue2,completed,False,87,37,50,50,22,11,17,22,0.44,0.22,0.34,0.44,factory_roundtrip_ms,647.61394,634.015,673.7547000000001,730.10935,779.47979,61.50838064,72.0109436,69.48541970000001,79.57421845,69.89445178,80.0249701,65.0,7.0,raw_prb_pct_cpu_product,455.0,0.75,1.0,90.0,correct_parts_per_min,39.6,0.000967032967032967,0.000967032967032967,0.08703296703296703,24.433333333333337,False,,,
run_208_20260630_090910_slice_ul65_dl50_edge_cpu7_bg30m_ul_best_n_1280x720_speed2p0_raw,automated_experiments/results/run_208_20260630_090910_slice_ul65_dl50_edge_cpu7_bg30m_ul_best_n_1280x720_speed2p0_raw,slice_ul65_dl50,65.0,50.0,edge_cpu7,7.0,0.875,1280,720,1280x720,2.0,best_n.pt,best_n.pt,raw,30.0,ul,oaitun_ue2,completed,False,78,28,50,50,0,50,0,0,0.0,1.0,0.0,0.0,factory_roundtrip_ms,662.8006399999999,646.5509999999999,707.317,788.083,805.91828,63.62597165999998,70.4034503,77.26828876,101.19573969999999,78.26856122,105.23275199999999,65.0,7.0,raw_prb_pct_cpu_product,455.0,1.0,1.0,120.0,correct_parts_per_min,0.0,0.0,0.0,0.0,-15.166666666666666,False,,,
run_209_20260630_091748_slice_ul65_dl50_edge_cpu7_bg30m_ul_best_n_640x360_speed0p5_raw,automated_experiments/results/run_209_20260630_091748_slice_ul65_dl50_edge_cpu7_bg30m_ul_best_n_640x360_speed0p5_raw,slice_ul65_dl50,65.0,50.0,edge_cpu7,7.0,0.875,640,360,640x360,0.5,best_n.pt,best_n.pt,raw,30.0,ul,oaitun_ue2,completed,False,51,1,50,50,13,0,37,13,0.26,0.0,0.74,0.26,factory_roundtrip_ms,361.52606,359.199,369.13779999999997,374.12495,441.56706999999983,66.82899526,79.84201644999999,69.70483734,83.65075044999999,69.83332263999999,83.76351154999999,65.0,7.0,raw_prb_pct_cpu_product,455.0,0.25,1.0,30.0,correct_parts_per_min,7.800000000000001,0.0005714285714285715,0.0005714285714285715,0.017142857142857144,-7.366666666666665,False,,,
run_210_20260630_092728_slice_ul65_dl50_edge_cpu7_bg30m_ul_best_n_640x360_speed1p0_raw,automated_experiments/results/run_210_20260630_092728_slice_ul65_dl50_edge_cpu7_bg30m_ul_best_n_640x360_speed1p0_raw,slice_ul65_dl50,65.0,50.0,edge_cpu7,7.0,0.875,640,360,640x360,1.0,best_n.pt,best_n.pt,raw,30.0,ul,oaitun_ue2,completed,False,68,18,50,50,14,0,36,14,0.28,0.0,0.72,0.28,factory_roundtrip_ms,371.1053,355.76300000000003,378.0778000000001,526.8034999999999,552.69543,65.32033129999999,73.1329475,67.77560144,75.95078174999999,67.8630602,76.0115081,65.0,7.0,raw_prb_pct_cpu_product,455.0,0.5,1.0,60.0,correct_parts_per_min,16.8,0.0006153846153846154,0.0006153846153846154,0.036923076923076927,1.6333333333333346,False,,,
run_211_20260630_093639_slice_ul65_dl50_edge_cpu7_bg30m_ul_best_n_640x360_speed1p5_raw,automated_experiments/results/run_211_20260630_093639_slice_ul65_dl50_edge_cpu7_bg30m_ul_best_n_640x360_speed1p5_raw,slice_ul65_dl50,65.0,50.0,edge_cpu7,7.0,0.875,640,360,640x360,1.5,best_n.pt,best_n.pt,raw,30.0,ul,oaitun_ue2,completed,False,53,3,50,50,11,0,39,11,0.22,0.0,0.78,0.22,factory_roundtrip_ms,364.64241999999996,355.73,374.498,383.7362,534.15504,66.28800772,77.82335829999998,68.71955252,80.6571319,68.8232489,80.75313845,65.0,7.0,raw_prb_pct_cpu_product,455.0,0.75,1.0,90.0,correct_parts_per_min,19.8,0.0004835164835164835,0.0004835164835164835,0.04351648351648352,4.633333333333335,False,,,
run_212_20260630_094309_slice_ul65_dl50_edge_cpu7_bg30m_ul_best_n_640x360_speed2p0_raw,automated_experiments/results/run_212_20260630_094309_slice_ul65_dl50_edge_cpu7_bg30m_ul_best_n_640x360_speed2p0_raw,slice_ul65_dl50,65.0,50.0,edge_cpu7,7.0,0.875,640,360,640x360,2.0,best_n.pt,best_n.pt,raw,30.0,ul,oaitun_ue2,completed,False,50,0,50,50,13,0,37,13,0.26,0.0,0.74,0.26,factory_roundtrip_ms,354.87395999999995,353.16700000000003,366.0661,371.4941,381.02626000000004,65.06410199999999,77.85820395,67.52458306,80.6187373,67.64191818,80.92979385,65.0,7.0,raw_prb_pct_cpu_product,455.0,1.0,1.0,120.0,correct_parts_per_min,31.200000000000003,0.0005714285714285715,0.0005714285714285715,0.06857142857142857,16.03333333333334,False,,,
run_213_20260630_094909_slice_ul65_dl50_edge_cpu7_bg30m_ul_best_n_320x180_speed0p5_raw,automated_experiments/results/run_213_20260630_094909_slice_ul65_dl50_edge_cpu7_bg30m_ul_best_n_320x180_speed0p5_raw,slice_ul65_dl50,65.0,50.0,edge_cpu7,7.0,0.875,320,180,320x180,0.5,best_n.pt,best_n.pt,raw,30.0,ul,oaitun_ue2,completed,False,50,0,50,50,5,0,45,5,0.1,0.0,0.9,0.1,factory_roundtrip_ms,218.2354,207.8365,219.6671,221.37045,446.96468999999996,65.43129221999999,77.6995128,66.53771352,78.58559494999999,66.58681312,78.62430454999999,65.0,7.0,raw_prb_pct_cpu_product,455.0,0.25,1.0,30.0,correct_parts_per_min,3.0,0.00021978021978021978,0.00021978021978021978,0.006593406593406593,-12.166666666666666,False,,,
run_214_20260630_095900_slice_ul65_dl50_edge_cpu7_bg30m_ul_best_n_320x180_speed1p0_raw,automated_experiments/results/run_214_20260630_095900_slice_ul65_dl50_edge_cpu7_bg30m_ul_best_n_320x180_speed1p0_raw,slice_ul65_dl50,65.0,50.0,edge_cpu7,7.0,0.875,320,180,320x180,1.0,best_n.pt,best_n.pt,raw,30.0,ul,oaitun_ue2,completed,False,54,4,50,50,5,0,45,5,0.1,0.0,0.9,0.1,factory_roundtrip_ms,206.59799999999998,205.595,217.3136,221.3324,235.74204999999995,63.55850982,76.43574149999999,64.58943982,77.53645405,64.64675328,77.6139216,65.0,7.0,raw_prb_pct_cpu_product,455.0,0.5,1.0,60.0,correct_parts_per_min,6.0,0.00021978021978021978,0.00021978021978021978,0.013186813186813187,-9.166666666666666,False,,,
run_215_20260630_100629_slice_ul65_dl50_edge_cpu7_bg30m_ul_best_n_320x180_speed1p5_raw,automated_experiments/results/run_215_20260630_100629_slice_ul65_dl50_edge_cpu7_bg30m_ul_best_n_320x180_speed1p5_raw,slice_ul65_dl50,65.0,50.0,edge_cpu7,7.0,0.875,320,180,320x180,1.5,best_n.pt,best_n.pt,raw,30.0,ul,oaitun_ue2,completed,False,50,0,50,50,6,0,44,6,0.12,0.0,0.88,0.12,factory_roundtrip_ms,215.28322,206.13400000000001,216.27190000000002,231.7345,425.52423999999985,64.49102092,75.67306944999999,65.66158394,77.10641435000001,65.71846014,77.2296372,65.0,7.0,raw_prb_pct_cpu_product,455.0,0.75,1.0,90.0,correct_parts_per_min,10.799999999999999,0.0002637362637362637,0.0002637362637362637,0.023736263736263735,-4.366666666666667,False,,,
run_216_20260630_101241_slice_ul65_dl50_edge_cpu7_bg30m_ul_best_n_320x180_speed2p0_raw,automated_experiments/results/run_216_20260630_101241_slice_ul65_dl50_edge_cpu7_bg30m_ul_best_n_320x180_speed2p0_raw,slice_ul65_dl50,65.0,50.0,edge_cpu7,7.0,0.875,320,180,320x180,2.0,best_n.pt,best_n.pt,raw,30.0,ul,oaitun_ue2,completed,False,50,0,50,50,6,0,44,6,0.12,0.0,0.88,0.12,factory_roundtrip_ms,217.66814,203.264,218.1788,341.4155999999998,423.6119399999998,63.794140719999994,73.84534219999999,64.91548908,75.2916942,64.97970147999999,75.35933354999999,65.0,7.0,raw_prb_pct_cpu_product,455.0,1.0,1.0,120.0,correct_parts_per_min,14.399999999999999,0.0002637362637362637,0.0002637362637362637,0.03164835164835165,-0.7666666666666675,False,,,
run_217_20260630_101840_slice_ul65_dl50_edge_cpu6_bg30m_ul_best_n_1280x720_speed0p5_raw,automated_experiments/results/run_217_20260630_101840_slice_ul65_dl50_edge_cpu6_bg30m_ul_best_n_1280x720_speed0p5_raw,slice_ul65_dl50,65.0,50.0,edge_cpu6,6.0,0.75,1280,720,1280x720,0.5,best_n.pt,best_n.pt,raw,30.0,ul,oaitun_ue2,completed,False,82,32,50,50,30,0,20,30,0.6,0.0,0.4,0.6,factory_roundtrip_ms,662.5673599999999,638.1545,834.077,879.0128,900.4440699999999,58.04272114,70.8011687,66.48581150000001,80.14421134999999,67.16792274,80.64533404999999,65.0,6.0,raw_prb_pct_cpu_product,390.0,0.25,1.0,30.0,correct_parts_per_min,18.0,0.0015384615384615385,0.0015384615384615385,0.046153846153846156,5.0,False,29.999937350033935,0.0,0.5452771557137578
run_218_20260630_103318_slice_ul65_dl50_edge_cpu6_bg30m_ul_best_n_1280x720_speed1p0_raw,automated_experiments/results/run_218_20260630_103318_slice_ul65_dl50_edge_cpu6_bg30m_ul_best_n_1280x720_speed1p0_raw,slice_ul65_dl50,65.0,50.0,edge_cpu6,6.0,0.75,1280,720,1280x720,1.0,best_n.pt,best_n.pt,raw,30.0,ul,oaitun_ue2,completed,False,132,82,50,50,31,0,19,31,0.62,0.0,0.38,0.62,factory_roundtrip_ms,645.42836,626.8605,656.0369000000001,864.2986999999997,937.14876,55.142188260000005,67.60931835,63.07503688,75.52379465,63.41078866000001,75.78652695,65.0,6.0,raw_prb_pct_cpu_product,390.0,0.5,1.0,60.0,correct_parts_per_min,37.2,0.0015897435897435897,0.0015897435897435897,0.09538461538461539,24.200000000000003,False,29.99993870003044,0.0,0.5415828381613054
run_219_20260630_104917_slice_ul65_dl50_edge_cpu6_bg30m_ul_best_n_1280x720_speed1p5_raw,automated_experiments/results/run_219_20260630_104917_slice_ul65_dl50_edge_cpu6_bg30m_ul_best_n_1280x720_speed1p5_raw,slice_ul65_dl50,65.0,50.0,edge_cpu6,6.0,0.75,1280,720,1280x720,1.5,best_n.pt,best_n.pt,raw,30.0,ul,oaitun_ue2,completed,False,104,54,50,50,23,11,16,23,0.46,0.22,0.32,0.46,factory_roundtrip_ms,663.77536,641.1555000000001,693.5435,884.0371999999995,974.86111,61.408992260000005,75.38871285,70.69965536,91.76880744999998,71.26220670000001,92.15220754999997,65.0,6.0,raw_prb_pct_cpu_product,390.0,0.75,1.0,90.0,correct_parts_per_min,41.4,0.0011794871794871796,0.0011794871794871796,0.10615384615384615,28.4,False,29.99996040668316,0.0,0.4665347117435577
run_220_20260630_110042_slice_ul65_dl50_edge_cpu6_bg30m_ul_best_n_1280x720_speed2p0_raw,automated_experiments/results/run_220_20260630_110042_slice_ul65_dl50_edge_cpu6_bg30m_ul_best_n_1280x720_speed2p0_raw,slice_ul65_dl50,65.0,50.0,edge_cpu6,6.0,0.75,1280,720,1280x720,2.0,best_n.pt,best_n.pt,raw,30.0,ul,oaitun_ue2,completed,False,73,23,50,50,0,50,0,0,0.0,1.0,0.0,0.0,factory_roundtrip_ms,669.9540000000001,638.265,822.0821,882.5971999999999,967.35551,60.6005091,71.37747019999999,69.70647059999999,82.66205314999999,70.29312004,83.08517424999998,65.0,6.0,raw_prb_pct_cpu_product,390.0,1.0,1.0,120.0,correct_parts_per_min,0.0,0.0,0.0,0.0,-13.0,False,,,
run_221_20260630_110901_slice_ul65_dl50_edge_cpu6_bg30m_ul_best_n_640x360_speed0p5_raw,automated_experiments/results/run_221_20260630_110901_slice_ul65_dl50_edge_cpu6_bg30m_ul_best_n_640x360_speed0p5_raw,slice_ul65_dl50,65.0,50.0,edge_cpu6,6.0,0.75,640,360,640x360,0.5,best_n.pt,best_n.pt,raw,30.0,ul,oaitun_ue2,completed,False,51,1,50,50,14,0,36,14,0.28,0.0,0.72,0.28,factory_roundtrip_ms,371.62906000000004,359.289,378.6665,425.2259499999998,633.1352999999997,67.88109724,82.3612804,70.34564572000001,84.7585443,70.44595654,84.896424,65.0,6.0,raw_prb_pct_cpu_product,390.0,0.25,1.0,30.0,correct_parts_per_min,8.4,0.000717948717948718,0.000717948717948718,0.02153846153846154,-4.6,False,,,
run_222_20260630_111907_slice_ul65_dl50_edge_cpu6_bg30m_ul_best_n_640x360_speed1p0_raw,automated_experiments/results/run_222_20260630_111907_slice_ul65_dl50_edge_cpu6_bg30m_ul_best_n_640x360_speed1p0_raw,slice_ul65_dl50,65.0,50.0,edge_cpu6,6.0,0.75,640,360,640x360,1.0,best_n.pt,best_n.pt,raw,30.0,ul,oaitun_ue2,completed,False,64,14,50,50,12,0,38,12,0.24,0.0,0.76,0.24,factory_roundtrip_ms,362.17968,355.3155,367.3374,370.0613,560.2237899999993,64.58327750000001,76.21490265,67.01548748,79.4538049,67.11271787999999,79.53176164999999,65.0,6.0,raw_prb_pct_cpu_product,390.0,0.5,1.0,60.0,correct_parts_per_min,14.399999999999999,0.0006153846153846154,0.0006153846153846154,0.03692307692307692,1.3999999999999986,False,,,
run_223_20260630_112751_slice_ul65_dl50_edge_cpu6_bg30m_ul_best_n_640x360_speed1p5_raw,automated_experiments/results/run_223_20260630_112751_slice_ul65_dl50_edge_cpu6_bg30m_ul_best_n_640x360_speed1p5_raw,slice_ul65_dl50,65.0,50.0,edge_cpu6,6.0,0.75,640,360,640x360,1.5,best_n.pt,best_n.pt,raw,30.0,ul,oaitun_ue2,completed,False,54,4,50,50,14,3,33,14,0.28,0.06,0.66,0.28,factory_roundtrip_ms,396.82165999999995,360.64,546.9219000000002,648.4519999999998,746.11578,68.36591512,83.20248735,70.83538902000001,85.8351144,70.92064197999998,85.91073379999999,65.0,6.0,raw_prb_pct_cpu_product,390.0,0.75,1.0,90.0,correct_parts_per_min,25.200000000000003,0.000717948717948718,0.000717948717948718,0.06461538461538462,12.200000000000003,False,,,
run_224_20260630_113445_slice_ul65_dl50_edge_cpu6_bg30m_ul_best_n_640x360_speed2p0_raw,automated_experiments/results/run_224_20260630_113445_slice_ul65_dl50_edge_cpu6_bg30m_ul_best_n_640x360_speed2p0_raw,slice_ul65_dl50,65.0,50.0,edge_cpu6,6.0,0.75,640,360,640x360,2.0,best_n.pt,best_n.pt,raw,30.0,ul,oaitun_ue2,completed,False,51,1,50,50,12,4,34,12,0.24,0.08,0.68,0.24,factory_roundtrip_ms,389.99965999999995,358.142,410.5831000000001,675.7236499999999,755.1263799999999,68.70879206,81.24284899999999,72.20883429999999,87.88291264999998,72.414024,88.69060884999998,65.0,6.0,raw_prb_pct_cpu_product,390.0,1.0,1.0,120.0,correct_parts_per_min,28.799999999999997,0.0006153846153846154,0.0006153846153846154,0.07384615384615384,15.799999999999997,False,,,
run_225_20260630_114058_slice_ul65_dl50_edge_cpu6_bg30m_ul_best_n_320x180_speed0p5_raw,automated_experiments/results/run_225_20260630_114058_slice_ul65_dl50_edge_cpu6_bg30m_ul_best_n_320x180_speed0p5_raw,slice_ul65_dl50,65.0,50.0,edge_cpu6,6.0,0.75,320,180,320x180,0.5,best_n.pt,best_n.pt,raw,30.0,ul,oaitun_ue2,completed,False,50,0,50,50,6,0,44,6,0.12,0.0,0.88,0.12,factory_roundtrip_ms,214.20685999999998,209.6085,220.54020000000003,227.869,364.05212999999947,66.80459044,81.98820289999999,67.9196125,82.7072165,67.97478874000001,82.73959235000001,65.0,6.0,raw_prb_pct_cpu_product,390.0,0.25,1.0,30.0,correct_parts_per_min,3.5999999999999996,0.0003076923076923077,0.0003076923076923077,0.00923076923076923,-9.4,False,,,
run_226_20260630_115059_slice_ul65_dl50_edge_cpu6_bg30m_ul_best_n_320x180_speed1p0_raw,automated_experiments/results/run_226_20260630_115059_slice_ul65_dl50_edge_cpu6_bg30m_ul_best_n_320x180_speed1p0_raw,slice_ul65_dl50,65.0,50.0,edge_cpu6,6.0,0.75,320,180,320x180,1.0,best_n.pt,best_n.pt,raw,30.0,ul,oaitun_ue2,completed,False,54,4,50,50,6,0,44,6,0.12,0.0,0.88,0.12,factory_roundtrip_ms,240.18746,206.9645,231.95020000000014,580.13065,624.3602399999999,63.90429362,75.59589195,65.03924166,77.27797305,65.1005396,77.33747615,65.0,6.0,raw_prb_pct_cpu_product,390.0,0.5,1.0,60.0,correct_parts_per_min,7.199999999999999,0.0003076923076923077,0.0003076923076923077,0.01846153846153846,-5.800000000000001,False,,,
run_227_20260630_115845_slice_ul65_dl50_edge_cpu6_bg30m_ul_best_n_320x180_speed1p5_raw,automated_experiments/results/run_227_20260630_115845_slice_ul65_dl50_edge_cpu6_bg30m_ul_best_n_320x180_speed1p5_raw,slice_ul65_dl50,65.0,50.0,edge_cpu6,6.0,0.75,320,180,320x180,1.5,best_n.pt,best_n.pt,raw,30.0,ul,oaitun_ue2,completed,False,50,0,50,50,6,0,44,6,0.12,0.0,0.88,0.12,factory_roundtrip_ms,219.45994000000002,207.71699999999998,218.9194,226.11399999999998,502.81946999999985,65.61314641999999,76.15161024999999,66.68825025999999,77.27251915,66.74011741999999,77.31157139999999,65.0,6.0,raw_prb_pct_cpu_product,390.0,0.75,1.0,90.0,correct_parts_per_min,10.799999999999999,0.0003076923076923077,0.0003076923076923077,0.02769230769230769,-2.200000000000001,False,,,
run_228_20260630_120508_slice_ul65_dl50_edge_cpu6_bg30m_ul_best_n_320x180_speed2p0_raw,automated_experiments/results/run_228_20260630_120508_slice_ul65_dl50_edge_cpu6_bg30m_ul_best_n_320x180_speed2p0_raw,slice_ul65_dl50,65.0,50.0,edge_cpu6,6.0,0.75,320,180,320x180,2.0,best_n.pt,best_n.pt,raw,30.0,ul,oaitun_ue2,completed,False,50,0,50,50,5,2,43,5,0.1,0.04,0.86,0.1,factory_roundtrip_ms,221.27489999999997,206.1365,221.0055,230.70624999999998,571.6047899999998,64.72922847999999,80.99653955,65.85753466,82.43061025,65.91505286,82.4774986,65.0,6.0,raw_prb_pct_cpu_product,390.0,1.0,1.0,120.0,correct_parts_per_min,12.0,0.0002564102564102564,0.0002564102564102564,0.03076923076923077,-1.0,False,,,
run_229_20260630_121116_slice_ul65_dl50_edge_cpu5_bg30m_ul_best_n_1280x720_speed0p5_raw,automated_experiments/results/run_229_20260630_121116_slice_ul65_dl50_edge_cpu5_bg30m_ul_best_n_1280x720_speed0p5_raw,slice_ul65_dl50,65.0,50.0,edge_cpu5,5.0,0.625,1280,720,1280x720,0.5,best_n.pt,best_n.pt,raw,30.0,ul,oaitun_ue2,completed,False,80,30,50,50,28,0,22,28,0.56,0.0,0.44,0.56,factory_roundtrip_ms,660.4494399999999,633.81,680.1580000000001,867.4982999999999,1090.0012399999998,57.751674380000004,65.7505242,69.09603229999999,100.25535844999999,69.90150688,102.91713004999998,65.0,5.0,raw_prb_pct_cpu_product,325.0,0.25,1.0,30.0,correct_parts_per_min,16.8,0.0017230769230769233,0.0017230769230769233,0.0516923076923077,5.966666666666667,False,29.999934300042263,0.0,0.38209846924724566
run_230_20260630_122559_slice_ul65_dl50_edge_cpu5_bg30m_ul_best_n_1280x720_speed1p0_raw,automated_experiments/results/run_230_20260630_122559_slice_ul65_dl50_edge_cpu5_bg30m_ul_best_n_1280x720_speed1p0_raw,slice_ul65_dl50,65.0,50.0,edge_cpu5,5.0,0.625,1280,720,1280x720,1.0,best_n.pt,best_n.pt,raw,30.0,ul,oaitun_ue2,completed,False,141,91,50,50,30,4,16,30,0.6,0.08,0.32,0.6,factory_roundtrip_ms,660.79822,617.7765,656.9922,1105.6232499999999,1137.12411,53.96391197999999,67.81305744999999,61.93731703999999,78.51310434999999,62.274317339999996,78.85629714999999,65.0,5.0,raw_prb_pct_cpu_product,325.0,0.5,1.0,60.0,correct_parts_per_min,36.0,0.0018461538461538461,0.0018461538461538461,0.11076923076923077,25.166666666666664,False,29.9999374000338,0.0,0.33618147218733
run_231_20260630_124321_slice_ul65_dl50_edge_cpu5_bg30m_ul_best_n_1280x720_speed1p5_raw,automated_experiments/results/run_231_20260630_124321_slice_ul65_dl50_edge_cpu5_bg30m_ul_best_n_1280x720_speed1p5_raw,slice_ul65_dl50,65.0,50.0,edge_cpu5,5.0,0.625,1280,720,1280x720,1.5,best_n.pt,best_n.pt,raw,30.0,ul,oaitun_ue2,completed,False,98,48,50,50,20,10,20,20,0.4,0.2,0.4,0.4,factory_roundtrip_ms,673.12212,641.341,690.5825000000002,917.7635999999998,1169.92275,61.68604482,75.67781169999999,70.26204716,86.62309495,70.5872367,86.9957753,65.0,5.0,raw_prb_pct_cpu_product,325.0,0.75,1.0,90.0,correct_parts_per_min,36.0,0.0012307692307692308,0.0012307692307692308,0.11076923076923077,25.166666666666664,False,29.999957506688478,0.0,0.602528796748547
run_232_20260630_125444_slice_ul65_dl50_edge_cpu5_bg30m_ul_best_n_1280x720_speed2p0_raw,automated_experiments/results/run_232_20260630_125444_slice_ul65_dl50_edge_cpu5_bg30m_ul_best_n_1280x720_speed2p0_raw,slice_ul65_dl50,65.0,50.0,edge_cpu5,5.0,0.625,1280,720,1280x720,2.0,best_n.pt,best_n.pt,raw,30.0,ul,oaitun_ue2,completed,False,76,26,50,50,0,50,0,0,0.0,1.0,0.0,0.0,factory_roundtrip_ms,705.43454,643.2945,820.0060000000004,1175.2703999999999,1200.98894,65.46722866,95.79808619999999,75.59915642,107.16253,76.22408092,107.672265,65.0,5.0,raw_prb_pct_cpu_product,325.0,1.0,1.0,120.0,correct_parts_per_min,0.0,0.0,0.0,0.0,-10.833333333333334,False,,,
run_233_20260630_130334_slice_ul65_dl50_edge_cpu5_bg30m_ul_best_n_640x360_speed0p5_raw,automated_experiments/results/run_233_20260630_130334_slice_ul65_dl50_edge_cpu5_bg30m_ul_best_n_640x360_speed0p5_raw,slice_ul65_dl50,65.0,50.0,edge_cpu5,5.0,0.625,640,360,640x360,0.5,best_n.pt,best_n.pt,raw,30.0,ul,oaitun_ue2,completed,False,53,3,50,50,13,0,37,13,0.26,0.0,0.74,0.26,factory_roundtrip_ms,397.97477999999995,363.9225,431.87410000000017,655.3240999999994,849.7925399999999,71.92265481999999,92.40491499999999,74.42783739999999,95.87899349999998,74.53833447999999,95.99846614999998,65.0,5.0,raw_prb_pct_cpu_product,325.0,0.25,1.0,30.0,correct_parts_per_min,7.800000000000001,0.0008,0.0008,0.024,-3.033333333333333,False,,,
run_234_20260630_131420_slice_ul65_dl50_edge_cpu5_bg30m_ul_best_n_640x360_speed1p0_raw,automated_experiments/results/run_234_20260630_131420_slice_ul65_dl50_edge_cpu5_bg30m_ul_best_n_640x360_speed1p0_raw,slice_ul65_dl50,65.0,50.0,edge_cpu5,5.0,0.625,640,360,640x360,1.0,best_n.pt,best_n.pt,raw,30.0,ul,oaitun_ue2,completed,False,65,15,50,50,13,0,37,13,0.26,0.0,0.74,0.26,factory_roundtrip_ms,389.08659999999986,356.3965,380.51980000000003,559.3974999999994,943.46163,67.00061582000001,79.9832388,69.4569774,82.97289495,69.55577042,83.0481182,65.0,5.0,raw_prb_pct_cpu_product,325.0,0.5,1.0,60.0,correct_parts_per_min,15.600000000000001,0.0008,0.0008,0.048,4.7666666666666675,False,,,
run_235_20260630_132334_slice_ul65_dl50_edge_cpu5_bg30m_ul_best_n_640x360_speed1p5_raw,automated_experiments/results/run_235_20260630_132334_slice_ul65_dl50_edge_cpu5_bg30m_ul_best_n_640x360_speed1p5_raw,slice_ul65_dl50,65.0,50.0,edge_cpu5,5.0,0.625,640,360,640x360,1.5,best_n.pt,best_n.pt,raw,30.0,ul,oaitun_ue2,completed,False,53,3,50,50,12,3,35,12,0.24,0.06,0.7,0.24,factory_roundtrip_ms,403.00697999999994,364.5485,487.84800000000007,664.3539999999994,836.4426399999998,73.20505494,98.58945014999996,76.10357562,104.05962514999997,76.23167401999999,104.65911119999998,65.0,5.0,raw_prb_pct_cpu_product,325.0,0.75,1.0,90.0,correct_parts_per_min,21.599999999999998,0.0007384615384615384,0.0007384615384615384,0.06646153846153846,10.766666666666664,False,,,
run_236_20260630_133039_slice_ul65_dl50_edge_cpu5_bg30m_ul_best_n_640x360_speed2p0_raw,automated_experiments/results/run_236_20260630_133039_slice_ul65_dl50_edge_cpu5_bg30m_ul_best_n_640x360_speed2p0_raw,slice_ul65_dl50,65.0,50.0,edge_cpu5,5.0,0.625,640,360,640x360,2.0,best_n.pt,best_n.pt,raw,30.0,ul,oaitun_ue2,completed,False,52,2,50,50,12,5,33,12,0.24,0.1,0.66,0.24,factory_roundtrip_ms,404.91292,359.4995,427.8818000000002,767.632149999999,963.4817699999999,69.02356908,82.52494245,71.87064022,85.68759485,71.99920824,85.74726555,65.0,5.0,raw_prb_pct_cpu_product,325.0,1.0,1.0,120.0,correct_parts_per_min,28.799999999999997,0.0007384615384615384,0.0007384615384615384,0.08861538461538461,17.96666666666666,False,,,
run_237_20260630_133719_slice_ul65_dl50_edge_cpu5_bg30m_ul_best_n_320x180_speed0p5_raw,automated_experiments/results/run_237_20260630_133719_slice_ul65_dl50_edge_cpu5_bg30m_ul_best_n_320x180_speed0p5_raw,slice_ul65_dl50,65.0,50.0,edge_cpu5,5.0,0.625,320,180,320x180,0.5,best_n.pt,best_n.pt,raw,30.0,ul,oaitun_ue2,completed,False,50,0,50,50,6,0,44,6,0.12,0.0,0.88,0.12,factory_roundtrip_ms,244.07144,208.0985,245.42780000000002,596.4571,740.5440599999997,64.89521896000001,86.21024954999999,65.94897626,87.46719474999999,66.01456411999999,87.53223394999999,65.0,5.0,raw_prb_pct_cpu_product,325.0,0.25,1.0,30.0,correct_parts_per_min,3.5999999999999996,0.0003692307692307692,0.0003692307692307692,0.011076923076923076,-7.233333333333334,False,,,
run_238_20260630_134738_slice_ul65_dl50_edge_cpu5_bg30m_ul_best_n_320x180_speed1p0_raw,automated_experiments/results/run_238_20260630_134738_slice_ul65_dl50_edge_cpu5_bg30m_ul_best_n_320x180_speed1p0_raw,slice_ul65_dl50,65.0,50.0,edge_cpu5,5.0,0.625,320,180,320x180,1.0,best_n.pt,best_n.pt,raw,30.0,ul,oaitun_ue2,completed,False,56,6,50,50,6,0,44,6,0.12,0.0,0.88,0.12,factory_roundtrip_ms,246.6898,204.094,371.19360000000006,475.0136999999999,794.6765299999997,61.10186156,75.0323076,62.146446940000004,76.01190399999999,62.19805976000001,76.08984195,65.0,5.0,raw_prb_pct_cpu_product,325.0,0.5,1.0,60.0,correct_parts_per_min,7.199999999999999,0.0003692307692307692,0.0003692307692307692,0.022153846153846152,-3.6333333333333346,False,,,
run_239_20260630_135549_slice_ul65_dl50_edge_cpu5_bg30m_ul_best_n_320x180_speed1p5_raw,automated_experiments/results/run_239_20260630_135549_slice_ul65_dl50_edge_cpu5_bg30m_ul_best_n_320x180_speed1p5_raw,slice_ul65_dl50,65.0,50.0,edge_cpu5,5.0,0.625,320,180,320x180,1.5,best_n.pt,best_n.pt,raw,30.0,ul,oaitun_ue2,completed,False,50,0,50,50,6,3,41,6,0.12,0.06,0.82,0.12,factory_roundtrip_ms,262.16898,205.10399999999998,461.41340000000014,632.5661999999998,838.5647099999999,62.629135500000004,75.98551859999999,63.77347972,77.65982975,63.834221219999996,77.8855382,65.0,5.0,raw_prb_pct_cpu_product,325.0,0.75,1.0,90.0,correct_parts_per_min,10.799999999999999,0.0003692307692307692,0.0003692307692307692,0.03323076923076923,-0.03333333333333499,False,,,
run_240_20260630_140226_slice_ul65_dl50_edge_cpu5_bg30m_ul_best_n_320x180_speed2p0_raw,automated_experiments/results/run_240_20260630_140226_slice_ul65_dl50_edge_cpu5_bg30m_ul_best_n_320x180_speed2p0_raw,slice_ul65_dl50,65.0,50.0,edge_cpu5,5.0,0.625,320,180,320x180,2.0,best_n.pt,best_n.pt,raw,30.0,ul,oaitun_ue2,completed,False,51,1,50,50,6,1,43,6,0.12,0.02,0.86,0.12,factory_roundtrip_ms,221.99270000000004,202.61700000000002,214.49429999999998,297.54934999999955,639.821839999999,60.45946964000001,70.4945669,61.53472634,71.82522205,61.589799159999984,71.86159214999999,65.0,5.0,raw_prb_pct_cpu_product,325.0,1.0,1.0,120.0,correct_parts_per_min,14.399999999999999,0.0003692307692307692,0.0003692307692307692,0.044307692307692305,3.5666666666666647,False,,,
run_241_20260630_140854_slice_ul65_dl50_edge_cpu4_bg30m_ul_best_n_1280x720_speed0p5_raw,automated_experiments/results/run_241_20260630_140854_slice_ul65_dl50_edge_cpu4_bg30m_ul_best_n_1280x720_speed0p5_raw,slice_ul65_dl50,65.0,50.0,edge_cpu4,4.0,0.5,1280,720,1280x720,0.5,best_n.pt,best_n.pt,raw,30.0,ul,oaitun_ue2,completed,False,93,43,50,50,29,0,21,29,0.58,0.0,0.42,0.58,factory_roundtrip_ms,651.38712,630.5695000000001,677.1415000000001,692.343,1081.606899999999,61.60701760000002,96.4469462,69.8099587,108.51473109999998,70.3166348,111.18320334999997,65.0,4.0,raw_prb_pct_cpu_product,260.0,0.25,1.0,30.0,correct_parts_per_min,17.4,0.0022307692307692306,0.0022307692307692306,0.06692307692307692,8.733333333333333,False,29.9999421000222,0.0014158244120306461,0.5144802970488578
run_242_20260630_142607_slice_ul65_dl50_edge_cpu4_bg30m_ul_best_n_1280x720_speed1p0_raw,automated_experiments/results/run_242_20260630_142607_slice_ul65_dl50_edge_cpu4_bg30m_ul_best_n_1280x720_speed1p0_raw,slice_ul65_dl50,65.0,50.0,edge_cpu4,4.0,0.5,1280,720,1280x720,1.0,best_n.pt,best_n.pt,raw,30.0,ul,oaitun_ue2,completed,False,156,106,50,50,29,1,20,29,0.58,0.02,0.4,0.58,factory_roundtrip_ms,632.36782,615.2339999999999,640.8118000000001,648.32575,1030.6378599999987,52.68789746,67.01030545,60.603352699999995,79.8599851,60.94158321999999,80.46071735000001,65.0,4.0,raw_prb_pct_cpu_product,260.0,0.5,1.0,60.0,correct_parts_per_min,34.8,0.0022307692307692306,0.0022307692307692306,0.13384615384615384,26.133333333333333,False,29.99993255004733,0.0004504895856461147,0.429598833658462
run_243_20260630_144552_slice_ul65_dl50_edge_cpu4_bg30m_ul_best_n_1280x720_speed1p5_raw,automated_experiments/results/run_243_20260630_144552_slice_ul65_dl50_edge_cpu4_bg30m_ul_best_n_1280x720_speed1p5_raw,slice_ul65_dl50,65.0,50.0,edge_cpu4,4.0,0.5,1280,720,1280x720,1.5,best_n.pt,best_n.pt,raw,30.0,ul,oaitun_ue2,completed,False,80,30,50,50,9,30,11,9,0.18,0.6,0.22,0.18,factory_roundtrip_ms,722.98506,657.9065,744.1472000000005,1380.9615999999999,1434.63976,74.27169418,110.3233147,82.9304264,118.5122827,83.33729638000001,118.9970551,65.0,4.0,raw_prb_pct_cpu_product,260.0,0.75,1.0,90.0,correct_parts_per_min,16.2,0.0006923076923076923,0.0006923076923076923,0.06230769230769231,7.533333333333333,False,,,
run_244_20260630_145533_slice_ul65_dl50_edge_cpu4_bg30m_ul_best_n_1280x720_speed2p0_raw,automated_experiments/results/run_244_20260630_145533_slice_ul65_dl50_edge_cpu4_bg30m_ul_best_n_1280x720_speed2p0_raw,slice_ul65_dl50,65.0,50.0,edge_cpu4,4.0,0.5,1280,720,1280x720,2.0,best_n.pt,best_n.pt,raw,30.0,ul,oaitun_ue2,completed,False,82,32,50,50,0,50,0,0,0.0,1.0,0.0,0.0,factory_roundtrip_ms,766.4117400000001,661.2950000000001,1371.3990000000001,1429.8108,1488.6350400000001,77.09874142,111.143687,86.90574063999996,121.24553429999999,87.57228556,121.58588675,65.0,4.0,raw_prb_pct_cpu_product,260.0,1.0,1.0,120.0,correct_parts_per_min,0.0,0.0,0.0,0.0,-8.666666666666666,False,,,
run_245_20260630_150528_slice_ul65_dl50_edge_cpu4_bg30m_ul_best_n_640x360_speed0p5_raw,automated_experiments/results/run_245_20260630_150528_slice_ul65_dl50_edge_cpu4_bg30m_ul_best_n_640x360_speed0p5_raw,slice_ul65_dl50,65.0,50.0,edge_cpu4,4.0,0.5,640,360,640x360,0.5,best_n.pt,best_n.pt,raw,30.0,ul,oaitun_ue2,completed,False,50,0,50,50,15,0,35,15,0.3,0.0,0.7,0.3,factory_roundtrip_ms,433.61504,373.179,484.1090000000004,878.3997499999997,1192.3531799999998,78.06979036,105.78101149999999,81.7708627,108.7296242,81.931214,109.74682544999999,65.0,4.0,raw_prb_pct_cpu_product,260.0,0.25,1.0,30.0,correct_parts_per_min,9.0,0.0011538461538461537,0.0011538461538461537,0.03461538461538462,0.3333333333333339,False,,,
run_246_20260630_151554_slice_ul65_dl50_edge_cpu4_bg30m_ul_best_n_640x360_speed1p0_raw,automated_experiments/results/run_246_20260630_151554_slice_ul65_dl50_edge_cpu4_bg30m_ul_best_n_640x360_speed1p0_raw,slice_ul65_dl50,65.0,50.0,edge_cpu4,4.0,0.5,640,360,640x360,1.0,best_n.pt,best_n.pt,raw,30.0,ul,oaitun_ue2,completed,False,63,13,50,50,13,2,35,13,0.26,0.04,0.7,0.26,factory_roundtrip_ms,439.58899999999994,367.72749999999996,693.7046000000001,885.4812999999998,1157.15513,76.39245660000002,106.9925762,78.94489786,109.75804195,79.03694732,109.81471325,65.0,4.0,raw_prb_pct_cpu_product,260.0,0.5,1.0,60.0,correct_parts_per_min,15.600000000000001,0.001,0.001,0.060000000000000005,6.933333333333335,False,,,
run_247_20260630_152500_slice_ul65_dl50_edge_cpu4_bg30m_ul_best_n_640x360_speed1p5_raw,automated_experiments/results/run_247_20260630_152500_slice_ul65_dl50_edge_cpu4_bg30m_ul_best_n_640x360_speed1p5_raw,slice_ul65_dl50,65.0,50.0,edge_cpu4,4.0,0.5,640,360,640x360,1.5,best_n.pt,best_n.pt,raw,30.0,ul,oaitun_ue2,completed,False,52,2,50,50,11,6,33,11,0.22,0.12,0.66,0.22,factory_roundtrip_ms,445.00326,369.6335,674.3982000000001,1021.2907499999994,1219.2458399999998,78.61445327999999,107.93116699999999,82.36700514,112.39059065,82.53151926000001,113.0135912,65.0,4.0,raw_prb_pct_cpu_product,260.0,0.75,1.0,90.0,correct_parts_per_min,19.8,0.0008461538461538462,0.0008461538461538462,0.07615384615384616,11.133333333333335,False,,,
run_248_20260630_153156_slice_ul65_dl50_edge_cpu4_bg30m_ul_best_n_640x360_speed2p0_raw,automated_experiments/results/run_248_20260630_153156_slice_ul65_dl50_edge_cpu4_bg30m_ul_best_n_640x360_speed2p0_raw,slice_ul65_dl50,65.0,50.0,edge_cpu4,4.0,0.5,640,360,640x360,2.0,best_n.pt,best_n.pt,raw,30.0,ul,oaitun_ue2,completed,False,51,1,50,50,11,4,35,11,0.22,0.08,0.7,0.22,factory_roundtrip_ms,415.99021999999997,365.0815,411.0585,761.9165499999996,1147.5081199999995,78.38641598,112.88177599999999,80.96850640000001,115.96584829999999,81.05552263999999,116.02422859999999,65.0,4.0,raw_prb_pct_cpu_product,260.0,1.0,1.0,120.0,correct_parts_per_min,26.4,0.0008461538461538462,0.0008461538461538462,0.10153846153846154,17.733333333333334,False,,,
run_249_20260630_153836_slice_ul65_dl50_edge_cpu4_bg30m_ul_best_n_320x180_speed0p5_raw,automated_experiments/results/run_249_20260630_153836_slice_ul65_dl50_edge_cpu4_bg30m_ul_best_n_320x180_speed0p5_raw,slice_ul65_dl50,65.0,50.0,edge_cpu4,4.0,0.5,320,180,320x180,0.5,best_n.pt,best_n.pt,raw,30.0,ul,oaitun_ue2,completed,False,50,0,50,50,6,0,44,6,0.12,0.0,0.88,0.12,factory_roundtrip_ms,274.54528,208.8945,442.6216000000001,719.1058499999995,1011.1372999999996,70.98355652000001,107.61391704999997,72.15182748000001,108.72474484999998,72.21179292,108.80026509999998,65.0,4.0,raw_prb_pct_cpu_product,260.0,0.25,1.0,30.0,correct_parts_per_min,3.5999999999999996,0.00046153846153846153,0.00046153846153846153,0.013846153846153845,-5.066666666666666,False,,,
run_250_20260630_154900_slice_ul65_dl50_edge_cpu4_bg30m_ul_best_n_320x180_speed1p0_raw,automated_experiments/results/run_250_20260630_154900_slice_ul65_dl50_edge_cpu4_bg30m_ul_best_n_320x180_speed1p0_raw,slice_ul65_dl50,65.0,50.0,edge_cpu4,4.0,0.5,320,180,320x180,1.0,best_n.pt,best_n.pt,raw,30.0,ul,oaitun_ue2,completed,False,55,5,50,50,7,1,42,7,0.14,0.02,0.84,0.14,factory_roundtrip_ms,267.1504,207.913,444.0354000000001,548.9646499999999,968.4768699999995,68.14567498000001,99.70857435,69.2050625,100.7089712,69.26088623999999,100.77403025,65.0,4.0,raw_prb_pct_cpu_product,260.0,0.5,1.0,60.0,correct_parts_per_min,8.4,0.0005384615384615385,0.0005384615384615385,0.03230769230769231,-0.2666666666666657,False,,,
run_251_20260630_155714_slice_ul65_dl50_edge_cpu4_bg30m_ul_best_n_320x180_speed1p5_raw,automated_experiments/results/run_251_20260630_155714_slice_ul65_dl50_edge_cpu4_bg30m_ul_best_n_320x180_speed1p5_raw,slice_ul65_dl50,65.0,50.0,edge_cpu4,4.0,0.5,320,180,320x180,1.5,best_n.pt,best_n.pt,raw,30.0,ul,oaitun_ue2,completed,False,50,0,50,50,5,6,39,5,0.1,0.12,0.78,0.1,factory_roundtrip_ms,319.73564000000005,209.9025,847.3535,1010.92115,1157.12828,69.99302086,102.02112989999996,71.10672081999999,103.14792694999996,71.1702059,103.21929929999996,65.0,4.0,raw_prb_pct_cpu_product,260.0,0.75,1.0,90.0,correct_parts_per_min,9.0,0.0003846153846153846,0.0003846153846153846,0.03461538461538462,0.3333333333333339,False,,,
run_252_20260630_160402_slice_ul65_dl50_edge_cpu4_bg30m_ul_best_n_320x180_speed2p0_raw,automated_experiments/results/run_252_20260630_160402_slice_ul65_dl50_edge_cpu4_bg30m_ul_best_n_320x180_speed2p0_raw,slice_ul65_dl50,65.0,50.0,edge_cpu4,4.0,0.5,320,180,320x180,2.0,best_n.pt,best_n.pt,raw,30.0,ul,oaitun_ue2,completed,False,50,0,50,50,7,2,41,7,0.14,0.04,0.82,0.14,factory_roundtrip_ms,235.78906000000003,206.006,244.1261,405.67494999999974,697.1082999999999,68.05443046,99.01030845,69.16592622,99.86003314999999,69.21791188,99.98896805,65.0,4.0,raw_prb_pct_cpu_product,260.0,1.0,1.0,120.0,correct_parts_per_min,16.8,0.0005384615384615385,0.0005384615384615385,0.06461538461538462,8.133333333333335,False,,,
run_253_20260630_161033_slice_ul65_dl50_edge_cpu3_bg30m_ul_best_n_1280x720_speed0p5_raw,automated_experiments/results/run_253_20260630_161033_slice_ul65_dl50_edge_cpu3_bg30m_ul_best_n_1280x720_speed0p5_raw,slice_ul65_dl50,65.0,50.0,edge_cpu3,3.0,0.375,1280,720,1280x720,0.5,best_n.pt,best_n.pt,raw,30.0,ul,oaitun_ue2,completed,False,79,29,50,50,29,0,21,29,0.58,0.0,0.42,0.58,factory_roundtrip_ms,788.59906,671.1185,1200.4890000000003,1571.0238499999998,1638.7928799999997,88.14690743999999,129.09931155,96.84400486,139.01816954999998,97.29398664,139.29729544999998,65.0,3.0,raw_prb_pct_cpu_product,195.0,0.25,1.0,30.0,correct_parts_per_min,17.4,0.002974358974358974,0.002974358974358974,0.08923076923076922,10.899999999999999,False,29.999955606692264,0.07310797713573758,0.47569046342461546
run_254_20260630_162624_slice_ul65_dl50_edge_cpu3_bg30m_ul_best_n_1280x720_speed1p0_raw,automated_experiments/results/run_254_20260630_162624_slice_ul65_dl50_edge_cpu3_bg30m_ul_best_n_1280x720_speed1p0_raw,slice_ul65_dl50,65.0,50.0,edge_cpu3,3.0,0.375,1280,720,1280x720,1.0,best_n.pt,best_n.pt,raw,30.0,ul,oaitun_ue2,completed,False,132,82,50,50,29,2,19,29,0.58,0.04,0.38,0.58,factory_roundtrip_ms,685.7504400000001,653.314,703.8768,797.4599499999996,1430.037239999999,84.52615934,126.24919654999998,92.86096082,135.08235214999996,93.24298376,135.50795589999998,65.0,3.0,raw_prb_pct_cpu_product,195.0,0.5,1.0,60.0,correct_parts_per_min,34.8,0.002974358974358974,0.002974358974358974,0.17846153846153845,28.299999999999997,False,29.9999400000272,0.024969994175813214,0.45744509758630436
run_255_20260630_164418_slice_ul65_dl50_edge_cpu3_bg30m_ul_best_n_1280x720_speed1p5_raw,automated_experiments/results/run_255_20260630_164418_slice_ul65_dl50_edge_cpu3_bg30m_ul_best_n_1280x720_speed1p5_raw,slice_ul65_dl50,65.0,50.0,edge_cpu3,3.0,0.375,1280,720,1280x720,1.5,best_n.pt,best_n.pt,raw,30.0,ul,oaitun_ue2,completed,False,87,37,50,50,13,34,3,13,0.26,0.68,0.06,0.26,factory_roundtrip_ms,777.77808,682.762,1090.1295,1410.9901499999985,1742.41238,89.88388752,128.7751231,99.15709403999999,139.48777285,99.560985,139.79086064999998,65.0,3.0,raw_prb_pct_cpu_product,195.0,0.75,1.0,90.0,correct_parts_per_min,23.400000000000002,0.0013333333333333333,0.0013333333333333333,0.12000000000000001,16.900000000000002,False,,,
run_256_20260630_165457_slice_ul65_dl50_edge_cpu3_bg30m_ul_best_n_1280x720_speed2p0_raw,automated_experiments/results/run_256_20260630_165457_slice_ul65_dl50_edge_cpu3_bg30m_ul_best_n_1280x720_speed2p0_raw,slice_ul65_dl50,65.0,50.0,edge_cpu3,3.0,0.375,1280,720,1280x720,2.0,best_n.pt,best_n.pt,raw,30.0,ul,oaitun_ue2,completed,False,113,33,80,80,0,80,0,0,0.0,1.0,0.0,0.0,factory_roundtrip_ms,737.0330875,674.519,713.1901,1298.5985999999994,1784.5147299999999,90.921893475,125.44543865,99.89314061249999,133.88796255,100.37288317500001,134.28711085,65.0,3.0,raw_prb_pct_cpu_product,195.0,1.0,1.0,120.0,correct_parts_per_min,0.0,0.0,0.0,0.0,-6.5,False,,,
run_257_20260630_171052_slice_ul65_dl50_edge_cpu3_bg30m_ul_best_n_640x360_speed0p5_raw,automated_experiments/results/run_257_20260630_171052_slice_ul65_dl50_edge_cpu3_bg30m_ul_best_n_640x360_speed0p5_raw,slice_ul65_dl50,65.0,50.0,edge_cpu3,3.0,0.375,640,360,640x360,0.5,best_n.pt,best_n.pt,raw,30.0,ul,oaitun_ue2,completed,False,52,2,50,50,15,0,35,15,0.3,0.0,0.7,0.3,factory_roundtrip_ms,392.32934,389.06600000000003,425.943,438.55395,463.23472,98.25219204,139.09271485,101.06307282,141.59645644999998,101.17750313999998,141.73129214999997,65.0,3.0,raw_prb_pct_cpu_product,195.0,0.25,1.0,30.0,correct_parts_per_min,9.0,0.0015384615384615385,0.0015384615384615385,0.046153846153846156,2.5,False,29.9999409500249,0.050519189247457144,0.42981354626105567
run_258_20260630_172213_slice_ul65_dl50_edge_cpu3_bg30m_ul_best_n_640x360_speed1p0_raw,automated_experiments/results/run_258_20260630_172213_slice_ul65_dl50_edge_cpu3_bg30m_ul_best_n_640x360_speed1p0_raw,slice_ul65_dl50,65.0,50.0,edge_cpu3,3.0,0.375,640,360,640x360,1.0,best_n.pt,best_n.pt,raw,30.0,ul,oaitun_ue2,completed,False,77,27,50,50,11,0,39,11,0.22,0.0,0.78,0.22,factory_roundtrip_ms,381.75226,379.871,420.3767,421.88305,424.85544,89.08950364,128.39267379999998,91.64541852,130.3527983,91.74419545999999,130.40956855,65.0,3.0,raw_prb_pct_cpu_product,195.0,0.5,1.0,60.0,correct_parts_per_min,13.2,0.0011282051282051281,0.0011282051282051281,0.06769230769230769,6.699999999999999,False,29.999940600025738,0.03005409092810508,0.5100063498261792
run_259_20260630_173347_slice_ul65_dl50_edge_cpu3_bg30m_ul_best_n_640x360_speed1p5_raw,automated_experiments/results/run_259_20260630_173347_slice_ul65_dl50_edge_cpu3_bg30m_ul_best_n_640x360_speed1p5_raw,slice_ul65_dl50,65.0,50.0,edge_cpu3,3.0,0.375,640,360,640x360,1.5,best_n.pt,best_n.pt,raw,30.0,ul,oaitun_ue2,completed,False,52,2,50,50,10,0,40,10,0.2,0.0,0.8,0.2,factory_roundtrip_ms,389.1542,383.46000000000004,422.5526,427.34335,437.00183,94.95281428,132.46851415,97.91279549999999,135.59026889999998,98.0188488,135.65051624999998,65.0,3.0,raw_prb_pct_cpu_product,195.0,0.75,1.0,90.0,correct_parts_per_min,18.0,0.0010256410256410256,0.0010256410256410256,0.09230769230769231,11.5,False,,,
run_260_20260630_174114_slice_ul65_dl50_edge_cpu3_bg30m_ul_best_n_640x360_speed2p0_raw,automated_experiments/results/run_260_20260630_174114_slice_ul65_dl50_edge_cpu3_bg30m_ul_best_n_640x360_speed2p0_raw,slice_ul65_dl50,65.0,50.0,edge_cpu3,3.0,0.375,640,360,640x360,2.0,best_n.pt,best_n.pt,raw,30.0,ul,oaitun_ue2,completed,False,50,0,50,50,15,0,35,15,0.3,0.0,0.7,0.3,factory_roundtrip_ms,377.53312000000005,366.888,414.2173,417.9734,431.62177999999994,87.06976805999999,127.3824174,89.37663766000001,129.64474245,89.45264318000001,129.71949355,65.0,3.0,raw_prb_pct_cpu_product,195.0,1.0,1.0,120.0,correct_parts_per_min,36.0,0.0015384615384615385,0.0015384615384615385,0.18461538461538463,29.5,False,,,
run_261_20260630_174752_slice_ul65_dl50_edge_cpu3_bg30m_ul_best_n_320x180_speed0p5_raw,automated_experiments/results/run_261_20260630_174752_slice_ul65_dl50_edge_cpu3_bg30m_ul_best_n_320x180_speed0p5_raw,slice_ul65_dl50,65.0,50.0,edge_cpu3,3.0,0.375,320,180,320x180,0.5,best_n.pt,best_n.pt,raw,30.0,ul,oaitun_ue2,completed,False,50,0,50,50,6,0,44,6,0.12,0.0,0.88,0.12,factory_roundtrip_ms,231.96746000000002,225.058,266.54679999999996,272.12534999999997,279.9648,88.62111182000001,126.4501626,89.72155055999998,127.63953959999999,89.79026933999998,127.77374979999999,65.0,3.0,raw_prb_pct_cpu_product,195.0,0.25,1.0,30.0,correct_parts_per_min,3.5999999999999996,0.0006153846153846154,0.0006153846153846154,0.01846153846153846,-2.9000000000000004,False,,,
run_262_20260630_175845_slice_ul65_dl50_edge_cpu3_bg30m_ul_best_n_320x180_speed1p0_raw,automated_experiments/results/run_262_20260630_175845_slice_ul65_dl50_edge_cpu3_bg30m_ul_best_n_320x180_speed1p0_raw,slice_ul65_dl50,65.0,50.0,edge_cpu3,3.0,0.375,320,180,320x180,1.0,best_n.pt,best_n.pt,raw,30.0,ul,oaitun_ue2,completed,False,55,5,50,50,6,0,44,6,0.12,0.0,0.88,0.12,factory_roundtrip_ms,231.49543999999997,232.275,261.4654,263.62185,266.78523,89.89560564,122.4685328,91.03557648000002,123.7955531,91.09603214,123.83135555,65.0,3.0,raw_prb_pct_cpu_product,195.0,0.5,1.0,60.0,correct_parts_per_min,7.199999999999999,0.0006153846153846154,0.0006153846153846154,0.03692307692307692,0.6999999999999993,False,,,
run_263_20260630_180734_slice_ul65_dl50_edge_cpu3_bg30m_ul_best_n_320x180_speed1p5_raw,automated_experiments/results/run_263_20260630_180734_slice_ul65_dl50_edge_cpu3_bg30m_ul_best_n_320x180_speed1p5_raw,slice_ul65_dl50,65.0,50.0,edge_cpu3,3.0,0.375,320,180,320x180,1.5,best_n.pt,best_n.pt,raw,30.0,ul,oaitun_ue2,completed,False,50,0,50,50,6,0,44,6,0.12,0.0,0.88,0.12,factory_roundtrip_ms,234.56900000000002,239.777,269.5798,271.0969,278.92008999999996,92.28573990000001,129.46929974999998,93.36228582,131.1248015,93.42266975999999,131.17116975,65.0,3.0,raw_prb_pct_cpu_product,195.0,0.75,1.0,90.0,correct_parts_per_min,10.799999999999999,0.0006153846153846154,0.0006153846153846154,0.05538461538461538,4.299999999999999,False,,,
run_264_20260630_181445_slice_ul65_dl50_edge_cpu3_bg30m_ul_best_n_320x180_speed2p0_raw,automated_experiments/results/run_264_20260630_181445_slice_ul65_dl50_edge_cpu3_bg30m_ul_best_n_320x180_speed2p0_raw,slice_ul65_dl50,65.0,50.0,edge_cpu3,3.0,0.375,320,180,320x180,2.0,best_n.pt,best_n.pt,raw,30.0,ul,oaitun_ue2,completed,False,50,0,50,50,7,0,43,7,0.14,0.0,0.86,0.14,factory_roundtrip_ms,232.49224,230.2465,266.9955,269.95665,275.89361,89.68652621999999,126.68186169999998,90.7297748,127.65331294999999,90.78165203999998,127.68538369999999,65.0,3.0,raw_prb_pct_cpu_product,195.0,1.0,1.0,120.0,correct_parts_per_min,16.8,0.000717948717948718,0.000717948717948718,0.08615384615384616,10.3,False,,,
run_265_20260630_182142_slice_ul65_dl50_edge_cpu2_bg30m_ul_best_n_1280x720_speed0p5_raw,automated_experiments/results/run_265_20260630_182142_slice_ul65_dl50_edge_cpu2_bg30m_ul_best_n_1280x720_speed0p5_raw,slice_ul65_dl50,65.0,50.0,edge_cpu2,2.0,0.25,1280,720,1280x720,0.5,best_n.pt,best_n.pt,raw,30.0,ul,oaitun_ue2,completed,False,76,26,50,50,28,0,22,28,0.56,0.0,0.44,0.56,factory_roundtrip_ms,737.5288,730.7249999999999,805.9928,829.1026999999999,867.45498,158.95301866,241.93232694999998,168.22863006000003,250.53796339999997,169.08217571999998,251.0112178,65.0,2.0,raw_prb_pct_cpu_product,130.0,0.25,1.0,30.0,correct_parts_per_min,16.8,0.004307692307692308,0.004307692307692308,0.12923076923076923,12.466666666666669,False,29.999933200045426,0.20960636863562793,0.4045051390944298
run_266_20260630_183737_slice_ul65_dl50_edge_cpu2_bg30m_ul_best_n_1280x720_speed1p0_raw,automated_experiments/results/run_266_20260630_183737_slice_ul65_dl50_edge_cpu2_bg30m_ul_best_n_1280x720_speed1p0_raw,slice_ul65_dl50,65.0,50.0,edge_cpu2,2.0,0.25,1280,720,1280x720,1.0,best_n.pt,best_n.pt,raw,30.0,ul,oaitun_ue2,completed,False,107,57,50,50,29,1,20,29,0.58,0.02,0.4,0.58,factory_roundtrip_ms,725.43808,728.305,790.0085,795.9233499999999,930.3150599999996,154.31333622,219.51050454999998,163.32748544000003,229.78775139999996,163.66477372,230.04673769999997,65.0,2.0,raw_prb_pct_cpu_product,130.0,0.5,1.0,60.0,correct_parts_per_min,34.8,0.004461538461538461,0.004461538461538461,0.2676923076923077,30.466666666666665,False,29.999940750025377,0.199824309061598,0.5512640050711836
run_267_20260630_185253_slice_ul65_dl50_edge_cpu2_bg30m_ul_best_n_1280x720_speed1p5_raw,automated_experiments/results/run_267_20260630_185253_slice_ul65_dl50_edge_cpu2_bg30m_ul_best_n_1280x720_speed1p5_raw,slice_ul65_dl50,65.0,50.0,edge_cpu2,2.0,0.25,1280,720,1280x720,1.5,best_n.pt,best_n.pt,raw,30.0,ul,oaitun_ue2,completed,False,86,36,50,50,0,48,2,0,0.0,0.96,0.04,0.0,factory_roundtrip_ms,747.19032,747.1975,790.2024,804.1092,822.3560399999999,165.42279958,215.46412835,175.26334596,223.99123715,175.69926252000002,224.29835825,65.0,2.0,raw_prb_pct_cpu_product,130.0,0.75,1.0,90.0,correct_parts_per_min,0.0,0.0,0.0,0.0,-4.333333333333333,False,29.99995975668431,0.313926683510676,0.5697364714262494
run_268_20260630_190408_slice_ul65_dl50_edge_cpu2_bg30m_ul_best_n_1280x720_speed2p0_raw,automated_experiments/results/run_268_20260630_190408_slice_ul65_dl50_edge_cpu2_bg30m_ul_best_n_1280x720_speed2p0_raw,slice_ul65_dl50,65.0,50.0,edge_cpu2,2.0,0.25,1280,720,1280x720,2.0,best_n.pt,best_n.pt,raw,30.0,ul,oaitun_ue2,completed,False,77,27,50,50,0,50,0,0,0.0,1.0,0.0,0.0,factory_roundtrip_ms,751.70282,745.5989999999999,786.3596,804.5277,837.5881599999999,171.31861378000005,217.17446755,179.99617117999998,225.49940985,180.47007804,225.96425175,65.0,2.0,raw_prb_pct_cpu_product,130.0,1.0,1.0,120.0,correct_parts_per_min,0.0,0.0,0.0,0.0,-4.333333333333333,False,,,
run_269_20260630_191421_slice_ul65_dl50_edge_cpu2_bg30m_ul_best_n_640x360_speed0p5_raw,automated_experiments/results/run_269_20260630_191421_slice_ul65_dl50_edge_cpu2_bg30m_ul_best_n_640x360_speed0p5_raw,slice_ul65_dl50,65.0,50.0,edge_cpu2,2.0,0.25,640,360,640x360,0.5,best_n.pt,best_n.pt,raw,30.0,ul,oaitun_ue2,completed,False,51,1,50,50,14,0,36,14,0.28,0.0,0.72,0.28,factory_roundtrip_ms,471.5770600000001,471.591,513.3956,525.3601,582.5880099999999,175.12071389999997,222.57289125,177.57471324000002,225.43775415,177.67809324,225.6448217,65.0,2.0,raw_prb_pct_cpu_product,130.0,0.25,1.0,30.0,correct_parts_per_min,8.4,0.002153846153846154,0.002153846153846154,0.06461538461538462,4.066666666666667,False,29.99993055005336,0.3490007175655543,0.644117539432214
run_270_20260630_192552_slice_ul65_dl50_edge_cpu2_bg30m_ul_best_n_640x360_speed1p0_raw,automated_experiments/results/run_270_20260630_192552_slice_ul65_dl50_edge_cpu2_bg30m_ul_best_n_640x360_speed1p0_raw,slice_ul65_dl50,65.0,50.0,edge_cpu2,2.0,0.25,640,360,640x360,1.0,best_n.pt,best_n.pt,raw,30.0,ul,oaitun_ue2,completed,False,66,16,50,50,13,0,37,13,0.26,0.0,0.74,0.26,factory_roundtrip_ms,470.50971999999996,459.62750000000005,526.306,561.52835,589.3120299999999,174.56845615999998,236.6606739499999,176.9647006,239.7054221999999,177.06649131999998,239.7807717999999,65.0,2.0,raw_prb_pct_cpu_product,130.0,0.5,1.0,60.0,correct_parts_per_min,15.600000000000001,0.002,0.002,0.12000000000000001,11.26666666666667,False,,,
run_271_20260630_193610_slice_ul65_dl50_edge_cpu2_bg30m_ul_best_n_640x360_speed1p5_raw,automated_experiments/results/run_271_20260630_193610_slice_ul65_dl50_edge_cpu2_bg30m_ul_best_n_640x360_speed1p5_raw,slice_ul65_dl50,65.0,50.0,edge_cpu2,2.0,0.25,640,360,640x360,1.5,best_n.pt,best_n.pt,raw,30.0,ul,oaitun_ue2,completed,False,53,3,50,50,13,0,37,13,0.26,0.0,0.74,0.26,factory_roundtrip_ms,468.37142,465.053,504.6418,512.44785,555.3087299999999,175.15387238,219.44407095,177.68850564000002,221.99787855,177.79478930000002,222.09538815000002,65.0,2.0,raw_prb_pct_cpu_product,130.0,0.75,1.0,90.0,correct_parts_per_min,23.400000000000002,0.002,0.002,0.18000000000000002,19.06666666666667,False,,,
run_272_20260630_194359_slice_ul65_dl50_edge_cpu2_bg30m_ul_best_n_640x360_speed2p0_raw,automated_experiments/results/run_272_20260630_194359_slice_ul65_dl50_edge_cpu2_bg30m_ul_best_n_640x360_speed2p0_raw,slice_ul65_dl50,65.0,50.0,edge_cpu2,2.0,0.25,640,360,640x360,2.0,best_n.pt,best_n.pt,raw,30.0,ul,oaitun_ue2,completed,False,51,1,50,50,10,11,29,10,0.2,0.22,0.58,0.2,factory_roundtrip_ms,475.49804000000006,472.3605,518.2105000000001,556.7814500000001,579.7382399999999,177.32421721999998,218.02032354999997,179.71181919999995,220.96077124999996,179.80762287999997,221.18638789999994,65.0,2.0,raw_prb_pct_cpu_product,130.0,1.0,1.0,120.0,correct_parts_per_min,24.0,0.0015384615384615385,0.0015384615384615385,0.18461538461538463,19.666666666666668,False,,,
run_273_20260630_195117_slice_ul65_dl50_edge_cpu2_bg30m_ul_best_n_320x180_speed0p5_raw,automated_experiments/results/run_273_20260630_195117_slice_ul65_dl50_edge_cpu2_bg30m_ul_best_n_320x180_speed0p5_raw,slice_ul65_dl50,65.0,50.0,edge_cpu2,2.0,0.25,320,180,320x180,0.5,best_n.pt,best_n.pt,raw,30.0,ul,oaitun_ue2,completed,False,50,0,50,50,6,0,44,6,0.12,0.0,0.88,0.12,factory_roundtrip_ms,305.22375999999997,307.6435,353.0406,358.41474999999997,429.55764999999997,160.1525974,209.35154335,161.39059418,210.65006574999998,161.44177842000002,210.6855,65.0,2.0,raw_prb_pct_cpu_product,130.0,0.25,1.0,30.0,correct_parts_per_min,3.5999999999999996,0.0009230769230769231,0.0009230769230769231,0.02769230769230769,-0.7333333333333334,False,29.999954956693617,0.29970409288831856,0.5289857811500045
run_274_20260630_200245_slice_ul65_dl50_edge_cpu2_bg30m_ul_best_n_320x180_speed1p0_raw,automated_experiments/results/run_274_20260630_200245_slice_ul65_dl50_edge_cpu2_bg30m_ul_best_n_320x180_speed1p0_raw,slice_ul65_dl50,65.0,50.0,edge_cpu2,2.0,0.25,320,180,320x180,1.0,best_n.pt,best_n.pt,raw,30.0,ul,oaitun_ue2,completed,False,55,5,50,50,6,0,44,6,0.12,0.0,0.88,0.12,factory_roundtrip_ms,306.10308000000003,309.86350000000004,345.6194,348.69575,357.39873,161.29676972,207.4751772,162.40641742,208.58069784999998,162.46987370000002,208.6425002,65.0,2.0,raw_prb_pct_cpu_product,130.0,0.5,1.0,60.0,correct_parts_per_min,7.199999999999999,0.0009230769230769231,0.0009230769230769231,0.05538461538461538,2.8666666666666663,False,,,
run_275_20260630_201150_slice_ul65_dl50_edge_cpu2_bg30m_ul_best_n_320x180_speed1p5_raw,automated_experiments/results/run_275_20260630_201150_slice_ul65_dl50_edge_cpu2_bg30m_ul_best_n_320x180_speed1p5_raw,slice_ul65_dl50,65.0,50.0,edge_cpu2,2.0,0.25,320,180,320x180,1.5,best_n.pt,best_n.pt,raw,30.0,ul,oaitun_ue2,completed,False,50,0,50,50,6,0,44,6,0.12,0.0,0.88,0.12,factory_roundtrip_ms,317.96658,324.7715,362.3438,366.9228,393.5839999999999,171.10052109999998,218.35067229999999,172.2529969,220.00039775,172.32969250000002,220.0374063,65.0,2.0,raw_prb_pct_cpu_product,130.0,0.75,1.0,90.0,correct_parts_per_min,10.799999999999999,0.0009230769230769231,0.0009230769230769231,0.08307692307692306,6.466666666666666,False,,,
run_276_20260630_201924_slice_ul65_dl50_edge_cpu2_bg30m_ul_best_n_320x180_speed2p0_raw,automated_experiments/results/run_276_20260630_201924_slice_ul65_dl50_edge_cpu2_bg30m_ul_best_n_320x180_speed2p0_raw,slice_ul65_dl50,65.0,50.0,edge_cpu2,2.0,0.25,320,180,320x180,2.0,best_n.pt,best_n.pt,raw,30.0,ul,oaitun_ue2,completed,False,50,0,50,50,6,0,44,6,0.12,0.0,0.88,0.12,factory_roundtrip_ms,317.21029999999996,317.669,363.279,367.65479999999997,415.15543,171.6360016,219.24839945,172.82778946,220.7910491,172.88556666,220.84225875,65.0,2.0,raw_prb_pct_cpu_product,130.0,1.0,1.0,120.0,correct_parts_per_min,14.399999999999999,0.0009230769230769231,0.0009230769230769231,0.11076923076923076,10.066666666666666,False,,,
run_277_20260630_211636_slice_ul65_dl50_edge_cpu1_bg30m_ul_best_n_1280x720_speed0p5_raw,automated_experiments/results/run_277_20260630_211636_slice_ul65_dl50_edge_cpu1_bg30m_ul_best_n_1280x720_speed0p5_raw,slice_ul65_dl50,65.0,50.0,edge_cpu1,1.0,0.125,1280,720,1280x720,0.5,best_n.pt,best_n.pt,raw,30.0,ul,oaitun_ue2,completed,False,58,8,50,50,26,1,23,26,0.52,0.02,0.46,0.52,factory_roundtrip_ms,1388.3592800000001,1353.5729999999999,1544.8535,1590.0160999999998,1904.282409999999,622.25345184,818.6810948999998,630.56611064,826.7582951999998,630.9862721599999,827.1159893999999,65.0,1.0,raw_prb_pct_cpu_product,65.0,0.25,1.0,30.0,correct_parts_per_min,15.600000000000001,0.008,0.008,0.24000000000000002,13.433333333333335,False,,,
run_278_20260630_212307_slice_ul65_dl50_edge_cpu1_bg30m_ul_best_n_1280x720_speed1p0_raw,automated_experiments/results/run_278_20260630_212307_slice_ul65_dl50_edge_cpu1_bg30m_ul_best_n_1280x720_speed1p0_raw,slice_ul65_dl50,65.0,50.0,edge_cpu1,1.0,0.125,1280,720,1280x720,1.0,best_n.pt,best_n.pt,raw,30.0,ul,oaitun_ue2,completed,False,160,110,50,50,0,50,0,0,0.0,1.0,0.0,0.0,factory_roundtrip_ms,1342.2880800000003,1335.2424999999998,1465.0765,1502.8027,1564.15692,582.1017068399999,728.2020219999999,590.5313311,736.5298680499999,590.90166912,736.9087369,65.0,1.0,raw_prb_pct_cpu_product,65.0,0.5,1.0,60.0,correct_parts_per_min,0.0,0.0,0.0,0.0,-2.1666666666666665,False,,,
run_279_20260630_213211_slice_ul65_dl50_edge_cpu1_bg30m_ul_best_n_1280x720_speed1p5_raw,automated_experiments/results/run_279_20260630_213211_slice_ul65_dl50_edge_cpu1_bg30m_ul_best_n_1280x720_speed1p5_raw,slice_ul65_dl50,65.0,50.0,edge_cpu1,1.0,0.125,1280,720,1280x720,1.5,best_n.pt,best_n.pt,raw,30.0,ul,oaitun_ue2,completed,False,56,6,50,50,0,50,0,0,0.0,1.0,0.0,0.0,factory_roundtrip_ms,1329.0998000000002,1319.766,1455.6976,1498.79505,1536.36465,569.36723582,735.7098136,580.67992762,743.5233171,581.1949237000001,743.8169909999999,65.0,1.0,raw_prb_pct_cpu_product,65.0,0.75,1.0,90.0,correct_parts_per_min,0.0,0.0,0.0,0.0,-2.1666666666666665,False,,,
run_280_20260630_213542_slice_ul65_dl50_edge_cpu1_bg30m_ul_best_n_1280x720_speed2p0_raw,automated_experiments/results/run_280_20260630_213542_slice_ul65_dl50_edge_cpu1_bg30m_ul_best_n_1280x720_speed2p0_raw,slice_ul65_dl50,65.0,50.0,edge_cpu1,1.0,0.125,1280,720,1280x720,2.0,best_n.pt,best_n.pt,raw,30.0,ul,oaitun_ue2,completed,False,72,22,50,50,0,50,0,0,0.0,1.0,0.0,0.0,factory_roundtrip_ms,1280.24998,1273.955,1410.0493000000001,1443.7260999999999,1526.3789399999998,525.3765578599999,694.9369667499999,533.19497018,702.49201765,533.52833824,702.7311681,65.0,1.0,raw_prb_pct_cpu_product,65.0,1.0,1.0,120.0,correct_parts_per_min,0.0,0.0,0.0,0.0,-2.1666666666666665,False,,,
run_281_20260630_213929_slice_ul65_dl50_edge_cpu1_bg30m_ul_best_n_640x360_speed0p5_raw,automated_experiments/results/run_281_20260630_213929_slice_ul65_dl50_edge_cpu1_bg30m_ul_best_n_640x360_speed0p5_raw,slice_ul65_dl50,65.0,50.0,edge_cpu1,1.0,0.125,640,360,640x360,0.5,best_n.pt,best_n.pt,raw,30.0,ul,oaitun_ue2,completed,False,50,0,50,50,10,0,40,10,0.2,0.0,0.8,0.2,factory_roundtrip_ms,928.1996200000001,932.7494999999999,1042.7961,1056.2293,1067.38493,534.6062378400001,665.67579725,536.9787022999999,668.54281395,537.05853136,668.61259205,65.0,1.0,raw_prb_pct_cpu_product,65.0,0.25,1.0,30.0,correct_parts_per_min,6.0,0.003076923076923077,0.003076923076923077,0.09230769230769231,3.8333333333333335,False,,,
run_282_20260630_214511_slice_ul65_dl50_edge_cpu1_bg30m_ul_best_n_640x360_speed1p0_raw,automated_experiments/results/run_282_20260630_214511_slice_ul65_dl50_edge_cpu1_bg30m_ul_best_n_640x360_speed1p0_raw,slice_ul65_dl50,65.0,50.0,edge_cpu1,1.0,0.125,640,360,640x360,1.0,best_n.pt,best_n.pt,raw,30.0,ul,oaitun_ue2,completed,False,62,12,50,50,10,13,27,10,0.2,0.26,0.54,0.2,factory_roundtrip_ms,939.5029400000001,929.566,1075.1457,1076.18435,1103.62637,539.22135146,678.9555731,541.55446194,681.17826765,541.6450371000001,681.2648476,65.0,1.0,raw_prb_pct_cpu_product,65.0,0.5,1.0,60.0,correct_parts_per_min,12.0,0.003076923076923077,0.003076923076923077,0.18461538461538463,9.833333333333334,False,,,
run_283_20260630_214940_slice_ul65_dl50_edge_cpu1_bg30m_ul_best_n_640x360_speed1p5_raw,automated_experiments/results/run_283_20260630_214940_slice_ul65_dl50_edge_cpu1_bg30m_ul_best_n_640x360_speed1p5_raw,slice_ul65_dl50,65.0,50.0,edge_cpu1,1.0,0.125,640,360,640x360,1.5,best_n.pt,best_n.pt,raw,30.0,ul,oaitun_ue2,completed,False,50,0,50,50,0,50,0,0,0.0,1.0,0.0,0.0,factory_roundtrip_ms,895.6523,879.7655,1021.1737,1062.8785,1162.95193,498.69953161999996,672.12848515,501.0047637,674.3013080499999,501.09464726,674.3531537999999,65.0,1.0,raw_prb_pct_cpu_product,65.0,0.75,1.0,90.0,correct_parts_per_min,0.0,0.0,0.0,0.0,-2.1666666666666665,False,,,
run_284_20260630_215258_slice_ul65_dl50_edge_cpu1_bg30m_ul_best_n_640x360_speed2p0_raw,automated_experiments/results/run_284_20260630_215258_slice_ul65_dl50_edge_cpu1_bg30m_ul_best_n_640x360_speed2p0_raw,slice_ul65_dl50,65.0,50.0,edge_cpu1,1.0,0.125,640,360,640x360,2.0,best_n.pt,best_n.pt,raw,30.0,ul,oaitun_ue2,completed,False,50,0,50,50,0,50,0,0,0.0,1.0,0.0,0.0,factory_roundtrip_ms,859.02874,848.0825,966.3245999999999,992.0153499999999,1121.24858,464.0023992600001,594.5601199999999,466.35372822,597.4811178999998,466.44436886000005,597.5670783999999,65.0,1.0,raw_prb_pct_cpu_product,65.0,1.0,1.0,120.0,correct_parts_per_min,0.0,0.0,0.0,0.0,-2.1666666666666665,False,,,
run_285_20260630_215600_slice_ul65_dl50_edge_cpu1_bg30m_ul_best_n_320x180_speed0p5_raw,automated_experiments/results/run_285_20260630_215600_slice_ul65_dl50_edge_cpu1_bg30m_ul_best_n_320x180_speed0p5_raw,slice_ul65_dl50,65.0,50.0,edge_cpu1,1.0,0.125,320,180,320x180,0.5,best_n.pt,best_n.pt,raw,30.0,ul,oaitun_ue2,completed,False,50,0,50,50,6,0,44,6,0.12,0.0,0.88,0.12,factory_roundtrip_ms,699.66568,699.812,801.4805,839.6199499999999,865.9579,506.79906537999994,647.74643205,507.8393383,648.9633314,507.89653928000007,649.0097452,65.0,1.0,raw_prb_pct_cpu_product,65.0,0.25,1.0,30.0,correct_parts_per_min,3.5999999999999996,0.0018461538461538461,0.0018461538461538461,0.05538461538461538,1.4333333333333331,False,,,
run_286_20260630_220143_slice_ul65_dl50_edge_cpu1_bg30m_ul_best_n_320x180_speed1p0_raw,automated_experiments/results/run_286_20260630_220143_slice_ul65_dl50_edge_cpu1_bg30m_ul_best_n_320x180_speed1p0_raw,slice_ul65_dl50,65.0,50.0,edge_cpu1,1.0,0.125,320,180,320x180,1.0,best_n.pt,best_n.pt,raw,30.0,ul,oaitun_ue2,completed,False,54,4,50,50,6,0,44,6,0.12,0.0,0.88,0.12,factory_roundtrip_ms,648.69836,640.544,776.0641,783.6897,790.3904,456.75589268,592.8616499999999,457.77824682000005,594.2464304,457.82968806,594.3044865499999,65.0,1.0,raw_prb_pct_cpu_product,65.0,0.5,1.0,60.0,correct_parts_per_min,7.199999999999999,0.0018461538461538461,0.0018461538461538461,0.11076923076923076,5.033333333333333,False,,,
run_287_20260630_220548_slice_ul65_dl50_edge_cpu1_bg30m_ul_best_n_320x180_speed1p5_raw,automated_experiments/results/run_287_20260630_220548_slice_ul65_dl50_edge_cpu1_bg30m_ul_best_n_320x180_speed1p5_raw,slice_ul65_dl50,65.0,50.0,edge_cpu1,1.0,0.125,320,180,320x180,1.5,best_n.pt,best_n.pt,raw,30.0,ul,oaitun_ue2,completed,False,50,0,50,50,3,26,21,3,0.06,0.52,0.42,0.06,factory_roundtrip_ms,661.6411400000001,652.996,783.7664,830.6901999999999,900.19727,466.58702216000006,645.9137204499998,467.72418022000005,646.9310906999998,467.78140306,646.9714365999998,65.0,1.0,raw_prb_pct_cpu_product,65.0,0.75,1.0,90.0,correct_parts_per_min,5.3999999999999995,0.0009230769230769231,0.0009230769230769231,0.08307692307692306,3.233333333333333,False,,,
run_288_20260630_220909_slice_ul65_dl50_edge_cpu1_bg30m_ul_best_n_320x180_speed2p0_raw,automated_experiments/results/run_288_20260630_220909_slice_ul65_dl50_edge_cpu1_bg30m_ul_best_n_320x180_speed2p0_raw,slice_ul65_dl50,65.0,50.0,edge_cpu1,1.0,0.125,320,180,320x180,2.0,best_n.pt,best_n.pt,raw,30.0,ul,oaitun_ue2,completed,False,50,0,50,50,0,50,0,0,0.0,1.0,0.0,0.0,factory_roundtrip_ms,682.43564,670.6115,815.3309,870.2242,884.0674799999999,490.97851384,679.4865969499999,492.09414126,682.8187899,492.14925686000004,682.9055972,65.0,1.0,raw_prb_pct_cpu_product,65.0,1.0,1.0,120.0,correct_parts_per_min,0.0,0.0,0.0,0.0,-2.1666666666666665,False,,,
run_289_20260630_221212_slice_ul55_dl50_edge_cpu8_bg30m_ul_best_n_1280x720_speed0p5_raw,automated_experiments/results/run_289_20260630_221212_slice_ul55_dl50_edge_cpu8_bg30m_ul_best_n_1280x720_speed0p5_raw,slice_ul55_dl50,55.0,50.0,edge_cpu8,8.0,1.0,1280,720,1280x720,0.5,best_n.pt,best_n.pt,raw,30.0,ul,oaitun_ue2,completed,False,51,1,50,50,29,0,21,29,0.58,0.0,0.42,0.58,factory_roundtrip_ms,859.7829600000001,857.741,872.3774,874.9979000000001,895.43684,57.55041994000001,67.3553041,65.48444300000001,76.20395915,65.89972758,76.4322799,55.0,8.0,raw_prb_pct_cpu_product,440.0,0.25,1.0,30.0,correct_parts_per_min,17.4,0.0013181818181818182,0.0013181818181818182,0.03954545454545454,2.7333333333333325,False,,,
run_290_20260630_221804_slice_ul55_dl50_edge_cpu8_bg30m_ul_best_n_1280x720_speed1p0_raw,automated_experiments/results/run_290_20260630_221804_slice_ul55_dl50_edge_cpu8_bg30m_ul_best_n_1280x720_speed1p0_raw,slice_ul55_dl50,55.0,50.0,edge_cpu8,8.0,1.0,1280,720,1280x720,1.0,best_n.pt,best_n.pt,raw,30.0,ul,oaitun_ue2,completed,False,103,53,50,50,33,0,17,33,0.66,0.0,0.34,0.66,factory_roundtrip_ms,852.7574000000002,851.9694999999999,865.628,876.57935,899.4407299999999,57.11955029999999,69.7083153,65.0673023,78.08834509999998,65.53819622,78.50485884999999,55.0,8.0,raw_prb_pct_cpu_product,440.0,0.5,1.0,60.0,correct_parts_per_min,39.6,0.0015,0.0015,0.09,24.933333333333337,False,,,
run_291_20260630_222433_slice_ul55_dl50_edge_cpu8_bg30m_ul_best_n_1280x720_speed1p5_raw,automated_experiments/results/run_291_20260630_222433_slice_ul55_dl50_edge_cpu8_bg30m_ul_best_n_1280x720_speed1p5_raw,slice_ul55_dl50,55.0,50.0,edge_cpu8,8.0,1.0,1280,720,1280x720,1.5,best_n.pt,best_n.pt,raw,30.0,ul,oaitun_ue2,completed,False,51,1,50,50,0,50,0,0,0.0,1.0,0.0,0.0,factory_roundtrip_ms,840.2551800000001,837.9359999999999,855.3442,860.17175,873.24104,53.97098368000001,63.63991484999999,61.505922440000006,71.36777975,61.807963520000015,71.55699669999998,55.0,8.0,raw_prb_pct_cpu_product,440.0,0.75,1.0,90.0,correct_parts_per_min,0.0,0.0,0.0,0.0,-14.666666666666666,False,,,
run_292_20260630_222759_slice_ul55_dl50_edge_cpu8_bg30m_ul_best_n_1280x720_speed2p0_raw,automated_experiments/results/run_292_20260630_222759_slice_ul55_dl50_edge_cpu8_bg30m_ul_best_n_1280x720_speed2p0_raw,slice_ul55_dl50,55.0,50.0,edge_cpu8,8.0,1.0,1280,720,1280x720,2.0,best_n.pt,best_n.pt,raw,30.0,ul,oaitun_ue2,completed,False,56,6,50,50,0,50,0,0,0.0,1.0,0.0,0.0,factory_roundtrip_ms,837.59406,841.4100000000001,855.4969000000001,856.7324,876.01172,53.32857814000001,60.4176844,60.466670920000006,69.32449249999999,60.819944099999994,69.65352694999999,55.0,8.0,raw_prb_pct_cpu_product,440.0,1.0,1.0,120.0,correct_parts_per_min,0.0,0.0,0.0,0.0,-14.666666666666666,False,,,
run_293_20260630_223120_slice_ul55_dl50_edge_cpu8_bg30m_ul_best_n_640x360_speed0p5_raw,automated_experiments/results/run_293_20260630_223120_slice_ul55_dl50_edge_cpu8_bg30m_ul_best_n_640x360_speed0p5_raw,slice_ul55_dl50,55.0,50.0,edge_cpu8,8.0,1.0,640,360,640x360,0.5,best_n.pt,best_n.pt,raw,30.0,ul,oaitun_ue2,completed,False,50,0,50,50,14,0,36,14,0.28,0.0,0.72,0.28,factory_roundtrip_ms,476.75406000000004,476.61,488.18350000000004,491.75485000000003,500.49456,57.30610433999999,72.14338625,59.56294398,75.0284921,59.651790979999994,75.13052669999999,55.0,8.0,raw_prb_pct_cpu_product,440.0,0.25,1.0,30.0,correct_parts_per_min,8.4,0.0006363636363636364,0.0006363636363636364,0.019090909090909092,-6.266666666666666,False,,,
run_294_20260630_223714_slice_ul55_dl50_edge_cpu8_bg30m_ul_best_n_640x360_speed1p0_raw,automated_experiments/results/run_294_20260630_223714_slice_ul55_dl50_edge_cpu8_bg30m_ul_best_n_640x360_speed1p0_raw,slice_ul55_dl50,55.0,50.0,edge_cpu8,8.0,1.0,640,360,640x360,1.0,best_n.pt,best_n.pt,raw,30.0,ul,oaitun_ue2,completed,False,64,14,50,50,13,0,37,13,0.26,0.0,0.74,0.26,factory_roundtrip_ms,481.47238,479.004,496.08320000000003,503.20715,536.9217999999998,59.618952179999994,72.37195039999999,61.908712019999996,75.51459579999998,61.97673214,75.56619799999999,55.0,8.0,raw_prb_pct_cpu_product,440.0,0.5,1.0,60.0,correct_parts_per_min,15.600000000000001,0.0005909090909090909,0.0005909090909090909,0.03545454545454546,0.9333333333333353,False,,,
run_295_20260630_224201_slice_ul55_dl50_edge_cpu8_bg30m_ul_best_n_640x360_speed1p5_raw,automated_experiments/results/run_295_20260630_224201_slice_ul55_dl50_edge_cpu8_bg30m_ul_best_n_640x360_speed1p5_raw,slice_ul55_dl50,55.0,50.0,edge_cpu8,8.0,1.0,640,360,640x360,1.5,best_n.pt,best_n.pt,raw,30.0,ul,oaitun_ue2,completed,False,50,0,50,50,11,0,39,11,0.22,0.0,0.78,0.22,factory_roundtrip_ms,473.56536,473.778,485.8497,490.7111,494.68956999999995,56.65815756,67.87851404999999,58.86705512,70.38697769999999,58.94639602,70.44029594999999,55.0,8.0,raw_prb_pct_cpu_product,440.0,0.75,1.0,90.0,correct_parts_per_min,19.8,0.0005,0.0005,0.045,5.133333333333335,False,,,
run_296_20260630_224528_slice_ul55_dl50_edge_cpu8_bg30m_ul_best_n_640x360_speed2p0_raw,automated_experiments/results/run_296_20260630_224528_slice_ul55_dl50_edge_cpu8_bg30m_ul_best_n_640x360_speed2p0_raw,slice_ul55_dl50,55.0,50.0,edge_cpu8,8.0,1.0,640,360,640x360,2.0,best_n.pt,best_n.pt,raw,30.0,ul,oaitun_ue2,completed,False,50,0,50,50,13,0,37,13,0.26,0.0,0.74,0.26,factory_roundtrip_ms,476.18863999999996,478.1965,486.4603,490.0406,494.96238,57.14924620000001,70.02740935,59.44289883999999,72.0852774,59.53047522000001,72.20881349999999,55.0,8.0,raw_prb_pct_cpu_product,440.0,1.0,1.0,120.0,correct_parts_per_min,31.200000000000003,0.0005909090909090909,0.0005909090909090909,0.07090909090909092,16.53333333333334,False,,,
run_297_20260630_224837_slice_ul55_dl50_edge_cpu8_bg30m_ul_best_n_320x180_speed0p5_raw,automated_experiments/results/run_297_20260630_224837_slice_ul55_dl50_edge_cpu8_bg30m_ul_best_n_320x180_speed0p5_raw,slice_ul55_dl50,55.0,50.0,edge_cpu8,8.0,1.0,320,180,320x180,0.5,best_n.pt,best_n.pt,raw,30.0,ul,oaitun_ue2,completed,False,50,0,50,50,6,0,44,6,0.12,0.0,0.88,0.12,factory_roundtrip_ms,262.4545,260.9855,273.86539999999997,277.4435,284.16952,56.37737301999999,68.53314359999999,57.44786017999999,69.76311984999998,57.50680582,69.7985602,55.0,8.0,raw_prb_pct_cpu_product,440.0,0.25,1.0,30.0,correct_parts_per_min,3.5999999999999996,0.00027272727272727274,0.00027272727272727274,0.00818181818181818,-11.066666666666666,False,,,
run_298_20260630_225436_slice_ul55_dl50_edge_cpu8_bg30m_ul_best_n_320x180_speed1p0_raw,automated_experiments/results/run_298_20260630_225436_slice_ul55_dl50_edge_cpu8_bg30m_ul_best_n_320x180_speed1p0_raw,slice_ul55_dl50,55.0,50.0,edge_cpu8,8.0,1.0,320,180,320x180,1.0,best_n.pt,best_n.pt,raw,30.0,ul,oaitun_ue2,completed,False,56,6,50,50,6,0,44,6,0.12,0.0,0.88,0.12,factory_roundtrip_ms,260.42062,258.72,274.4426,280.05385,281.58439,55.791762479999996,67.48091,56.74016194,68.41688525,56.802230359999996,68.4544262,55.0,8.0,raw_prb_pct_cpu_product,440.0,0.5,1.0,60.0,correct_parts_per_min,7.199999999999999,0.00027272727272727274,0.00027272727272727274,0.01636363636363636,-7.466666666666667,False,,,
run_299_20260630_225858_slice_ul55_dl50_edge_cpu8_bg30m_ul_best_n_320x180_speed1p5_raw,automated_experiments/results/run_299_20260630_225858_slice_ul55_dl50_edge_cpu8_bg30m_ul_best_n_320x180_speed1p5_raw,slice_ul55_dl50,55.0,50.0,edge_cpu8,8.0,1.0,320,180,320x180,1.5,best_n.pt,best_n.pt,raw,30.0,ul,oaitun_ue2,completed,False,50,0,50,50,6,0,44,6,0.12,0.0,0.88,0.12,factory_roundtrip_ms,260.22267999999997,258.915,271.6031,275.44745,278.52774,53.38725536000001,65.82595285,54.41372132000001,67.53447994999999,54.46491314,67.58266094999999,55.0,8.0,raw_prb_pct_cpu_product,440.0,0.75,1.0,90.0,correct_parts_per_min,10.799999999999999,0.00027272727272727274,0.00027272727272727274,0.024545454545454544,-3.866666666666667,False,,,
run_300_20260630_230227_slice_ul55_dl50_edge_cpu8_bg30m_ul_best_n_320x180_speed2p0_raw,automated_experiments/results/run_300_20260630_230227_slice_ul55_dl50_edge_cpu8_bg30m_ul_best_n_320x180_speed2p0_raw,slice_ul55_dl50,55.0,50.0,edge_cpu8,8.0,1.0,320,180,320x180,2.0,best_n.pt,best_n.pt,raw,30.0,ul,oaitun_ue2,completed,False,50,0,50,50,7,0,43,7,0.14,0.0,0.86,0.14,factory_roundtrip_ms,261.53094,261.3365,273.0927,276.7346,283.15063,55.29642154000001,65.78959685,56.34601712,66.91431304999999,56.41496274000001,66.95981119999999,55.0,8.0,raw_prb_pct_cpu_product,440.0,1.0,1.0,120.0,correct_parts_per_min,16.8,0.0003181818181818182,0.0003181818181818182,0.038181818181818185,2.1333333333333346,False,,,
run_301_20260630_230538_slice_ul55_dl50_edge_cpu7_bg30m_ul_best_n_1280x720_speed0p5_raw,automated_experiments/results/run_301_20260630_230538_slice_ul55_dl50_edge_cpu7_bg30m_ul_best_n_1280x720_speed0p5_raw,slice_ul55_dl50,55.0,50.0,edge_cpu7,7.0,0.875,1280,720,1280x720,0.5,best_n.pt,best_n.pt,raw,30.0,ul,oaitun_ue2,completed,False,52,2,50,50,29,0,21,29,0.58,0.0,0.42,0.58,factory_roundtrip_ms,848.27246,847.3710000000001,858.7939,864.9033499999999,876.2379099999999,54.50637481999999,61.52815175,62.0351075,70.30222665,62.34093994,70.59757415,55.0,7.0,raw_prb_pct_cpu_product,385.0,0.25,1.0,30.0,correct_parts_per_min,17.4,0.0015064935064935064,0.0015064935064935064,0.04519480519480519,4.566666666666665,False,,,
run_302_20260630_231154_slice_ul55_dl50_edge_cpu7_bg30m_ul_best_n_1280x720_speed1p0_raw,automated_experiments/results/run_302_20260630_231154_slice_ul55_dl50_edge_cpu7_bg30m_ul_best_n_1280x720_speed1p0_raw,slice_ul55_dl50,55.0,50.0,edge_cpu7,7.0,0.875,1280,720,1280x720,1.0,best_n.pt,best_n.pt,raw,30.0,ul,oaitun_ue2,completed,False,90,40,50,50,31,0,19,31,0.62,0.0,0.38,0.62,factory_roundtrip_ms,852.3717199999999,850.8095000000001,874.1112,881.3612,886.51557,58.05467698,72.03521009999999,66.20132906,82.1129422,66.66194234000001,82.3392252,55.0,7.0,raw_prb_pct_cpu_product,385.0,0.5,1.0,60.0,correct_parts_per_min,37.2,0.0016103896103896104,0.0016103896103896104,0.09662337662337663,24.366666666666667,False,,,
run_303_20260630_231822_slice_ul55_dl50_edge_cpu7_bg30m_ul_best_n_1280x720_speed1p5_raw,automated_experiments/results/run_303_20260630_231822_slice_ul55_dl50_edge_cpu7_bg30m_ul_best_n_1280x720_speed1p5_raw,slice_ul55_dl50,55.0,50.0,edge_cpu7,7.0,0.875,1280,720,1280x720,1.5,best_n.pt,best_n.pt,raw,30.0,ul,oaitun_ue2,completed,False,54,4,50,50,0,50,0,0,0.0,1.0,0.0,0.0,factory_roundtrip_ms,846.98158,849.4680000000001,858.3017000000001,861.3633,873.12746,54.68794080000001,64.75605374999999,62.23671542,71.9733972,62.56084618,72.23067279999998,55.0,7.0,raw_prb_pct_cpu_product,385.0,0.75,1.0,90.0,correct_parts_per_min,0.0,0.0,0.0,0.0,-12.833333333333334,False,,,
run_304_20260630_232220_slice_ul55_dl50_edge_cpu7_bg30m_ul_best_n_1280x720_speed2p0_raw,automated_experiments/results/run_304_20260630_232220_slice_ul55_dl50_edge_cpu7_bg30m_ul_best_n_1280x720_speed2p0_raw,slice_ul55_dl50,55.0,50.0,edge_cpu7,7.0,0.875,1280,720,1280x720,2.0,best_n.pt,best_n.pt,raw,30.0,ul,oaitun_ue2,completed,False,63,13,50,50,0,50,0,0,0.0,1.0,0.0,0.0,factory_roundtrip_ms,858.55518,858.876,887.7777,890.5562500000001,890.96766,57.81076108000001,70.09237884999999,66.21281556,79.2507847,66.64952790000001,79.58923225,55.0,7.0,raw_prb_pct_cpu_product,385.0,1.0,1.0,120.0,correct_parts_per_min,0.0,0.0,0.0,0.0,-12.833333333333334,False,,,
run_305_20260630_232619_slice_ul55_dl50_edge_cpu7_bg30m_ul_best_n_640x360_speed0p5_raw,automated_experiments/results/run_305_20260630_232619_slice_ul55_dl50_edge_cpu7_bg30m_ul_best_n_640x360_speed0p5_raw,slice_ul55_dl50,55.0,50.0,edge_cpu7,7.0,0.875,640,360,640x360,0.5,best_n.pt,best_n.pt,raw,30.0,ul,oaitun_ue2,completed,False,50,0,50,50,14,0,36,14,0.28,0.0,0.72,0.28,factory_roundtrip_ms,485.22841999999997,484.789,501.7682,504.10445,536.7395399999999,63.31910992,76.0305053,65.63870696,78.5537078,65.73700516,78.75100644999999,55.0,7.0,raw_prb_pct_cpu_product,385.0,0.25,1.0,30.0,correct_parts_per_min,8.4,0.0007272727272727273,0.0007272727272727273,0.02181818181818182,-4.433333333333334,False,,,
run_306_20260630_233228_slice_ul55_dl50_edge_cpu7_bg30m_ul_best_n_640x360_speed1p0_raw,automated_experiments/results/run_306_20260630_233228_slice_ul55_dl50_edge_cpu7_bg30m_ul_best_n_640x360_speed1p0_raw,slice_ul55_dl50,55.0,50.0,edge_cpu7,7.0,0.875,640,360,640x360,1.0,best_n.pt,best_n.pt,raw,30.0,ul,oaitun_ue2,completed,False,63,13,50,50,14,0,36,14,0.28,0.0,0.72,0.28,factory_roundtrip_ms,481.42374,482.42449999999997,493.0349,497.9233,510.72848,61.71242973999999,75.3571804,64.1072853,78.21126515,64.20627426,78.27951825,55.0,7.0,raw_prb_pct_cpu_product,385.0,0.5,1.0,60.0,correct_parts_per_min,16.8,0.0007272727272727273,0.0007272727272727273,0.04363636363636364,3.966666666666667,False,,,
run_307_20260630_233726_slice_ul55_dl50_edge_cpu7_bg30m_ul_best_n_640x360_speed1p5_raw,automated_experiments/results/run_307_20260630_233726_slice_ul55_dl50_edge_cpu7_bg30m_ul_best_n_640x360_speed1p5_raw,slice_ul55_dl50,55.0,50.0,edge_cpu7,7.0,0.875,640,360,640x360,1.5,best_n.pt,best_n.pt,raw,30.0,ul,oaitun_ue2,completed,False,50,0,50,50,13,0,37,13,0.26,0.0,0.74,0.26,factory_roundtrip_ms,482.20624000000004,481.831,497.3766,499.48075,539.6609499999998,61.165045420000006,72.04730415,63.398983640000004,74.80492964999999,63.46816828,74.8854607,55.0,7.0,raw_prb_pct_cpu_product,385.0,0.75,1.0,90.0,correct_parts_per_min,23.400000000000002,0.0006753246753246753,0.0006753246753246753,0.06077922077922079,10.566666666666668,False,,,
run_308_20260630_234107_slice_ul55_dl50_edge_cpu7_bg30m_ul_best_n_640x360_speed2p0_raw,automated_experiments/results/run_308_20260630_234107_slice_ul55_dl50_edge_cpu7_bg30m_ul_best_n_640x360_speed2p0_raw,slice_ul55_dl50,55.0,50.0,edge_cpu7,7.0,0.875,640,360,640x360,2.0,best_n.pt,best_n.pt,raw,30.0,ul,oaitun_ue2,completed,False,50,0,50,50,11,16,23,11,0.22,0.32,0.46,0.22,factory_roundtrip_ms,494.48051999999996,494.3295,512.8054,517.0523,534.79077,63.89491842,82.40635445,66.37620279999999,87.50810539999998,66.48350500000001,87.62237934999997,55.0,7.0,raw_prb_pct_cpu_product,385.0,1.0,1.0,120.0,correct_parts_per_min,26.4,0.0005714285714285715,0.0005714285714285715,0.06857142857142856,13.566666666666665,False,,,
run_309_20260630_234438_slice_ul55_dl50_edge_cpu7_bg30m_ul_best_n_320x180_speed0p5_raw,automated_experiments/results/run_309_20260630_234438_slice_ul55_dl50_edge_cpu7_bg30m_ul_best_n_320x180_speed0p5_raw,slice_ul55_dl50,55.0,50.0,edge_cpu7,7.0,0.875,320,180,320x180,0.5,best_n.pt,best_n.pt,raw,30.0,ul,oaitun_ue2,completed,False,50,0,50,50,6,0,44,6,0.12,0.0,0.88,0.12,factory_roundtrip_ms,275.97248,274.94449999999995,298.76230000000004,309.95079999999996,312.28713999999997,64.46685042,90.24697454999998,65.6175783,91.75433014999997,65.67284880000001,91.83965564999998,55.0,7.0,raw_prb_pct_cpu_product,385.0,0.25,1.0,30.0,correct_parts_per_min,3.5999999999999996,0.0003116883116883117,0.0003116883116883117,0.009350649350649349,-9.233333333333334,False,,,
run_310_20260630_235102_slice_ul55_dl50_edge_cpu7_bg30m_ul_best_n_320x180_speed1p0_raw,automated_experiments/results/run_310_20260630_235102_slice_ul55_dl50_edge_cpu7_bg30m_ul_best_n_320x180_speed1p0_raw,slice_ul55_dl50,55.0,50.0,edge_cpu7,7.0,0.875,320,180,320x180,1.0,best_n.pt,best_n.pt,raw,30.0,ul,oaitun_ue2,completed,False,53,3,50,50,6,0,44,6,0.12,0.0,0.88,0.12,factory_roundtrip_ms,263.59148,262.9635,275.4107,281.41915,290.53155,57.59968674000001,70.329252,58.612439599999995,71.75135685,58.66158618,71.79816385,55.0,7.0,raw_prb_pct_cpu_product,385.0,0.5,1.0,60.0,correct_parts_per_min,7.199999999999999,0.0003116883116883117,0.0003116883116883117,0.018701298701298698,-5.633333333333335,False,,,
run_311_20260630_235528_slice_ul55_dl50_edge_cpu7_bg30m_ul_best_n_320x180_speed1p5_raw,automated_experiments/results/run_311_20260630_235528_slice_ul55_dl50_edge_cpu7_bg30m_ul_best_n_320x180_speed1p5_raw,slice_ul55_dl50,55.0,50.0,edge_cpu7,7.0,0.875,320,180,320x180,1.5,best_n.pt,best_n.pt,raw,30.0,ul,oaitun_ue2,completed,False,50,0,50,50,6,0,44,6,0.12,0.0,0.88,0.12,factory_roundtrip_ms,268.66914,266.7905,283.19649999999996,285.71925,294.49499,60.50881888,73.03155884999998,61.56034457999999,73.97801084999999,61.605907040000005,74.02268324999999,55.0,7.0,raw_prb_pct_cpu_product,385.0,0.75,1.0,90.0,correct_parts_per_min,10.799999999999999,0.0003116883116883117,0.0003116883116883117,0.02805194805194805,-2.033333333333335,False,,,
run_312_20260630_235909_slice_ul55_dl50_edge_cpu7_bg30m_ul_best_n_320x180_speed2p0_raw,automated_experiments/results/run_312_20260630_235909_slice_ul55_dl50_edge_cpu7_bg30m_ul_best_n_320x180_speed2p0_raw,slice_ul55_dl50,55.0,50.0,edge_cpu7,7.0,0.875,320,180,320x180,2.0,best_n.pt,best_n.pt,raw,30.0,ul,oaitun_ue2,completed,False,50,0,50,50,7,0,43,7,0.14,0.0,0.86,0.14,factory_roundtrip_ms,271.253,270.475,286.1889,286.9349,304.31321999999994,62.40893089999999,74.0045827,63.46050684,75.4250402,63.53406742,75.4702873,55.0,7.0,raw_prb_pct_cpu_product,385.0,1.0,1.0,120.0,correct_parts_per_min,16.8,0.00036363636363636367,0.00036363636363636367,0.04363636363636364,3.966666666666667,False,,,
run_313_20260701_000233_slice_ul55_dl50_edge_cpu6_bg30m_ul_best_n_1280x720_speed0p5_raw,automated_experiments/results/run_313_20260701_000233_slice_ul55_dl50_edge_cpu6_bg30m_ul_best_n_1280x720_speed0p5_raw,slice_ul55_dl50,55.0,50.0,edge_cpu6,6.0,0.75,1280,720,1280x720,0.5,best_n.pt,best_n.pt,raw,30.0,ul,oaitun_ue2,completed,False,55,5,50,50,28,0,22,28,0.56,0.0,0.44,0.56,factory_roundtrip_ms,876.7614599999999,865.7270000000001,908.5929,943.1169,982.7595899999999,67.809546,119.27892774999992,75.92969631999999,126.89529729999994,76.5065788,127.31742804999993,55.0,6.0,raw_prb_pct_cpu_product,330.0,0.25,1.0,30.0,correct_parts_per_min,16.8,0.0016969696969696972,0.0016969696969696972,0.05090909090909091,5.800000000000001,False,,,
run_314_20260701_000930_slice_ul55_dl50_edge_cpu6_bg30m_ul_best_n_1280x720_speed1p0_raw,automated_experiments/results/run_314_20260701_000930_slice_ul55_dl50_edge_cpu6_bg30m_ul_best_n_1280x720_speed1p0_raw,slice_ul55_dl50,55.0,50.0,edge_cpu6,6.0,0.75,1280,720,1280x720,1.0,best_n.pt,best_n.pt,raw,30.0,ul,oaitun_ue2,completed,False,137,87,50,50,30,0,20,30,0.6,0.0,0.4,0.6,factory_roundtrip_ms,865.2117399999998,860.7145,883.8344000000001,901.0616,952.3915199999999,62.184360139999995,82.12524549999998,70.4966832,93.25222285,70.82727556,93.65386074999999,55.0,6.0,raw_prb_pct_cpu_product,330.0,0.5,1.0,60.0,correct_parts_per_min,36.0,0.0018181818181818182,0.0018181818181818182,0.10909090909090909,25.0,False,,,
run_315_20260701_001906_slice_ul55_dl50_edge_cpu6_bg30m_ul_best_n_1280x720_speed1p5_raw,automated_experiments/results/run_315_20260701_001906_slice_ul55_dl50_edge_cpu6_bg30m_ul_best_n_1280x720_speed1p5_raw,slice_ul55_dl50,55.0,50.0,edge_cpu6,6.0,0.75,1280,720,1280x720,1.5,best_n.pt,best_n.pt,raw,30.0,ul,oaitun_ue2,completed,False,59,9,50,50,0,50,0,0,0.0,1.0,0.0,0.0,factory_roundtrip_ms,854.6863400000001,852.9465,873.2256,876.6267,884.28384,57.78721396,74.32011524999999,66.03666274,84.73847514999999,66.32976196,84.97146854999998,55.0,6.0,raw_prb_pct_cpu_product,330.0,0.75,1.0,90.0,correct_parts_per_min,0.0,0.0,0.0,0.0,-11.0,False,,,
run_316_20260701_002321_slice_ul55_dl50_edge_cpu6_bg30m_ul_best_n_1280x720_speed2p0_raw,automated_experiments/results/run_316_20260701_002321_slice_ul55_dl50_edge_cpu6_bg30m_ul_best_n_1280x720_speed2p0_raw,slice_ul55_dl50,55.0,50.0,edge_cpu6,6.0,0.75,1280,720,1280x720,2.0,best_n.pt,best_n.pt,raw,30.0,ul,oaitun_ue2,completed,False,57,7,50,50,0,50,0,0,0.0,1.0,0.0,0.0,factory_roundtrip_ms,857.96404,856.988,872.644,875.77445,894.62568,58.84156162,66.66295865000001,66.98757998,74.9451069,67.31038193999998,75.2036007,55.0,6.0,raw_prb_pct_cpu_product,330.0,1.0,1.0,120.0,correct_parts_per_min,0.0,0.0,0.0,0.0,-11.0,False,,,
run_317_20260701_002714_slice_ul55_dl50_edge_cpu6_bg30m_ul_best_n_640x360_speed0p5_raw,automated_experiments/results/run_317_20260701_002714_slice_ul55_dl50_edge_cpu6_bg30m_ul_best_n_640x360_speed0p5_raw,slice_ul55_dl50,55.0,50.0,edge_cpu6,6.0,0.75,640,360,640x360,0.5,best_n.pt,best_n.pt,raw,30.0,ul,oaitun_ue2,completed,False,50,0,50,50,14,0,36,14,0.28,0.0,0.72,0.28,factory_roundtrip_ms,486.87157999999994,485.60749999999996,507.8999,511.11665,523.20756,64.13721686,81.898109,66.48158255999999,84.33778484999999,66.58839997999999,84.3902463,55.0,6.0,raw_prb_pct_cpu_product,330.0,0.25,1.0,30.0,correct_parts_per_min,8.4,0.0008484848484848486,0.0008484848484848486,0.025454545454545455,-2.5999999999999996,False,,,
run_318_20260701_003353_slice_ul55_dl50_edge_cpu6_bg30m_ul_best_n_640x360_speed1p0_raw,automated_experiments/results/run_318_20260701_003353_slice_ul55_dl50_edge_cpu6_bg30m_ul_best_n_640x360_speed1p0_raw,slice_ul55_dl50,55.0,50.0,edge_cpu6,6.0,0.75,640,360,640x360,1.0,best_n.pt,best_n.pt,raw,30.0,ul,oaitun_ue2,completed,False,60,10,50,50,12,0,38,12,0.24,0.0,0.76,0.24,factory_roundtrip_ms,485.72962,481.5425,509.6708,514.0364999999999,567.0281099999999,65.57557052,85.47650909999997,67.79704604,89.26875654999998,67.89944566,89.36676484999998,55.0,6.0,raw_prb_pct_cpu_product,330.0,0.5,1.0,60.0,correct_parts_per_min,14.399999999999999,0.0007272727272727272,0.0007272727272727272,0.04363636363636363,3.3999999999999986,False,,,
run_319_20260701_003903_slice_ul55_dl50_edge_cpu6_bg30m_ul_best_n_640x360_speed1p5_raw,automated_experiments/results/run_319_20260701_003903_slice_ul55_dl50_edge_cpu6_bg30m_ul_best_n_640x360_speed1p5_raw,slice_ul55_dl50,55.0,50.0,edge_cpu6,6.0,0.75,640,360,640x360,1.5,best_n.pt,best_n.pt,raw,30.0,ul,oaitun_ue2,completed,False,50,0,50,50,13,0,37,13,0.26,0.0,0.74,0.26,factory_roundtrip_ms,489.23055999999997,483.179,513.69,538.0377500000001,561.6626,68.05019122,108.77990849999999,70.57390686,114.47961919999999,70.70957073999999,114.60696175,55.0,6.0,raw_prb_pct_cpu_product,330.0,0.75,1.0,90.0,correct_parts_per_min,23.400000000000002,0.0007878787878787879,0.0007878787878787879,0.07090909090909092,12.400000000000002,False,,,
run_320_20260701_004300_slice_ul55_dl50_edge_cpu6_bg30m_ul_best_n_640x360_speed2p0_raw,automated_experiments/results/run_320_20260701_004300_slice_ul55_dl50_edge_cpu6_bg30m_ul_best_n_640x360_speed2p0_raw,slice_ul55_dl50,55.0,50.0,edge_cpu6,6.0,0.75,640,360,640x360,2.0,best_n.pt,best_n.pt,raw,30.0,ul,oaitun_ue2,completed,False,50,0,50,50,9,14,27,9,0.18,0.28,0.54,0.18,factory_roundtrip_ms,490.13292,483.3375,513.469,537.9454000000001,564.54975,65.76073842000001,97.56216609999997,68.04863358,100.46561139999997,68.12559894,100.54788324999997,55.0,6.0,raw_prb_pct_cpu_product,330.0,1.0,1.0,120.0,correct_parts_per_min,21.599999999999998,0.0005454545454545455,0.0005454545454545455,0.06545454545454545,10.599999999999998,False,,,
run_321_20260701_004639_slice_ul55_dl50_edge_cpu6_bg30m_ul_best_n_320x180_speed0p5_raw,automated_experiments/results/run_321_20260701_004639_slice_ul55_dl50_edge_cpu6_bg30m_ul_best_n_320x180_speed0p5_raw,slice_ul55_dl50,55.0,50.0,edge_cpu6,6.0,0.75,320,180,320x180,0.5,best_n.pt,best_n.pt,raw,30.0,ul,oaitun_ue2,completed,False,50,0,50,50,6,0,44,6,0.12,0.0,0.88,0.12,factory_roundtrip_ms,272.70005999999995,271.031,294.2276,300.20025,310.84884,63.463286399999994,80.9585885,64.78713468000001,84.69304764999998,64.90056082,84.7536488,55.0,6.0,raw_prb_pct_cpu_product,330.0,0.25,1.0,30.0,correct_parts_per_min,3.5999999999999996,0.0003636363636363636,0.0003636363636363636,0.010909090909090908,-7.4,False,,,
run_322_20260701_005320_slice_ul55_dl50_edge_cpu6_bg30m_ul_best_n_320x180_speed1p0_raw,automated_experiments/results/run_322_20260701_005320_slice_ul55_dl50_edge_cpu6_bg30m_ul_best_n_320x180_speed1p0_raw,slice_ul55_dl50,55.0,50.0,edge_cpu6,6.0,0.75,320,180,320x180,1.0,best_n.pt,best_n.pt,raw,30.0,ul,oaitun_ue2,completed,False,54,4,50,50,6,0,44,6,0.12,0.0,0.88,0.12,factory_roundtrip_ms,275.74926,269.144,298.31149999999997,317.3271,384.53055999999975,66.61173112,100.54800325,67.77435856,101.9919822,67.83674696,102.0857035,55.0,6.0,raw_prb_pct_cpu_product,330.0,0.5,1.0,60.0,correct_parts_per_min,7.199999999999999,0.0003636363636363636,0.0003636363636363636,0.021818181818181816,-3.8000000000000007,False,,,
run_323_20260701_005811_slice_ul55_dl50_edge_cpu6_bg30m_ul_best_n_320x180_speed1p5_raw,automated_experiments/results/run_323_20260701_005811_slice_ul55_dl50_edge_cpu6_bg30m_ul_best_n_320x180_speed1p5_raw,slice_ul55_dl50,55.0,50.0,edge_cpu6,6.0,0.75,320,180,320x180,1.5,best_n.pt,best_n.pt,raw,30.0,ul,oaitun_ue2,completed,False,50,0,50,50,7,0,43,7,0.14,0.0,0.86,0.14,factory_roundtrip_ms,272.04497999999995,266.342,298.81690000000003,321.67415,339.07183,63.62719231999999,113.24410299999997,64.670977,114.18117169999996,64.72412705999999,114.23748224999997,55.0,6.0,raw_prb_pct_cpu_product,330.0,0.75,1.0,90.0,correct_parts_per_min,12.600000000000001,0.0004242424242424243,0.0004242424242424243,0.038181818181818185,1.6000000000000014,False,,,
run_324_20260701_010211_slice_ul55_dl50_edge_cpu6_bg30m_ul_best_n_320x180_speed2p0_raw,automated_experiments/results/run_324_20260701_010211_slice_ul55_dl50_edge_cpu6_bg30m_ul_best_n_320x180_speed2p0_raw,slice_ul55_dl50,55.0,50.0,edge_cpu6,6.0,0.75,320,180,320x180,2.0,best_n.pt,best_n.pt,raw,30.0,ul,oaitun_ue2,completed,False,50,0,50,50,7,0,43,7,0.14,0.0,0.86,0.14,factory_roundtrip_ms,282.41459999999995,276.71400000000006,307.41830000000004,327.88854999999995,378.86910999999986,72.36175048,113.27028314999998,73.44848218000001,115.37647259999999,73.508531,115.43117539999999,55.0,6.0,raw_prb_pct_cpu_product,330.0,1.0,1.0,120.0,correct_parts_per_min,16.8,0.0004242424242424243,0.0004242424242424243,0.05090909090909091,5.800000000000001,False,,,
run_325_20260701_010553_slice_ul55_dl50_edge_cpu5_bg30m_ul_best_n_1280x720_speed0p5_raw,automated_experiments/results/run_325_20260701_010553_slice_ul55_dl50_edge_cpu5_bg30m_ul_best_n_1280x720_speed0p5_raw,slice_ul55_dl50,55.0,50.0,edge_cpu5,5.0,0.625,1280,720,1280x720,0.5,best_n.pt,best_n.pt,raw,30.0,ul,oaitun_ue2,completed,False,60,10,50,50,28,0,22,28,0.56,0.0,0.44,0.56,factory_roundtrip_ms,872.74136,868.6600000000001,896.9544,916.3825999999999,946.74487,65.33031775999999,107.31670104999999,73.03811873999999,115.8009634,73.46382726,116.34094855,55.0,5.0,raw_prb_pct_cpu_product,275.0,0.25,1.0,30.0,correct_parts_per_min,16.8,0.0020363636363636365,0.0020363636363636365,0.06109090909090909,7.633333333333335,False,,,
run_326_20260701_011342_slice_ul55_dl50_edge_cpu5_bg30m_ul_best_n_1280x720_speed1p0_raw,automated_experiments/results/run_326_20260701_011342_slice_ul55_dl50_edge_cpu5_bg30m_ul_best_n_1280x720_speed1p0_raw,slice_ul55_dl50,55.0,50.0,edge_cpu5,5.0,0.625,1280,720,1280x720,1.0,best_n.pt,best_n.pt,raw,30.0,ul,oaitun_ue2,completed,False,135,85,50,50,30,0,20,30,0.6,0.0,0.4,0.6,factory_roundtrip_ms,868.9437000000001,868.9594999999999,893.1008,911.2864500000001,919.69971,64.10582666,106.38267659999995,72.94726883999999,115.08953439999995,73.42610622000001,115.53873864999996,55.0,5.0,raw_prb_pct_cpu_product,275.0,0.5,1.0,60.0,correct_parts_per_min,36.0,0.002181818181818182,0.002181818181818182,0.13090909090909092,26.833333333333336,False,,,
run_327_20260701_012354_slice_ul55_dl50_edge_cpu5_bg30m_ul_best_n_1280x720_speed1p5_raw,automated_experiments/results/run_327_20260701_012354_slice_ul55_dl50_edge_cpu5_bg30m_ul_best_n_1280x720_speed1p5_raw,slice_ul55_dl50,55.0,50.0,edge_cpu5,5.0,0.625,1280,720,1280x720,1.5,best_n.pt,best_n.pt,raw,30.0,ul,oaitun_ue2,completed,False,62,12,50,50,0,50,0,0,0.0,1.0,0.0,0.0,factory_roundtrip_ms,865.2761599999998,860.2255,890.672,908.4339,936.5126399999999,62.94716730000001,110.99654324999997,70.64939152,118.99205394999997,71.05690158,119.66848794999997,55.0,5.0,raw_prb_pct_cpu_product,275.0,0.75,1.0,90.0,correct_parts_per_min,0.0,0.0,0.0,0.0,-9.166666666666666,False,,,
run_328_20260701_012839_slice_ul55_dl50_edge_cpu5_bg30m_ul_best_n_1280x720_speed2p0_raw,automated_experiments/results/run_328_20260701_012839_slice_ul55_dl50_edge_cpu5_bg30m_ul_best_n_1280x720_speed2p0_raw,slice_ul55_dl50,55.0,50.0,edge_cpu5,5.0,0.625,1280,720,1280x720,2.0,best_n.pt,best_n.pt,raw,30.0,ul,oaitun_ue2,completed,False,67,17,50,50,0,50,0,0,0.0,1.0,0.0,0.0,factory_roundtrip_ms,869.6601400000001,863.3725,891.7766,922.3106999999999,962.8328099999999,64.33225798,120.48947799999986,72.56751,128.0609861999999,72.91742524,128.34818609999988,55.0,5.0,raw_prb_pct_cpu_product,275.0,1.0,1.0,120.0,correct_parts_per_min,0.0,0.0,0.0,0.0,-9.166666666666666,False,,,
run_329_20260701_013322_slice_ul55_dl50_edge_cpu5_bg30m_ul_best_n_640x360_speed0p5_raw,automated_experiments/results/run_329_20260701_013322_slice_ul55_dl50_edge_cpu5_bg30m_ul_best_n_640x360_speed0p5_raw,slice_ul55_dl50,55.0,50.0,edge_cpu5,5.0,0.625,640,360,640x360,0.5,best_n.pt,best_n.pt,raw,30.0,ul,oaitun_ue2,completed,False,50,0,50,50,12,0,38,12,0.24,0.0,0.76,0.24,factory_roundtrip_ms,493.14122000000003,486.082,514.4125,523.0984,569.0777099999999,66.92134584000001,94.79078525,69.39237273999998,97.0767006,69.5067831,97.1387384,55.0,5.0,raw_prb_pct_cpu_product,275.0,0.25,1.0,30.0,correct_parts_per_min,7.199999999999999,0.0008727272727272727,0.0008727272727272727,0.026181818181818178,-1.9666666666666668,False,,,
run_330_20260701_014017_slice_ul55_dl50_edge_cpu5_bg30m_ul_best_n_640x360_speed1p0_raw,automated_experiments/results/run_330_20260701_014017_slice_ul55_dl50_edge_cpu5_bg30m_ul_best_n_640x360_speed1p0_raw,slice_ul55_dl50,55.0,50.0,edge_cpu5,5.0,0.625,640,360,640x360,1.0,best_n.pt,best_n.pt,raw,30.0,ul,oaitun_ue2,completed,False,67,17,50,50,12,0,38,12,0.24,0.0,0.76,0.24,factory_roundtrip_ms,487.32352,485.03650000000005,501.57959999999997,510.02070000000003,519.06405,65.04251486,74.8585581,67.51037438,78.28761829999999,67.60265998000001,78.377417,55.0,5.0,raw_prb_pct_cpu_product,275.0,0.5,1.0,60.0,correct_parts_per_min,14.399999999999999,0.0008727272727272727,0.0008727272727272727,0.052363636363636355,5.2333333333333325,False,,,
run_331_20260701_014610_slice_ul55_dl50_edge_cpu5_bg30m_ul_best_n_640x360_speed1p5_raw,automated_experiments/results/run_331_20260701_014610_slice_ul55_dl50_edge_cpu5_bg30m_ul_best_n_640x360_speed1p5_raw,slice_ul55_dl50,55.0,50.0,edge_cpu5,5.0,0.625,640,360,640x360,1.5,best_n.pt,best_n.pt,raw,30.0,ul,oaitun_ue2,completed,False,51,1,50,50,12,0,38,12,0.24,0.0,0.76,0.24,factory_roundtrip_ms,492.14216,487.081,519.1631,547.1370999999999,558.94994,67.79113502,123.97744554999993,70.15323588,126.81313289999993,70.26418086000001,126.90539239999994,55.0,5.0,raw_prb_pct_cpu_product,275.0,0.75,1.0,90.0,correct_parts_per_min,21.599999999999998,0.0008727272727272727,0.0008727272727272727,0.07854545454545454,12.433333333333332,False,,,
run_332_20260701_015023_slice_ul55_dl50_edge_cpu5_bg30m_ul_best_n_640x360_speed2p0_raw,automated_experiments/results/run_332_20260701_015023_slice_ul55_dl50_edge_cpu5_bg30m_ul_best_n_640x360_speed2p0_raw,slice_ul55_dl50,55.0,50.0,edge_cpu5,5.0,0.625,640,360,640x360,2.0,best_n.pt,best_n.pt,raw,30.0,ul,oaitun_ue2,completed,False,51,1,50,50,7,15,28,7,0.14,0.3,0.56,0.14,factory_roundtrip_ms,496.65236000000004,489.548,530.4845,555.4680999999999,595.9286599999999,71.28553718,120.23192019999996,73.64566273999999,122.96470914999996,73.74210674,123.06267444999997,55.0,5.0,raw_prb_pct_cpu_product,275.0,1.0,1.0,120.0,correct_parts_per_min,16.8,0.0005090909090909091,0.0005090909090909091,0.06109090909090909,7.633333333333335,False,,,
run_333_20260701_015417_slice_ul55_dl50_edge_cpu5_bg30m_ul_best_n_320x180_speed0p5_raw,automated_experiments/results/run_333_20260701_015417_slice_ul55_dl50_edge_cpu5_bg30m_ul_best_n_320x180_speed0p5_raw,slice_ul55_dl50,55.0,50.0,edge_cpu5,5.0,0.625,320,180,320x180,0.5,best_n.pt,best_n.pt,raw,30.0,ul,oaitun_ue2,completed,False,50,0,50,50,6,0,44,6,0.12,0.0,0.88,0.12,factory_roundtrip_ms,277.49232,273.2795,291.6055,300.16774999999996,341.09882999999996,65.0766341,96.38770039999997,66.24548096,97.21852104999998,66.30340752,97.29272299999997,55.0,5.0,raw_prb_pct_cpu_product,275.0,0.25,1.0,30.0,correct_parts_per_min,3.5999999999999996,0.00043636363636363637,0.00043636363636363637,0.013090909090909089,-5.566666666666666,False,,,
run_334_20260701_020114_slice_ul55_dl50_edge_cpu5_bg30m_ul_best_n_320x180_speed1p0_raw,automated_experiments/results/run_334_20260701_020114_slice_ul55_dl50_edge_cpu5_bg30m_ul_best_n_320x180_speed1p0_raw,slice_ul55_dl50,55.0,50.0,edge_cpu5,5.0,0.625,320,180,320x180,1.0,best_n.pt,best_n.pt,raw,30.0,ul,oaitun_ue2,completed,False,53,3,50,50,6,0,44,6,0.12,0.0,0.88,0.12,factory_roundtrip_ms,273.1689,265.48,299.8639,325.75469999999996,360.0539299999999,64.86908838000001,107.71996739999999,65.90077208,108.77789354999999,65.9689861,108.81942335,55.0,5.0,raw_prb_pct_cpu_product,275.0,0.5,1.0,60.0,correct_parts_per_min,7.199999999999999,0.00043636363636363637,0.00043636363636363637,0.026181818181818178,-1.9666666666666668,False,,,
run_335_20260701_020618_slice_ul55_dl50_edge_cpu5_bg30m_ul_best_n_320x180_speed1p5_raw,automated_experiments/results/run_335_20260701_020618_slice_ul55_dl50_edge_cpu5_bg30m_ul_best_n_320x180_speed1p5_raw,slice_ul55_dl50,55.0,50.0,edge_cpu5,5.0,0.625,320,180,320x180,1.5,best_n.pt,best_n.pt,raw,30.0,ul,oaitun_ue2,completed,False,50,0,50,50,7,0,43,7,0.14,0.0,0.86,0.14,factory_roundtrip_ms,272.57959999999997,268.1035,296.2336,317.5808499999999,351.07258,63.32619248,101.27511279999993,64.35196474,102.24853744999993,64.40861814,102.32406859999993,55.0,5.0,raw_prb_pct_cpu_product,275.0,0.75,1.0,90.0,correct_parts_per_min,12.600000000000001,0.0005090909090909091,0.0005090909090909091,0.04581818181818182,3.4333333333333353,False,,,
run_336_20260701_021030_slice_ul55_dl50_edge_cpu5_bg30m_ul_best_n_320x180_speed2p0_raw,automated_experiments/results/run_336_20260701_021030_slice_ul55_dl50_edge_cpu5_bg30m_ul_best_n_320x180_speed2p0_raw,slice_ul55_dl50,55.0,50.0,edge_cpu5,5.0,0.625,320,180,320x180,2.0,best_n.pt,best_n.pt,raw,30.0,ul,oaitun_ue2,completed,False,50,0,50,50,7,0,43,7,0.14,0.0,0.86,0.14,factory_roundtrip_ms,281.57244,275.189,301.5493,333.06924999999995,379.41403999999994,71.1540622,117.85678609999997,72.46238976,118.72458339999997,72.56581254,118.78070294999998,55.0,5.0,raw_prb_pct_cpu_product,275.0,1.0,1.0,120.0,correct_parts_per_min,16.8,0.0005090909090909091,0.0005090909090909091,0.06109090909090909,7.633333333333335,False,,,
run_337_20260701_021424_slice_ul55_dl50_edge_cpu4_bg30m_ul_best_n_1280x720_speed0p5_raw,automated_experiments/results/run_337_20260701_021424_slice_ul55_dl50_edge_cpu4_bg30m_ul_best_n_1280x720_speed0p5_raw,slice_ul55_dl50,55.0,50.0,edge_cpu4,4.0,0.5,1280,720,1280x720,0.5,best_n.pt,best_n.pt,raw,30.0,ul,oaitun_ue2,completed,False,65,15,50,50,31,0,19,31,0.62,0.0,0.38,0.62,factory_roundtrip_ms,885.9726400000001,884.135,928.4315,933.8056499999999,956.24299,72.5492954,111.16765549999998,80.85437778,120.66692184999998,81.33251002,121.08971554999998,55.0,4.0,raw_prb_pct_cpu_product,220.0,0.25,1.0,30.0,correct_parts_per_min,18.6,0.002818181818181818,0.002818181818181818,0.08454545454545455,11.26666666666667,False,,,
run_338_20260701_022310_slice_ul55_dl50_edge_cpu4_bg30m_ul_best_n_1280x720_speed1p0_raw,automated_experiments/results/run_338_20260701_022310_slice_ul55_dl50_edge_cpu4_bg30m_ul_best_n_1280x720_speed1p0_raw,slice_ul55_dl50,55.0,50.0,edge_cpu4,4.0,0.5,1280,720,1280x720,1.0,best_n.pt,best_n.pt,raw,30.0,ul,oaitun_ue2,completed,False,152,102,50,50,28,3,19,28,0.56,0.06,0.38,0.56,factory_roundtrip_ms,890.53658,878.4965,954.3085,988.6316999999999,1030.04705,86.67219494,193.05497779999996,94.7584278,202.62901599999998,95.20246556000001,203.07753789999995,55.0,4.0,raw_prb_pct_cpu_product,220.0,0.5,1.0,60.0,correct_parts_per_min,33.6,0.0025454545454545456,0.0025454545454545456,0.15272727272727274,26.26666666666667,False,29.999934550041562,0.001995025307861365,0.46963355215275565
run_339_20260701_023504_slice_ul55_dl50_edge_cpu4_bg30m_ul_best_n_1280x720_speed1p5_raw,automated_experiments/results/run_339_20260701_023504_slice_ul55_dl50_edge_cpu4_bg30m_ul_best_n_1280x720_speed1p5_raw,slice_ul55_dl50,55.0,50.0,edge_cpu4,4.0,0.5,1280,720,1280x720,1.5,best_n.pt,best_n.pt,raw,30.0,ul,oaitun_ue2,completed,False,71,21,50,50,0,50,0,0,0.0,1.0,0.0,0.0,factory_roundtrip_ms,875.61224,871.921,912.8694,928.3185,968.65219,69.91841364000001,117.69970204999998,78.84510632,127.39945249999998,79.37685788,128.07921084999998,55.0,4.0,raw_prb_pct_cpu_product,220.0,0.75,1.0,90.0,correct_parts_per_min,0.0,0.0,0.0,0.0,-7.333333333333333,False,,,
run_340_20260701_024033_slice_ul55_dl50_edge_cpu4_bg30m_ul_best_n_1280x720_speed2p0_raw,automated_experiments/results/run_340_20260701_024033_slice_ul55_dl50_edge_cpu4_bg30m_ul_best_n_1280x720_speed2p0_raw,slice_ul55_dl50,55.0,50.0,edge_cpu4,4.0,0.5,1280,720,1280x720,2.0,best_n.pt,best_n.pt,raw,30.0,ul,oaitun_ue2,completed,False,76,26,50,50,0,50,0,0,0.0,1.0,0.0,0.0,factory_roundtrip_ms,884.8688999999999,873.7115,925.5893,950.1952,1012.98321,79.60931546,132.6910438,87.89023964,141.45120004999995,88.22284534,141.84258079999995,55.0,4.0,raw_prb_pct_cpu_product,220.0,1.0,1.0,120.0,correct_parts_per_min,0.0,0.0,0.0,0.0,-7.333333333333333,False,,,
run_341_20260701_024602_slice_ul55_dl50_edge_cpu4_bg30m_ul_best_n_640x360_speed0p5_raw,automated_experiments/results/run_341_20260701_024602_slice_ul55_dl50_edge_cpu4_bg30m_ul_best_n_640x360_speed0p5_raw,slice_ul55_dl50,55.0,50.0,edge_cpu4,4.0,0.5,640,360,640x360,0.5,best_n.pt,best_n.pt,raw,30.0,ul,oaitun_ue2,completed,False,51,1,50,50,13,0,37,13,0.26,0.0,0.74,0.26,factory_roundtrip_ms,510.00256,498.18399999999997,563.9135,580.5083,624.6640699999999,80.83074633999999,165.96291669999994,83.22973946,168.66547169999996,83.3171288,168.78769784999994,55.0,4.0,raw_prb_pct_cpu_product,220.0,0.25,1.0,30.0,correct_parts_per_min,7.800000000000001,0.0011818181818181819,0.0011818181818181819,0.03545454545454546,0.4666666666666677,False,,,
run_342_20260701_025323_slice_ul55_dl50_edge_cpu4_bg30m_ul_best_n_640x360_speed1p0_raw,automated_experiments/results/run_342_20260701_025323_slice_ul55_dl50_edge_cpu4_bg30m_ul_best_n_640x360_speed1p0_raw,slice_ul55_dl50,55.0,50.0,edge_cpu4,4.0,0.5,640,360,640x360,1.0,best_n.pt,best_n.pt,raw,30.0,ul,oaitun_ue2,completed,False,61,11,50,50,13,0,37,13,0.26,0.0,0.74,0.26,factory_roundtrip_ms,501.3943200000001,487.323,531.1081,579.1457999999999,669.2198699999999,78.30217308,155.0248966999998,80.59820717999999,157.7106586499998,80.66942338,157.8043784499998,55.0,4.0,raw_prb_pct_cpu_product,220.0,0.5,1.0,60.0,correct_parts_per_min,15.600000000000001,0.0011818181818181819,0.0011818181818181819,0.07090909090909092,8.26666666666667,False,,,
run_343_20260701_025912_slice_ul55_dl50_edge_cpu4_bg30m_ul_best_n_640x360_speed1p5_raw,automated_experiments/results/run_343_20260701_025912_slice_ul55_dl50_edge_cpu4_bg30m_ul_best_n_640x360_speed1p5_raw,slice_ul55_dl50,55.0,50.0,edge_cpu4,4.0,0.5,640,360,640x360,1.5,best_n.pt,best_n.pt,raw,30.0,ul,oaitun_ue2,completed,False,52,2,50,50,13,1,36,13,0.26,0.02,0.72,0.26,factory_roundtrip_ms,508.96644,508.0535,535.501,546.04565,628.4964599999998,83.09984802000001,123.19378089999996,85.43574414000001,125.90288699999998,85.52390674,125.98928064999997,55.0,4.0,raw_prb_pct_cpu_product,220.0,0.75,1.0,90.0,correct_parts_per_min,23.400000000000002,0.0011818181818181819,0.0011818181818181819,0.10636363636363637,16.06666666666667,False,,,
run_344_20260701_030343_slice_ul55_dl50_edge_cpu4_bg30m_ul_best_n_640x360_speed2p0_raw,automated_experiments/results/run_344_20260701_030343_slice_ul55_dl50_edge_cpu4_bg30m_ul_best_n_640x360_speed2p0_raw,slice_ul55_dl50,55.0,50.0,edge_cpu4,4.0,0.5,640,360,640x360,2.0,best_n.pt,best_n.pt,raw,30.0,ul,oaitun_ue2,completed,False,51,1,50,50,4,26,20,4,0.08,0.52,0.4,0.08,factory_roundtrip_ms,504.62978000000004,501.141,539.5119,557.5550499999999,595.80991,76.31140226000001,118.85922169999995,78.85643008,121.48786364999995,78.95485024,121.61815684999995,55.0,4.0,raw_prb_pct_cpu_product,220.0,1.0,1.0,120.0,correct_parts_per_min,9.6,0.00036363636363636367,0.00036363636363636367,0.04363636363636363,2.2666666666666666,False,,,
run_345_20260701_030751_slice_ul55_dl50_edge_cpu4_bg30m_ul_best_n_320x180_speed0p5_raw,automated_experiments/results/run_345_20260701_030751_slice_ul55_dl50_edge_cpu4_bg30m_ul_best_n_320x180_speed0p5_raw,slice_ul55_dl50,55.0,50.0,edge_cpu4,4.0,0.5,320,180,320x180,0.5,best_n.pt,best_n.pt,raw,30.0,ul,oaitun_ue2,completed,False,50,0,50,50,6,0,44,6,0.12,0.0,0.88,0.12,factory_roundtrip_ms,278.94820000000004,269.39700000000005,313.8037,329.0288499999999,392.0795099999998,68.40748292,117.10102919999999,69.58939261999998,118.26730549999998,69.65259146,118.31347804999999,55.0,4.0,raw_prb_pct_cpu_product,220.0,0.25,1.0,30.0,correct_parts_per_min,3.5999999999999996,0.0005454545454545455,0.0005454545454545455,0.01636363636363636,-3.7333333333333334,False,,,
run_346_20260701_031508_slice_ul55_dl50_edge_cpu4_bg30m_ul_best_n_320x180_speed1p0_raw,automated_experiments/results/run_346_20260701_031508_slice_ul55_dl50_edge_cpu4_bg30m_ul_best_n_320x180_speed1p0_raw,slice_ul55_dl50,55.0,50.0,edge_cpu4,4.0,0.5,320,180,320x180,1.0,best_n.pt,best_n.pt,raw,30.0,ul,oaitun_ue2,completed,False,54,4,50,50,6,0,44,6,0.12,0.0,0.88,0.12,factory_roundtrip_ms,274.37894,265.466,305.4163,332.92125,352.57447999999994,65.09365144,102.26806319999999,66.13189546,103.09143885,66.20289268000002,103.14300505,55.0,4.0,raw_prb_pct_cpu_product,220.0,0.5,1.0,60.0,correct_parts_per_min,7.199999999999999,0.0005454545454545455,0.0005454545454545455,0.03272727272727272,-0.13333333333333375,False,,,
run_347_20260701_032030_slice_ul55_dl50_edge_cpu4_bg30m_ul_best_n_320x180_speed1p5_raw,automated_experiments/results/run_347_20260701_032030_slice_ul55_dl50_edge_cpu4_bg30m_ul_best_n_320x180_speed1p5_raw,slice_ul55_dl50,55.0,50.0,edge_cpu4,4.0,0.5,320,180,320x180,1.5,best_n.pt,best_n.pt,raw,30.0,ul,oaitun_ue2,completed,False,50,0,50,50,6,0,44,6,0.12,0.0,0.88,0.12,factory_roundtrip_ms,280.53656,271.37649999999996,315.43850000000003,329.47905,378.13771999999994,70.95942714,119.66785894999997,72.0277356,120.84265814999998,72.08337214,120.88542459999996,55.0,4.0,raw_prb_pct_cpu_product,220.0,0.75,1.0,90.0,correct_parts_per_min,10.799999999999999,0.0005454545454545455,0.0005454545454545455,0.04909090909090909,3.466666666666666,False,,,
run_348_20260701_032457_slice_ul55_dl50_edge_cpu4_bg30m_ul_best_n_320x180_speed2p0_raw,automated_experiments/results/run_348_20260701_032457_slice_ul55_dl50_edge_cpu4_bg30m_ul_best_n_320x180_speed2p0_raw,slice_ul55_dl50,55.0,50.0,edge_cpu4,4.0,0.5,320,180,320x180,2.0,best_n.pt,best_n.pt,raw,30.0,ul,oaitun_ue2,completed,False,51,1,50,50,6,0,44,6,0.12,0.0,0.88,0.12,factory_roundtrip_ms,287.08698000000004,278.6005,322.75690000000003,336.84385000000003,371.8464299999999,74.27621882,109.20329304999997,75.32340986,110.02163194999997,75.37974326,110.06389559999997,55.0,4.0,raw_prb_pct_cpu_product,220.0,1.0,1.0,120.0,correct_parts_per_min,14.399999999999999,0.0005454545454545455,0.0005454545454545455,0.06545454545454545,7.0666666666666655,False,,,
run_349_20260701_032909_slice_ul55_dl50_edge_cpu3_bg30m_ul_best_n_1280x720_speed0p5_raw,automated_experiments/results/run_349_20260701_032909_slice_ul55_dl50_edge_cpu3_bg30m_ul_best_n_1280x720_speed0p5_raw,slice_ul55_dl50,55.0,50.0,edge_cpu3,3.0,0.375,1280,720,1280x720,0.5,best_n.pt,best_n.pt,raw,30.0,ul,oaitun_ue2,completed,False,67,17,50,50,30,0,20,30,0.6,0.0,0.4,0.6,factory_roundtrip_ms,917.28738,914.225,973.4707000000001,999.1596,1067.4718199999998,103.85058654000002,198.4257173999999,111.93141386,206.66636394999992,112.42536439999999,207.09224369999993,55.0,3.0,raw_prb_pct_cpu_product,165.0,0.25,1.0,30.0,correct_parts_per_min,18.0,0.0036363636363636364,0.0036363636363636364,0.10909090909090909,12.5,False,,,
run_350_20260701_033825_slice_ul55_dl50_edge_cpu3_bg30m_ul_best_n_1280x720_speed1p0_raw,automated_experiments/results/run_350_20260701_033825_slice_ul55_dl50_edge_cpu3_bg30m_ul_best_n_1280x720_speed1p0_raw,slice_ul55_dl50,55.0,50.0,edge_cpu3,3.0,0.375,1280,720,1280x720,1.0,best_n.pt,best_n.pt,raw,30.0,ul,oaitun_ue2,completed,False,189,99,90,90,59,1,30,59,0.6555555555555556,0.011111111111111112,0.3333333333333333,0.6555555555555556,factory_roundtrip_ms,810.6455,808.248,942.0116,947.4010999999999,984.8163900000001,102.01656166666668,196.48264054999996,112.67717980000002,211.3272715,113.40811012222223,213.28902985,55.0,3.0,raw_prb_pct_cpu_product,165.0,0.5,1.0,60.0,correct_parts_per_min,39.333333333333336,0.003973063973063973,0.003973063973063973,0.2383838383838384,33.833333333333336,False,,,
run_351_20260701_035651_slice_ul55_dl50_edge_cpu3_bg30m_ul_best_n_1280x720_speed1p5_raw,automated_experiments/results/run_351_20260701_035651_slice_ul55_dl50_edge_cpu3_bg30m_ul_best_n_1280x720_speed1p5_raw,slice_ul55_dl50,55.0,50.0,edge_cpu3,3.0,0.375,1280,720,1280x720,1.5,best_n.pt,best_n.pt,raw,30.0,ul,oaitun_ue2,completed,False,55,5,50,50,0,50,0,0,0.0,1.0,0.0,0.0,factory_roundtrip_ms,736.51232,731.3175,804.1336,822.31175,863.2545700000001,107.19407535999999,199.58486299999993,116.78263314000002,208.86580124999992,117.44016593999999,209.33945579999994,55.0,3.0,raw_prb_pct_cpu_product,165.0,0.75,1.0,90.0,correct_parts_per_min,0.0,0.0,0.0,0.0,-5.5,False,,,
run_352_20260701_040159_slice_ul55_dl50_edge_cpu3_bg30m_ul_best_n_1280x720_speed2p0_raw,automated_experiments/results/run_352_20260701_040159_slice_ul55_dl50_edge_cpu3_bg30m_ul_best_n_1280x720_speed2p0_raw,slice_ul55_dl50,55.0,50.0,edge_cpu3,3.0,0.375,1280,720,1280x720,2.0,best_n.pt,best_n.pt,raw,30.0,ul,oaitun_ue2,completed,False,50,0,50,50,0,50,0,0,0.0,1.0,0.0,0.0,factory_roundtrip_ms,740.2093400000001,727.0825,814.3736000000001,870.16925,901.12227,107.7043818,209.7211168,121.12089748,224.39074219999998,122.23276298000002,226.06113974999997,55.0,3.0,raw_prb_pct_cpu_product,165.0,1.0,1.0,120.0,correct_parts_per_min,0.0,0.0,0.0,0.0,-5.5,False,,,
run_353_20260701_040630_slice_ul55_dl50_edge_cpu3_bg30m_ul_best_n_640x360_speed0p5_raw,automated_experiments/results/run_353_20260701_040630_slice_ul55_dl50_edge_cpu3_bg30m_ul_best_n_640x360_speed0p5_raw,slice_ul55_dl50,55.0,50.0,edge_cpu3,3.0,0.375,640,360,640x360,0.5,best_n.pt,best_n.pt,raw,30.0,ul,oaitun_ue2,completed,False,51,1,50,50,14,0,36,14,0.28,0.0,0.72,0.28,factory_roundtrip_ms,473.2921,453.89099999999996,581.4203,593.2049999999999,653.13726,147.08127438,260.12621115,151.4918168,264.07473615,151.70420091999998,264.43277435,55.0,3.0,raw_prb_pct_cpu_product,165.0,0.25,1.0,30.0,correct_parts_per_min,8.4,0.0016969696969696972,0.0016969696969696972,0.05090909090909091,2.9000000000000004,False,,,
run_354_20260701_041432_slice_ul55_dl50_edge_cpu3_bg30m_ul_best_n_640x360_speed1p0_raw,automated_experiments/results/run_354_20260701_041432_slice_ul55_dl50_edge_cpu3_bg30m_ul_best_n_640x360_speed1p0_raw,slice_ul55_dl50,55.0,50.0,edge_cpu3,3.0,0.375,640,360,640x360,1.0,best_n.pt,best_n.pt,raw,30.0,ul,oaitun_ue2,completed,False,66,16,50,50,12,0,38,12,0.24,0.0,0.76,0.24,factory_roundtrip_ms,426.80601999999993,425.2865,458.26050000000004,463.4188,518.51991,104.24292058,141.72288885,106.77602232000001,144.612268,106.90371358000002,144.8064688,55.0,3.0,raw_prb_pct_cpu_product,165.0,0.5,1.0,60.0,correct_parts_per_min,14.399999999999999,0.0014545454545454545,0.0014545454545454545,0.08727272727272727,8.899999999999999,False,,,
run_355_20260701_042117_slice_ul55_dl50_edge_cpu3_bg30m_ul_best_n_640x360_speed1p5_raw,automated_experiments/results/run_355_20260701_042117_slice_ul55_dl50_edge_cpu3_bg30m_ul_best_n_640x360_speed1p5_raw,slice_ul55_dl50,55.0,50.0,edge_cpu3,3.0,0.375,640,360,640x360,1.5,best_n.pt,best_n.pt,raw,30.0,ul,oaitun_ue2,completed,False,50,0,50,50,12,0,38,12,0.24,0.0,0.76,0.24,factory_roundtrip_ms,441.04488,433.609,526.4037,544.0540500000001,570.5396799999999,116.40011014,206.53579105,119.77568514000002,213.10396319999998,119.91254752,213.73082169999998,55.0,3.0,raw_prb_pct_cpu_product,165.0,0.75,1.0,90.0,correct_parts_per_min,21.599999999999998,0.0014545454545454545,0.0014545454545454545,0.1309090909090909,16.099999999999998,False,,,
run_356_20260701_042608_slice_ul55_dl50_edge_cpu3_bg30m_ul_best_n_640x360_speed2p0_raw,automated_experiments/results/run_356_20260701_042608_slice_ul55_dl50_edge_cpu3_bg30m_ul_best_n_640x360_speed2p0_raw,slice_ul55_dl50,55.0,50.0,edge_cpu3,3.0,0.375,640,360,640x360,2.0,best_n.pt,best_n.pt,raw,30.0,ul,oaitun_ue2,completed,False,50,0,50,50,11,5,34,11,0.22,0.1,0.68,0.22,factory_roundtrip_ms,438.21461999999997,422.1565,494.52020000000005,556.7955999999999,616.8636999999998,115.31088878,221.58659579999997,118.71530892000001,235.27262614999995,118.86656238000002,235.85461564999997,55.0,3.0,raw_prb_pct_cpu_product,165.0,1.0,1.0,120.0,correct_parts_per_min,26.4,0.0013333333333333333,0.0013333333333333333,0.16,20.9,False,,,
run_357_20260701_043039_slice_ul55_dl50_edge_cpu3_bg30m_ul_best_n_320x180_speed0p5_raw,automated_experiments/results/run_357_20260701_043039_slice_ul55_dl50_edge_cpu3_bg30m_ul_best_n_320x180_speed0p5_raw,slice_ul55_dl50,55.0,50.0,edge_cpu3,3.0,0.375,320,180,320x180,0.5,best_n.pt,best_n.pt,raw,30.0,ul,oaitun_ue2,completed,False,50,0,50,50,6,0,44,6,0.12,0.0,0.88,0.12,factory_roundtrip_ms,286.65979999999996,276.802,401.48040000000003,422.2112999999999,464.83709,127.12458206000001,262.1209516499999,128.30640372,264.0237181499999,128.37639316000002,264.18432304999993,55.0,3.0,raw_prb_pct_cpu_product,165.0,0.25,1.0,30.0,correct_parts_per_min,3.5999999999999996,0.0007272727272727272,0.0007272727272727272,0.021818181818181816,-1.9000000000000004,False,,,
run_358_20260701_043837_slice_ul55_dl50_edge_cpu3_bg30m_ul_best_n_320x180_speed1p0_raw,automated_experiments/results/run_358_20260701_043837_slice_ul55_dl50_edge_cpu3_bg30m_ul_best_n_320x180_speed1p0_raw,slice_ul55_dl50,55.0,50.0,edge_cpu3,3.0,0.375,320,180,320x180,1.0,best_n.pt,best_n.pt,raw,30.0,ul,oaitun_ue2,completed,False,50,0,50,50,6,0,44,6,0.12,0.0,0.88,0.12,factory_roundtrip_ms,277.72751999999997,278.779,361.8697,370.1256,401.8458499999999,118.43241134,213.56230839999998,119.57083193999999,214.83678615,119.63605734,214.9217131,55.0,3.0,raw_prb_pct_cpu_product,165.0,0.5,1.0,60.0,correct_parts_per_min,7.199999999999999,0.0007272727272727272,0.0007272727272727272,0.04363636363636363,1.6999999999999993,False,,,
run_359_20260701_044414_slice_ul55_dl50_edge_cpu3_bg30m_ul_best_n_320x180_speed1p5_raw,automated_experiments/results/run_359_20260701_044414_slice_ul55_dl50_edge_cpu3_bg30m_ul_best_n_320x180_speed1p5_raw,slice_ul55_dl50,55.0,50.0,edge_cpu3,3.0,0.375,320,180,320x180,1.5,best_n.pt,best_n.pt,raw,30.0,ul,oaitun_ue2,completed,False,50,0,50,50,7,0,43,7,0.14,0.0,0.86,0.14,factory_roundtrip_ms,260.57869999999997,254.5555,297.54,301.6986,410.53803,100.90034808,140.3415815,102.08263669999998,141.42881129999998,102.14132133999999,141.47144434999998,55.0,3.0,raw_prb_pct_cpu_product,165.0,0.75,1.0,90.0,correct_parts_per_min,12.600000000000001,0.0008484848484848486,0.0008484848484848486,0.07636363636363637,7.100000000000001,False,,,
run_360_20260701_044902_slice_ul55_dl50_edge_cpu3_bg30m_ul_best_n_320x180_speed2p0_raw,automated_experiments/results/run_360_20260701_044902_slice_ul55_dl50_edge_cpu3_bg30m_ul_best_n_320x180_speed2p0_raw,slice_ul55_dl50,55.0,50.0,edge_cpu3,3.0,0.375,320,180,320x180,2.0,best_n.pt,best_n.pt,raw,30.0,ul,oaitun_ue2,completed,False,50,0,50,50,6,0,44,6,0.12,0.0,0.88,0.12,factory_roundtrip_ms,264.6506,258.404,297.05730000000005,337.0745,413.49257999999986,104.55527879999998,172.3152238,105.89991156000002,173.53228675,105.98208876000001,173.62841189999997,55.0,3.0,raw_prb_pct_cpu_product,165.0,1.0,1.0,120.0,correct_parts_per_min,14.399999999999999,0.0007272727272727272,0.0007272727272727272,0.08727272727272727,8.899999999999999,False,,,
run_361_20260701_045336_slice_ul55_dl50_edge_cpu2_bg30m_ul_best_n_1280x720_speed0p5_raw,automated_experiments/results/run_361_20260701_045336_slice_ul55_dl50_edge_cpu2_bg30m_ul_best_n_1280x720_speed0p5_raw,slice_ul55_dl50,55.0,50.0,edge_cpu2,2.0,0.25,1280,720,1280x720,0.5,best_n.pt,best_n.pt,raw,30.0,ul,oaitun_ue2,completed,False,52,2,50,50,31,0,19,31,0.62,0.0,0.38,0.62,factory_roundtrip_ms,855.7395,837.5685,970.3438,1002.5385999999999,1043.6769199999999,217.72744026,369.8701484999999,232.73368162,383.9565041999999,233.9574684,387.20179774999997,55.0,2.0,raw_prb_pct_cpu_product,110.0,0.25,1.0,30.0,correct_parts_per_min,18.6,0.005636363636363636,0.005636363636363636,0.1690909090909091,14.933333333333335,False,,,
run_362_20260701_050158_slice_ul55_dl50_edge_cpu2_bg30m_ul_best_n_1280x720_speed1p0_raw,automated_experiments/results/run_362_20260701_050158_slice_ul55_dl50_edge_cpu2_bg30m_ul_best_n_1280x720_speed1p0_raw,slice_ul55_dl50,55.0,50.0,edge_cpu2,2.0,0.25,1280,720,1280x720,1.0,best_n.pt,best_n.pt,raw,30.0,ul,oaitun_ue2,completed,False,70,20,50,50,28,3,19,28,0.56,0.06,0.38,0.56,factory_roundtrip_ms,834.1808599999999,814.7545,951.4555,1000.7327499999999,1093.7658399999998,209.2479018,374.8447331999999,221.45328228000002,382.7021733999999,222.3962575,382.9134903499999,55.0,2.0,raw_prb_pct_cpu_product,110.0,0.5,1.0,60.0,correct_parts_per_min,33.6,0.005090909090909091,0.005090909090909091,0.3054545454545455,29.933333333333334,False,,,
run_363_20260701_050923_slice_ul55_dl50_edge_cpu2_bg30m_ul_best_n_1280x720_speed1p5_raw,automated_experiments/results/run_363_20260701_050923_slice_ul55_dl50_edge_cpu2_bg30m_ul_best_n_1280x720_speed1p5_raw,slice_ul55_dl50,55.0,50.0,edge_cpu2,2.0,0.25,1280,720,1280x720,1.5,best_n.pt,best_n.pt,raw,30.0,ul,oaitun_ue2,completed,False,54,4,50,50,0,50,0,0,0.0,1.0,0.0,0.0,factory_roundtrip_ms,824.42,813.4595,905.1774,945.8394999999999,1021.0819899999998,201.83095856,326.8304022999999,211.58799554,335.3144368499999,212.13526998,335.7841400999999,55.0,2.0,raw_prb_pct_cpu_product,110.0,0.75,1.0,90.0,correct_parts_per_min,0.0,0.0,0.0,0.0,-3.6666666666666665,False,,,
run_364_20260701_051442_slice_ul55_dl50_edge_cpu2_bg30m_ul_best_n_1280x720_speed2p0_raw,automated_experiments/results/run_364_20260701_051442_slice_ul55_dl50_edge_cpu2_bg30m_ul_best_n_1280x720_speed2p0_raw,slice_ul55_dl50,55.0,50.0,edge_cpu2,2.0,0.25,1280,720,1280x720,2.0,best_n.pt,best_n.pt,raw,30.0,ul,oaitun_ue2,completed,False,52,2,50,50,0,50,0,0,0.0,1.0,0.0,0.0,factory_roundtrip_ms,823.0304199999998,813.8855,899.6856,909.7852499999999,951.52891,196.64355447999995,296.3974874,210.85266241999997,306.3817334,211.91711288,306.8703006,55.0,2.0,raw_prb_pct_cpu_product,110.0,1.0,1.0,120.0,correct_parts_per_min,0.0,0.0,0.0,0.0,-3.6666666666666665,False,,,
run_365_20260701_051930_slice_ul55_dl50_edge_cpu2_bg30m_ul_best_n_640x360_speed0p5_raw,automated_experiments/results/run_365_20260701_051930_slice_ul55_dl50_edge_cpu2_bg30m_ul_best_n_640x360_speed0p5_raw,slice_ul55_dl50,55.0,50.0,edge_cpu2,2.0,0.25,640,360,640x360,0.5,best_n.pt,best_n.pt,raw,30.0,ul,oaitun_ue2,completed,False,51,1,50,50,14,0,36,14,0.28,0.0,0.72,0.28,factory_roundtrip_ms,550.72112,535.7139999999999,639.2386,687.0897499999999,777.44174,227.54890226,365.9636201999998,230.45873906,368.77588509999975,230.57896750000003,368.8394300499998,55.0,2.0,raw_prb_pct_cpu_product,110.0,0.25,1.0,30.0,correct_parts_per_min,8.4,0.0025454545454545456,0.0025454545454545456,0.07636363636363637,4.733333333333334,False,,,
run_366_20260701_052749_slice_ul55_dl50_edge_cpu2_bg30m_ul_best_n_640x360_speed1p0_raw,automated_experiments/results/run_366_20260701_052749_slice_ul55_dl50_edge_cpu2_bg30m_ul_best_n_640x360_speed1p0_raw,slice_ul55_dl50,55.0,50.0,edge_cpu2,2.0,0.25,640,360,640x360,1.0,best_n.pt,best_n.pt,raw,30.0,ul,oaitun_ue2,completed,False,59,9,50,50,12,0,38,12,0.24,0.0,0.76,0.24,factory_roundtrip_ms,534.92406,514.9970000000001,637.3696,657.4974,739.0241599999998,214.40431221999998,328.52899454999994,217.31040904000002,340.25679015000003,217.45623516,340.9596603,55.0,2.0,raw_prb_pct_cpu_product,110.0,0.5,1.0,60.0,correct_parts_per_min,14.399999999999999,0.002181818181818182,0.002181818181818182,0.1309090909090909,10.733333333333333,False,,,
run_367_20260701_053416_slice_ul55_dl50_edge_cpu2_bg30m_ul_best_n_640x360_speed1p5_raw,automated_experiments/results/run_367_20260701_053416_slice_ul55_dl50_edge_cpu2_bg30m_ul_best_n_640x360_speed1p5_raw,slice_ul55_dl50,55.0,50.0,edge_cpu2,2.0,0.25,640,360,640x360,1.5,best_n.pt,best_n.pt,raw,30.0,ul,oaitun_ue2,completed,False,51,1,50,50,12,4,34,12,0.24,0.08,0.68,0.24,factory_roundtrip_ms,522.40524,488.59450000000004,626.8844,699.6692999999999,756.7339099999999,202.21186609999998,381.60152829999987,204.69705076000002,384.16605284999986,204.8150138,384.23978324999985,55.0,2.0,raw_prb_pct_cpu_product,110.0,0.75,1.0,90.0,correct_parts_per_min,21.599999999999998,0.002181818181818182,0.002181818181818182,0.19636363636363635,17.93333333333333,False,,,
run_368_20260701_053922_slice_ul55_dl50_edge_cpu2_bg30m_ul_best_n_640x360_speed2p0_raw,automated_experiments/results/run_368_20260701_053922_slice_ul55_dl50_edge_cpu2_bg30m_ul_best_n_640x360_speed2p0_raw,slice_ul55_dl50,55.0,50.0,edge_cpu2,2.0,0.25,640,360,640x360,2.0,best_n.pt,best_n.pt,raw,30.0,ul,oaitun_ue2,completed,False,50,0,50,50,5,37,8,5,0.1,0.74,0.16,0.1,factory_roundtrip_ms,545.06516,532.4135,626.7209,643.27405,692.7834199999999,221.70084342,308.32486074999997,226.94869045999997,323.3822283999999,227.15326066,324.20114099999995,55.0,2.0,raw_prb_pct_cpu_product,110.0,1.0,1.0,120.0,correct_parts_per_min,12.0,0.0009090909090909091,0.0009090909090909091,0.10909090909090909,8.333333333333334,False,,,
run_369_20260701_054407_slice_ul55_dl50_edge_cpu2_bg30m_ul_best_n_320x180_speed0p5_raw,automated_experiments/results/run_369_20260701_054407_slice_ul55_dl50_edge_cpu2_bg30m_ul_best_n_320x180_speed0p5_raw,slice_ul55_dl50,55.0,50.0,edge_cpu2,2.0,0.25,320,180,320x180,0.5,best_n.pt,best_n.pt,raw,30.0,ul,oaitun_ue2,completed,False,50,0,50,50,6,0,44,6,0.12,0.0,0.88,0.12,factory_roundtrip_ms,364.34714,357.0745,456.753,482.5675,535.5785699999999,206.39278265999997,327.61720295,207.69414798000003,328.42842145000003,207.77363085999997,328.48756255,55.0,2.0,raw_prb_pct_cpu_product,110.0,0.25,1.0,30.0,correct_parts_per_min,3.5999999999999996,0.001090909090909091,0.001090909090909091,0.03272727272727272,-0.06666666666666687,False,,,
run_370_20260701_055219_slice_ul55_dl50_edge_cpu2_bg30m_ul_best_n_320x180_speed1p0_raw,automated_experiments/results/run_370_20260701_055219_slice_ul55_dl50_edge_cpu2_bg30m_ul_best_n_320x180_speed1p0_raw,slice_ul55_dl50,55.0,50.0,edge_cpu2,2.0,0.25,320,180,320x180,1.0,best_n.pt,best_n.pt,raw,30.0,ul,oaitun_ue2,completed,False,50,0,50,50,6,0,44,6,0.12,0.0,0.88,0.12,factory_roundtrip_ms,359.84636,347.172,451.3953,504.56974999999994,548.4594399999999,201.83685292000007,342.70276839999985,202.97905292,343.7424057499999,203.04555168,343.79239259999986,55.0,2.0,raw_prb_pct_cpu_product,110.0,0.5,1.0,60.0,correct_parts_per_min,7.199999999999999,0.001090909090909091,0.001090909090909091,0.06545454545454545,3.5333333333333328,False,,,
run_371_20260701_055807_slice_ul55_dl50_edge_cpu2_bg30m_ul_best_n_320x180_speed1p5_raw,automated_experiments/results/run_371_20260701_055807_slice_ul55_dl50_edge_cpu2_bg30m_ul_best_n_320x180_speed1p5_raw,slice_ul55_dl50,55.0,50.0,edge_cpu2,2.0,0.25,320,180,320x180,1.5,best_n.pt,best_n.pt,raw,30.0,ul,oaitun_ue2,completed,False,50,0,50,50,7,0,43,7,0.14,0.0,0.86,0.14,factory_roundtrip_ms,369.95297999999997,353.15,468.93460000000005,537.8539499999998,575.20556,206.96659099999997,363.2397471999998,208.51439595999997,370.47191409999976,208.61071854000002,371.1109249999997,55.0,2.0,raw_prb_pct_cpu_product,110.0,0.75,1.0,90.0,correct_parts_per_min,12.600000000000001,0.0012727272727272728,0.0012727272727272728,0.11454545454545456,8.933333333333335,False,,,
run_372_20260701_060309_slice_ul55_dl50_edge_cpu2_bg30m_ul_best_n_320x180_speed2p0_raw,automated_experiments/results/run_372_20260701_060309_slice_ul55_dl50_edge_cpu2_bg30m_ul_best_n_320x180_speed2p0_raw,slice_ul55_dl50,55.0,50.0,edge_cpu2,2.0,0.25,320,180,320x180,2.0,best_n.pt,best_n.pt,raw,30.0,ul,oaitun_ue2,completed,False,50,0,50,50,7,2,41,7,0.14,0.04,0.82,0.14,factory_roundtrip_ms,364.92015999999995,354.3445,448.5805,475.2803499999999,522.5355499999998,206.79387893999998,309.8565063499999,207.99929434,311.1667333499999,208.06482481999998,311.2227728,55.0,2.0,raw_prb_pct_cpu_product,110.0,1.0,1.0,120.0,correct_parts_per_min,16.8,0.0012727272727272728,0.0012727272727272728,0.15272727272727274,13.133333333333335,False,,,
run_373_20260701_060754_slice_ul55_dl50_edge_cpu1_bg30m_ul_best_n_1280x720_speed0p5_raw,automated_experiments/results/run_373_20260701_060754_slice_ul55_dl50_edge_cpu1_bg30m_ul_best_n_1280x720_speed0p5_raw,slice_ul55_dl50,55.0,50.0,edge_cpu1,1.0,0.125,1280,720,1280x720,0.5,best_n.pt,best_n.pt,raw,30.0,ul,oaitun_ue2,completed,False,53,3,50,50,29,0,21,29,0.58,0.0,0.42,0.58,factory_roundtrip_ms,1272.9518,1268.9295,1413.8039,1464.7903,1583.0022900000001,629.1102587600001,834.8118972499999,647.26921186,847.1406291499999,648.6216003000001,849.1095835,55.0,1.0,raw_prb_pct_cpu_product,55.0,0.25,1.0,30.0,correct_parts_per_min,17.4,0.010545454545454545,0.010545454545454545,0.31636363636363635,15.566666666666665,False,,,
run_374_20260701_061640_slice_ul55_dl50_edge_cpu1_bg30m_ul_best_n_1280x720_speed1p0_raw,automated_experiments/results/run_374_20260701_061640_slice_ul55_dl50_edge_cpu1_bg30m_ul_best_n_1280x720_speed1p0_raw,slice_ul55_dl50,55.0,50.0,edge_cpu1,1.0,0.125,1280,720,1280x720,1.0,best_n.pt,best_n.pt,raw,30.0,ul,oaitun_ue2,completed,False,67,17,50,50,0,49,1,0,0.0,0.98,0.02,0.0,factory_roundtrip_ms,1205.53852,1205.194,1337.5625,1420.117,1485.49677,578.53344968,765.4044436999999,588.5875606999999,774.5016700999998,589.1648523,774.99489045,55.0,1.0,raw_prb_pct_cpu_product,55.0,0.5,1.0,60.0,correct_parts_per_min,0.0,0.0,0.0,0.0,-1.8333333333333333,False,,,
run_375_20260701_062357_slice_ul55_dl50_edge_cpu1_bg30m_ul_best_n_1280x720_speed1p5_raw,automated_experiments/results/run_375_20260701_062357_slice_ul55_dl50_edge_cpu1_bg30m_ul_best_n_1280x720_speed1p5_raw,slice_ul55_dl50,55.0,50.0,edge_cpu1,1.0,0.125,1280,720,1280x720,1.5,best_n.pt,best_n.pt,raw,30.0,ul,oaitun_ue2,completed,False,56,6,50,50,0,50,0,0,0.0,1.0,0.0,0.0,factory_roundtrip_ms,1250.8127599999998,1259.5385,1386.546,1442.75535,1559.8548899999998,610.55754092,808.2559829,621.085326,816.9345003999999,621.9337658600001,818.6620939,55.0,1.0,raw_prb_pct_cpu_product,55.0,0.75,1.0,90.0,correct_parts_per_min,0.0,0.0,0.0,0.0,-1.8333333333333333,False,,,
run_376_20260701_062935_slice_ul55_dl50_edge_cpu1_bg30m_ul_best_n_1280x720_speed2p0_raw,automated_experiments/results/run_376_20260701_062935_slice_ul55_dl50_edge_cpu1_bg30m_ul_best_n_1280x720_speed2p0_raw,slice_ul55_dl50,55.0,50.0,edge_cpu1,1.0,0.125,1280,720,1280x720,2.0,best_n.pt,best_n.pt,raw,30.0,ul,oaitun_ue2,completed,False,51,1,50,50,0,50,0,0,0.0,1.0,0.0,0.0,factory_roundtrip_ms,1235.11622,1199.922,1410.6583,1508.0072,1559.3509,588.1923788400001,787.56364825,602.5066397400001,795.35075,603.65475856,795.8194195499999,55.0,1.0,raw_prb_pct_cpu_product,55.0,1.0,1.0,120.0,correct_parts_per_min,0.0,0.0,0.0,0.0,-1.8333333333333333,False,,,
run_377_20260701_063431_slice_ul55_dl50_edge_cpu1_bg30m_ul_best_n_640x360_speed0p5_raw,automated_experiments/results/run_377_20260701_063431_slice_ul55_dl50_edge_cpu1_bg30m_ul_best_n_640x360_speed0p5_raw,slice_ul55_dl50,55.0,50.0,edge_cpu1,1.0,0.125,640,360,640x360,0.5,best_n.pt,best_n.pt,raw,30.0,ul,oaitun_ue2,completed,False,50,0,50,50,13,0,37,13,0.26,0.0,0.74,0.26,factory_roundtrip_ms,947.7565200000001,931.077,1087.9994000000002,1209.1592999999998,1291.7538299999999,623.23762852,880.5880593999998,626.58337742,883.3484220999998,626.720905,883.4181291999998,55.0,1.0,raw_prb_pct_cpu_product,55.0,0.25,1.0,30.0,correct_parts_per_min,7.800000000000001,0.0047272727272727275,0.0047272727272727275,0.14181818181818184,5.966666666666668,False,,,
run_378_20260701_064256_slice_ul55_dl50_edge_cpu1_bg30m_ul_best_n_640x360_speed1p0_raw,automated_experiments/results/run_378_20260701_064256_slice_ul55_dl50_edge_cpu1_bg30m_ul_best_n_640x360_speed1p0_raw,slice_ul55_dl50,55.0,50.0,edge_cpu1,1.0,0.125,640,360,640x360,1.0,best_n.pt,best_n.pt,raw,30.0,ul,oaitun_ue2,completed,False,60,10,50,50,12,13,25,12,0.24,0.26,0.5,0.24,factory_roundtrip_ms,923.7114999999998,921.8625,1104.6366,1129.10455,1216.54386,592.3558309800001,800.2153053999999,597.11938286,807.6699456499999,597.24454854,808.0294803999999,55.0,1.0,raw_prb_pct_cpu_product,55.0,0.5,1.0,60.0,correct_parts_per_min,14.399999999999999,0.004363636363636364,0.004363636363636364,0.2618181818181818,12.566666666666665,False,,,
run_379_20260701_064941_slice_ul55_dl50_edge_cpu1_bg30m_ul_best_n_640x360_speed1p5_raw,automated_experiments/results/run_379_20260701_064941_slice_ul55_dl50_edge_cpu1_bg30m_ul_best_n_640x360_speed1p5_raw,slice_ul55_dl50,55.0,50.0,edge_cpu1,1.0,0.125,640,360,640x360,1.5,best_n.pt,best_n.pt,raw,30.0,ul,oaitun_ue2,completed,False,50,0,50,50,0,50,0,0,0.0,1.0,0.0,0.0,factory_roundtrip_ms,904.6951799999998,913.3955,1074.3276,1098.0181499999999,1125.55932,572.5133505199999,759.16113295,576.1875348,761.93003235,576.3373944,761.99545525,55.0,1.0,raw_prb_pct_cpu_product,55.0,0.75,1.0,90.0,correct_parts_per_min,0.0,0.0,0.0,0.0,-1.8333333333333333,False,,,
run_380_20260701_065456_slice_ul55_dl50_edge_cpu1_bg30m_ul_best_n_640x360_speed2p0_raw,automated_experiments/results/run_380_20260701_065456_slice_ul55_dl50_edge_cpu1_bg30m_ul_best_n_640x360_speed2p0_raw,slice_ul55_dl50,55.0,50.0,edge_cpu1,1.0,0.125,640,360,640x360,2.0,best_n.pt,best_n.pt,raw,30.0,ul,oaitun_ue2,completed,False,50,0,50,50,0,50,0,0,0.0,1.0,0.0,0.0,factory_roundtrip_ms,971.2526599999999,962.9965,1077.8135000000002,1106.6169499999999,1239.0396799999996,645.5265401,790.5573128999998,648.6542625000001,792.5381709,648.79514812,792.6581457499999,55.0,1.0,raw_prb_pct_cpu_product,55.0,1.0,1.0,120.0,correct_parts_per_min,0.0,0.0,0.0,0.0,-1.8333333333333333,False,,,
run_381_20260701_065948_slice_ul55_dl50_edge_cpu1_bg30m_ul_best_n_320x180_speed0p5_raw,automated_experiments/results/run_381_20260701_065948_slice_ul55_dl50_edge_cpu1_bg30m_ul_best_n_320x180_speed0p5_raw,slice_ul55_dl50,55.0,50.0,edge_cpu1,1.0,0.125,320,180,320x180,0.5,best_n.pt,best_n.pt,raw,30.0,ul,oaitun_ue2,completed,False,50,0,50,50,5,0,45,5,0.1,0.0,0.9,0.1,factory_roundtrip_ms,787.9375199999998,782.0554999999999,1001.0694000000001,1075.9203,1096.4741900000001,606.24274498,760.67997455,607.4117423600001,761.72176085,607.47867098,761.78655825,55.0,1.0,raw_prb_pct_cpu_product,55.0,0.25,1.0,30.0,correct_parts_per_min,3.0,0.0018181818181818182,0.0018181818181818182,0.05454545454545454,1.1666666666666667,False,,,
run_382_20260701_070815_slice_ul55_dl50_edge_cpu1_bg30m_ul_best_n_320x180_speed1p0_raw,automated_experiments/results/run_382_20260701_070815_slice_ul55_dl50_edge_cpu1_bg30m_ul_best_n_320x180_speed1p0_raw,slice_ul55_dl50,55.0,50.0,edge_cpu1,1.0,0.125,320,180,320x180,1.0,best_n.pt,best_n.pt,raw,30.0,ul,oaitun_ue2,completed,False,50,0,50,50,6,2,42,6,0.12,0.04,0.84,0.12,factory_roundtrip_ms,703.67224,675.5805,897.3028,938.9307,993.75505,530.10983462,740.23806645,531.4012249399999,741.2350856999999,531.4912515799999,741.2871494499999,55.0,1.0,raw_prb_pct_cpu_product,55.0,0.5,1.0,60.0,correct_parts_per_min,7.199999999999999,0.002181818181818182,0.002181818181818182,0.1309090909090909,5.366666666666666,False,,,
run_383_20260701_071415_slice_ul55_dl50_edge_cpu1_bg30m_ul_best_n_320x180_speed1p5_raw,automated_experiments/results/run_383_20260701_071415_slice_ul55_dl50_edge_cpu1_bg30m_ul_best_n_320x180_speed1p5_raw,slice_ul55_dl50,55.0,50.0,edge_cpu1,1.0,0.125,320,180,320x180,1.5,best_n.pt,best_n.pt,raw,30.0,ul,oaitun_ue2,completed,False,50,0,50,50,2,32,16,2,0.04,0.64,0.32,0.04,factory_roundtrip_ms,713.5774000000002,702.4575,844.7823,874.8421,1065.4603899999993,531.8325347200001,700.6253014,533.2072412199999,701.6693301,533.2998660200001,701.7514371999999,55.0,1.0,raw_prb_pct_cpu_product,55.0,0.75,1.0,90.0,correct_parts_per_min,3.6,0.0007272727272727273,0.0007272727272727273,0.06545454545454546,1.7666666666666668,False,,,
run_384_20260701_071929_slice_ul55_dl50_edge_cpu1_bg30m_ul_best_n_320x180_speed2p0_raw,automated_experiments/results/run_384_20260701_071929_slice_ul55_dl50_edge_cpu1_bg30m_ul_best_n_320x180_speed2p0_raw,slice_ul55_dl50,55.0,50.0,edge_cpu1,1.0,0.125,320,180,320x180,2.0,best_n.pt,best_n.pt,raw,30.0,ul,oaitun_ue2,completed,False,50,0,50,50,0,50,0,0,0.0,1.0,0.0,0.0,factory_roundtrip_ms,762.6707799999999,759.4965,887.6899000000001,973.8576499999999,1007.98254,586.6568659599999,720.55343365,587.95648124,721.5139631,588.0207826000001,721.5600289,55.0,1.0,raw_prb_pct_cpu_product,55.0,1.0,1.0,120.0,correct_parts_per_min,0.0,0.0,0.0,0.0,-1.8333333333333333,False,,,
run_481_20260701_131945_slice_ul45_dl50_edge_cpu8_bg30m_ul_best_n_1280x720_speed0p5_raw,automated_experiments/results/run_481_20260701_131945_slice_ul45_dl50_edge_cpu8_bg30m_ul_best_n_1280x720_speed0p5_raw,slice_ul45_dl50,45.0,50.0,edge_cpu8,8.0,1.0,1280,720,1280x720,0.5,best_n.pt,best_n.pt,raw,30.0,ul,oaitun_ue2,completed,False,77,27,50,50,27,0,23,27,0.54,0.0,0.46,0.54,factory_roundtrip_ms,928.4249199999999,926.3050000000001,942.3984,950.5284,1041.12306,53.12345718,62.57340789999999,61.038202420000005,72.64680225,61.58393257999999,72.98772165,45.0,8.0,raw_prb_pct_cpu_product,360.0,0.25,1.0,30.0,correct_parts_per_min,16.200000000000003,0.0015,0.0015,0.045000000000000005,4.200000000000003,False,29.999935200039744,0.0,0.4593520558306926
run_482_20260701_133232_slice_ul45_dl50_edge_cpu8_bg30m_ul_best_n_1280x720_speed1p0_raw,automated_experiments/results/run_482_20260701_133232_slice_ul45_dl50_edge_cpu8_bg30m_ul_best_n_1280x720_speed1p0_raw,slice_ul45_dl50,45.0,50.0,edge_cpu8,8.0,1.0,1280,720,1280x720,1.0,best_n.pt,best_n.pt,raw,30.0,ul,oaitun_ue2,completed,False,113,63,50,50,29,1,20,29,0.58,0.02,0.4,0.58,factory_roundtrip_ms,916.30466,914.406,923.1806,934.6437500000001,998.7143899999999,51.7706136,62.83310744999998,59.39571813999999,71.13531024999999,59.69778910000001,71.41085529999998,45.0,8.0,raw_prb_pct_cpu_product,360.0,0.5,1.0,60.0,correct_parts_per_min,34.8,0.001611111111111111,0.001611111111111111,0.09666666666666666,22.799999999999997,False,29.999938900029935,0.0,0.5855791432530054
run_483_20260701_134458_slice_ul45_dl50_edge_cpu8_bg30m_ul_best_n_1280x720_speed1p5_raw,automated_experiments/results/run_483_20260701_134458_slice_ul45_dl50_edge_cpu8_bg30m_ul_best_n_1280x720_speed1p5_raw,slice_ul45_dl50,45.0,50.0,edge_cpu8,8.0,1.0,1280,720,1280x720,1.5,best_n.pt,best_n.pt,raw,30.0,ul,oaitun_ue2,completed,False,73,23,50,50,0,50,0,0,0.0,1.0,0.0,0.0,factory_roundtrip_ms,940.8384,921.5989999999999,1053.1942999999999,1064.02765,1072.8281200000001,54.17938158,64.1313814,61.66725106,72.8764296,62.01121056,73.23631674999999,45.0,8.0,raw_prb_pct_cpu_product,360.0,0.75,1.0,90.0,correct_parts_per_min,0.0,0.0,0.0,0.0,-12.0,False,,,
run_485_20260701_140215_slice_ul45_dl50_edge_cpu8_bg30m_ul_best_n_640x360_speed0p5_raw,automated_experiments/results/run_485_20260701_140215_slice_ul45_dl50_edge_cpu8_bg30m_ul_best_n_640x360_speed0p5_raw,slice_ul45_dl50,45.0,50.0,edge_cpu8,8.0,1.0,640,360,640x360,0.5,best_n.pt,best_n.pt,raw,30.0,ul,oaitun_ue2,completed,False,50,0,50,50,14,0,36,14,0.28,0.0,0.72,0.28,factory_roundtrip_ms,415.98691999999994,415.904,425.2145,427.95475,436.24668999999994,66.41108247999999,77.08019585,68.85358638000001,80.43619505,68.95649741999999,80.48774775,45.0,8.0,raw_prb_pct_cpu_product,360.0,0.25,1.0,30.0,correct_parts_per_min,8.4,0.0007777777777777778,0.0007777777777777778,0.023333333333333334,-3.5999999999999996,False,,,
run_486_20260701_141249_slice_ul45_dl50_edge_cpu8_bg30m_ul_best_n_640x360_speed1p0_raw,automated_experiments/results/run_486_20260701_141249_slice_ul45_dl50_edge_cpu8_bg30m_ul_best_n_640x360_speed1p0_raw,slice_ul45_dl50,45.0,50.0,edge_cpu8,8.0,1.0,640,360,640x360,1.0,best_n.pt,best_n.pt,raw,30.0,ul,oaitun_ue2,completed,False,54,4,50,50,12,0,38,12,0.24,0.0,0.76,0.24,factory_roundtrip_ms,411.88338,412.029,419.44829999999996,426.65659999999997,430.67002,65.28482402,77.47157275,67.65605346000001,79.7163329,67.74990806000001,79.7627629,45.0,8.0,raw_prb_pct_cpu_product,360.0,0.5,1.0,60.0,correct_parts_per_min,14.399999999999999,0.0006666666666666666,0.0006666666666666666,0.039999999999999994,2.3999999999999986,False,,,
run_487_20260701_142002_slice_ul45_dl50_edge_cpu8_bg30m_ul_best_n_640x360_speed1p5_raw,automated_experiments/results/run_487_20260701_142002_slice_ul45_dl50_edge_cpu8_bg30m_ul_best_n_640x360_speed1p5_raw,slice_ul45_dl50,45.0,50.0,edge_cpu8,8.0,1.0,640,360,640x360,1.5,best_n.pt,best_n.pt,raw,30.0,ul,oaitun_ue2,completed,False,50,0,50,50,15,0,35,15,0.3,0.0,0.7,0.3,factory_roundtrip_ms,412.2354600000001,412.62149999999997,423.5909,425.6613,430.96908,64.0132802,74.15329779999999,66.55204228,77.1619063,66.64441774,77.25853405,45.0,8.0,raw_prb_pct_cpu_product,360.0,0.75,1.0,90.0,correct_parts_per_min,27.0,0.0008333333333333333,0.0008333333333333333,0.075,15.0,False,,,
run_488_20260701_142603_slice_ul45_dl50_edge_cpu8_bg30m_ul_best_n_640x360_speed2p0_raw,automated_experiments/results/run_488_20260701_142603_slice_ul45_dl50_edge_cpu8_bg30m_ul_best_n_640x360_speed2p0_raw,slice_ul45_dl50,45.0,50.0,edge_cpu8,8.0,1.0,640,360,640x360,2.0,best_n.pt,best_n.pt,raw,30.0,ul,oaitun_ue2,completed,False,50,0,50,50,14,0,36,14,0.28,0.0,0.72,0.28,factory_roundtrip_ms,410.10622,409.4,422.91929999999996,425.03165,428.56944999999996,64.24624822000001,73.81880654999999,66.57335696,76.38830949999999,66.65772270000001,76.46171735,45.0,8.0,raw_prb_pct_cpu_product,360.0,1.0,1.0,120.0,correct_parts_per_min,33.6,0.0007777777777777778,0.0007777777777777778,0.09333333333333334,21.6,False,,,
run_489_20260701_143143_slice_ul45_dl50_edge_cpu8_bg30m_ul_best_n_320x180_speed0p5_raw,automated_experiments/results/run_489_20260701_143143_slice_ul45_dl50_edge_cpu8_bg30m_ul_best_n_320x180_speed0p5_raw,slice_ul45_dl50,45.0,50.0,edge_cpu8,8.0,1.0,320,180,320x180,0.5,best_n.pt,best_n.pt,raw,30.0,ul,oaitun_ue2,completed,False,50,0,50,50,5,0,45,5,0.1,0.0,0.9,0.1,factory_roundtrip_ms,238.59188000000003,236.715,251.3651,254.6016,264.13685999999996,64.30037336,81.18387654999998,65.41715228000001,82.90269694999999,65.47367868,82.98210289999999,45.0,8.0,raw_prb_pct_cpu_product,360.0,0.25,1.0,30.0,correct_parts_per_min,3.0,0.0002777777777777778,0.0002777777777777778,0.008333333333333333,-9.0,False,,,
run_490_20260701_144111_slice_ul45_dl50_edge_cpu8_bg30m_ul_best_n_320x180_speed1p0_raw,automated_experiments/results/run_490_20260701_144111_slice_ul45_dl50_edge_cpu8_bg30m_ul_best_n_320x180_speed1p0_raw,slice_ul45_dl50,45.0,50.0,edge_cpu8,8.0,1.0,320,180,320x180,1.0,best_n.pt,best_n.pt,raw,30.0,ul,oaitun_ue2,completed,False,50,0,50,50,6,0,44,6,0.12,0.0,0.88,0.12,factory_roundtrip_ms,234.80772000000002,233.9035,242.59290000000001,247.74869999999999,255.67228999999998,62.17884226,73.7463832,63.20968035999999,74.97167565,63.26721541999999,75.20591139999999,45.0,8.0,raw_prb_pct_cpu_product,360.0,0.5,1.0,60.0,correct_parts_per_min,7.199999999999999,0.0003333333333333333,0.0003333333333333333,0.019999999999999997,-4.800000000000001,False,,,
run_491_20260701_144757_slice_ul45_dl50_edge_cpu8_bg30m_ul_best_n_320x180_speed1p5_raw,automated_experiments/results/run_491_20260701_144757_slice_ul45_dl50_edge_cpu8_bg30m_ul_best_n_320x180_speed1p5_raw,slice_ul45_dl50,45.0,50.0,edge_cpu8,8.0,1.0,320,180,320x180,1.5,best_n.pt,best_n.pt,raw,30.0,ul,oaitun_ue2,completed,False,50,0,50,50,6,0,44,6,0.12,0.0,0.88,0.12,factory_roundtrip_ms,239.49782,236.03199999999998,253.2929,255.49435,278.10954999999996,64.60415749999999,79.65174439999998,65.71650306000001,80.79286494999998,65.77868156,80.87946689999998,45.0,8.0,raw_prb_pct_cpu_product,360.0,0.75,1.0,90.0,correct_parts_per_min,10.799999999999999,0.0003333333333333333,0.0003333333333333333,0.029999999999999995,-1.200000000000001,False,,,
run_492_20260701_145401_slice_ul45_dl50_edge_cpu8_bg30m_ul_best_n_320x180_speed2p0_raw,automated_experiments/results/run_492_20260701_145401_slice_ul45_dl50_edge_cpu8_bg30m_ul_best_n_320x180_speed2p0_raw,slice_ul45_dl50,45.0,50.0,edge_cpu8,8.0,1.0,320,180,320x180,2.0,best_n.pt,best_n.pt,raw,30.0,ul,oaitun_ue2,completed,False,50,0,50,50,7,0,43,7,0.14,0.0,0.86,0.14,factory_roundtrip_ms,236.92886000000001,234.88600000000002,250.7176,255.18724999999998,259.26993999999996,62.393189099999994,79.09841525,63.47456768,80.51036279999998,63.5339208,80.5568957,45.0,8.0,raw_prb_pct_cpu_product,360.0,1.0,1.0,120.0,correct_parts_per_min,16.8,0.0003888888888888889,0.0003888888888888889,0.04666666666666667,4.800000000000001,False,,,
run_493_20260701_145950_slice_ul45_dl50_edge_cpu7_bg30m_ul_best_n_1280x720_speed0p5_raw,automated_experiments/results/run_493_20260701_145950_slice_ul45_dl50_edge_cpu7_bg30m_ul_best_n_1280x720_speed0p5_raw,slice_ul45_dl50,45.0,50.0,edge_cpu7,7.0,0.875,1280,720,1280x720,0.5,best_n.pt,best_n.pt,raw,30.0,ul,oaitun_ue2,completed,False,51,1,50,50,25,0,25,25,0.5,0.0,0.5,0.5,factory_roundtrip_ms,744.7635399999999,742.1800000000001,765.0288,772.7317499999999,799.4826499999999,61.14585548,70.1871003,72.35864316,86.24854385,73.25320434000001,89.14453015000001,45.0,7.0,raw_prb_pct_cpu_product,315.0,0.25,1.0,30.0,correct_parts_per_min,15.0,0.0015873015873015873,0.0015873015873015873,0.047619047619047616,4.5,False,,,
run_494_20260701_150935_slice_ul45_dl50_edge_cpu7_bg30m_ul_best_n_1280x720_speed1p0_raw,automated_experiments/results/run_494_20260701_150935_slice_ul45_dl50_edge_cpu7_bg30m_ul_best_n_1280x720_speed1p0_raw,slice_ul45_dl50,45.0,50.0,edge_cpu7,7.0,0.875,1280,720,1280x720,1.0,best_n.pt,best_n.pt,raw,30.0,ul,oaitun_ue2,completed,False,65,15,50,50,29,0,21,29,0.58,0.0,0.42,0.58,factory_roundtrip_ms,730.97572,728.7565,743.9842,747.3356,773.52372,57.8319268,64.8809509,66.28950712,74.74748465,66.67068964,75.13747485,45.0,7.0,raw_prb_pct_cpu_product,315.0,0.5,1.0,60.0,correct_parts_per_min,34.8,0.001841269841269841,0.001841269841269841,0.11047619047619046,24.299999999999997,False,,,
run_495_20260701_151756_slice_ul45_dl50_edge_cpu7_bg30m_ul_best_n_1280x720_speed1p5_raw,automated_experiments/results/run_495_20260701_151756_slice_ul45_dl50_edge_cpu7_bg30m_ul_best_n_1280x720_speed1p5_raw,slice_ul45_dl50,45.0,50.0,edge_cpu7,7.0,0.875,1280,720,1280x720,1.5,best_n.pt,best_n.pt,raw,30.0,ul,oaitun_ue2,completed,False,55,5,50,50,0,50,0,0,0.0,1.0,0.0,0.0,factory_roundtrip_ms,733.5345000000001,729.5764999999999,742.6902,746.8132499999999,787.26353,58.976809679999995,69.32152374999998,67.5532499,78.32166715,67.98390002000001,79.78778544999999,45.0,7.0,raw_prb_pct_cpu_product,315.0,0.75,1.0,90.0,correct_parts_per_min,0.0,0.0,0.0,0.0,-10.5,False,,,
run_496_20260701_152433_slice_ul45_dl50_edge_cpu7_bg30m_ul_best_n_1280x720_speed2p0_raw,automated_experiments/results/run_496_20260701_152433_slice_ul45_dl50_edge_cpu7_bg30m_ul_best_n_1280x720_speed2p0_raw,slice_ul45_dl50,45.0,50.0,edge_cpu7,7.0,0.875,1280,720,1280x720,2.0,best_n.pt,best_n.pt,raw,30.0,ul,oaitun_ue2,completed,False,50,0,50,50,0,50,0,0,0.0,1.0,0.0,0.0,factory_roundtrip_ms,737.63136,731.4025,757.074,773.1113499999999,819.4877799999999,61.164239120000005,68.4620489,72.88044529999999,85.81095909999999,73.79495972000001,87.63678145,45.0,7.0,raw_prb_pct_cpu_product,315.0,1.0,1.0,120.0,correct_parts_per_min,0.0,0.0,0.0,0.0,-10.5,False,,,
run_497_20260701_153021_slice_ul45_dl50_edge_cpu7_bg30m_ul_best_n_640x360_speed0p5_raw,automated_experiments/results/run_497_20260701_153021_slice_ul45_dl50_edge_cpu7_bg30m_ul_best_n_640x360_speed0p5_raw,slice_ul45_dl50,45.0,50.0,edge_cpu7,7.0,0.875,640,360,640x360,0.5,best_n.pt,best_n.pt,raw,30.0,ul,oaitun_ue2,completed,False,50,0,50,50,12,0,38,12,0.24,0.0,0.76,0.24,factory_roundtrip_ms,415.20810000000006,413.90250000000003,431.97610000000003,435.9421,448.51081,65.19318279999999,83.10260469999999,67.93385564,85.49032509999999,68.0686815,85.57274374999999,45.0,7.0,raw_prb_pct_cpu_product,315.0,0.25,1.0,30.0,correct_parts_per_min,7.199999999999999,0.0007619047619047619,0.0007619047619047619,0.022857142857142854,-3.3000000000000007,False,,,
run_498_20260701_153958_slice_ul45_dl50_edge_cpu7_bg30m_ul_best_n_640x360_speed1p0_raw,automated_experiments/results/run_498_20260701_153958_slice_ul45_dl50_edge_cpu7_bg30m_ul_best_n_640x360_speed1p0_raw,slice_ul45_dl50,45.0,50.0,edge_cpu7,7.0,0.875,640,360,640x360,1.0,best_n.pt,best_n.pt,raw,30.0,ul,oaitun_ue2,completed,False,56,6,50,50,12,0,38,12,0.24,0.0,0.76,0.24,factory_roundtrip_ms,413.73722000000004,413.59000000000003,425.5818,428.2525,449.74237999999997,63.715161140000006,75.4993902,66.13286494,78.69945715,66.23605580000002,78.77029825,45.0,7.0,raw_prb_pct_cpu_product,315.0,0.5,1.0,60.0,correct_parts_per_min,14.399999999999999,0.0007619047619047619,0.0007619047619047619,0.04571428571428571,3.8999999999999986,False,,,
run_499_20260701_154750_slice_ul45_dl50_edge_cpu7_bg30m_ul_best_n_640x360_speed1p5_raw,automated_experiments/results/run_499_20260701_154750_slice_ul45_dl50_edge_cpu7_bg30m_ul_best_n_640x360_speed1p5_raw,slice_ul45_dl50,45.0,50.0,edge_cpu7,7.0,0.875,640,360,640x360,1.5,best_n.pt,best_n.pt,raw,30.0,ul,oaitun_ue2,completed,False,50,0,50,50,12,0,38,12,0.24,0.0,0.76,0.24,factory_roundtrip_ms,423.30496,413.83799999999997,453.64020000000005,485.86645,511.99474,63.88336098,74.54643184999999,66.37297788,77.03014259999999,66.47688652,77.17082849999998,45.0,7.0,raw_prb_pct_cpu_product,315.0,0.75,1.0,90.0,correct_parts_per_min,21.599999999999998,0.0007619047619047619,0.0007619047619047619,0.06857142857142856,11.099999999999998,False,,,
run_500_20260701_155415_slice_ul45_dl50_edge_cpu7_bg30m_ul_best_n_640x360_speed2p0_raw,automated_experiments/results/run_500_20260701_155415_slice_ul45_dl50_edge_cpu7_bg30m_ul_best_n_640x360_speed2p0_raw,slice_ul45_dl50,45.0,50.0,edge_cpu7,7.0,0.875,640,360,640x360,2.0,best_n.pt,best_n.pt,raw,30.0,ul,oaitun_ue2,completed,False,50,0,50,50,14,1,35,14,0.28,0.02,0.7,0.28,factory_roundtrip_ms,422.07818,416.522,441.0631,444.171,492.37670999999995,68.55804442,82.12918914999999,71.21187103999999,85.02069859999999,71.33317612,85.0694142,45.0,7.0,raw_prb_pct_cpu_product,315.0,1.0,1.0,120.0,correct_parts_per_min,33.6,0.0008888888888888889,0.0008888888888888889,0.10666666666666667,23.1,False,,,
run_501_20260701_160018_slice_ul45_dl50_edge_cpu7_bg30m_ul_best_n_320x180_speed0p5_raw,automated_experiments/results/run_501_20260701_160018_slice_ul45_dl50_edge_cpu7_bg30m_ul_best_n_320x180_speed0p5_raw,slice_ul45_dl50,45.0,50.0,edge_cpu7,7.0,0.875,320,180,320x180,0.5,best_n.pt,best_n.pt,raw,30.0,ul,oaitun_ue2,completed,False,50,0,50,50,6,0,44,6,0.12,0.0,0.88,0.12,factory_roundtrip_ms,244.60894,239.95,256.44919999999996,271.67639999999994,340.36218999999994,67.34891812000001,79.4887876,68.4963462,80.79254214999999,68.5492159,80.84345109999998,45.0,7.0,raw_prb_pct_cpu_product,315.0,0.25,1.0,30.0,correct_parts_per_min,3.5999999999999996,0.00038095238095238096,0.00038095238095238096,0.011428571428571427,-6.9,False,,,
run_502_20260701_161015_slice_ul45_dl50_edge_cpu7_bg30m_ul_best_n_320x180_speed1p0_raw,automated_experiments/results/run_502_20260701_161015_slice_ul45_dl50_edge_cpu7_bg30m_ul_best_n_320x180_speed1p0_raw,slice_ul45_dl50,45.0,50.0,edge_cpu7,7.0,0.875,320,180,320x180,1.0,best_n.pt,best_n.pt,raw,30.0,ul,oaitun_ue2,completed,False,50,0,50,50,6,0,44,6,0.12,0.0,0.88,0.12,factory_roundtrip_ms,238.46957999999998,239.119,244.8663,247.26145,257.39901,63.966207600000004,74.3901912,64.97124412,75.52881195,65.03438778,75.74934185,45.0,7.0,raw_prb_pct_cpu_product,315.0,0.5,1.0,60.0,correct_parts_per_min,7.199999999999999,0.00038095238095238096,0.00038095238095238096,0.022857142857142854,-3.3000000000000007,False,,,
run_503_20260701_161716_slice_ul45_dl50_edge_cpu7_bg30m_ul_best_n_320x180_speed1p5_raw,automated_experiments/results/run_503_20260701_161716_slice_ul45_dl50_edge_cpu7_bg30m_ul_best_n_320x180_speed1p5_raw,slice_ul45_dl50,45.0,50.0,edge_cpu7,7.0,0.875,320,180,320x180,1.5,best_n.pt,best_n.pt,raw,30.0,ul,oaitun_ue2,completed,False,50,0,50,50,6,0,44,6,0.12,0.0,0.88,0.12,factory_roundtrip_ms,241.4359,237.209,254.2324,258.13705,304.69892999999985,64.09928777999998,75.95141914999999,65.21549596,77.16176899999999,65.28306687999999,77.21306005,45.0,7.0,raw_prb_pct_cpu_product,315.0,0.75,1.0,90.0,correct_parts_per_min,10.799999999999999,0.00038095238095238096,0.00038095238095238096,0.03428571428571428,0.29999999999999893,False,,,
run_504_20260701_162333_slice_ul45_dl50_edge_cpu7_bg30m_ul_best_n_320x180_speed2p0_raw,automated_experiments/results/run_504_20260701_162333_slice_ul45_dl50_edge_cpu7_bg30m_ul_best_n_320x180_speed2p0_raw,slice_ul45_dl50,45.0,50.0,edge_cpu7,7.0,0.875,320,180,320x180,2.0,best_n.pt,best_n.pt,raw,30.0,ul,oaitun_ue2,completed,False,50,0,50,50,7,0,43,7,0.14,0.0,0.86,0.14,factory_roundtrip_ms,241.35974,235.699,251.9211,257.29765,378.9659599999999,61.55072786000001,80.40249904999999,62.6913989,82.01436254999999,62.7573082,82.1038706,45.0,7.0,raw_prb_pct_cpu_product,315.0,1.0,1.0,120.0,correct_parts_per_min,16.8,0.00044444444444444447,0.00044444444444444447,0.05333333333333334,6.300000000000001,False,,,
run_505_20260701_162936_slice_ul45_dl50_edge_cpu6_bg30m_ul_best_n_1280x720_speed0p5_raw,automated_experiments/results/run_505_20260701_162936_slice_ul45_dl50_edge_cpu6_bg30m_ul_best_n_1280x720_speed0p5_raw,slice_ul45_dl50,45.0,50.0,edge_cpu6,6.0,0.75,1280,720,1280x720,0.5,best_n.pt,best_n.pt,raw,30.0,ul,oaitun_ue2,completed,False,52,2,50,50,28,0,22,28,0.56,0.0,0.44,0.56,factory_roundtrip_ms,746.84456,742.1215,765.8364,791.9983,817.15798,60.498899820000005,68.88139135,73.00013935999999,99.09528009999997,74.08428206,104.04958059999996,45.0,6.0,raw_prb_pct_cpu_product,270.0,0.25,1.0,30.0,correct_parts_per_min,16.8,0.002074074074074074,0.002074074074074074,0.06222222222222223,7.800000000000001,False,,,
run_506_20260701_163950_slice_ul45_dl50_edge_cpu6_bg30m_ul_best_n_1280x720_speed1p0_raw,automated_experiments/results/run_506_20260701_163950_slice_ul45_dl50_edge_cpu6_bg30m_ul_best_n_1280x720_speed1p0_raw,slice_ul45_dl50,45.0,50.0,edge_cpu6,6.0,0.75,1280,720,1280x720,1.0,best_n.pt,best_n.pt,raw,30.0,ul,oaitun_ue2,completed,False,76,26,50,50,31,0,19,31,0.62,0.0,0.38,0.62,factory_roundtrip_ms,733.21906,728.9159999999999,740.937,741.65005,842.1032199999997,58.30206270000001,65.2513815,66.62502832,76.09290979999999,67.02001824,76.49640609999999,45.0,6.0,raw_prb_pct_cpu_product,270.0,0.5,1.0,60.0,correct_parts_per_min,37.2,0.0022962962962962963,0.0022962962962962963,0.13777777777777778,28.200000000000003,False,,,
run_507_20260701_164937_slice_ul45_dl50_edge_cpu6_bg30m_ul_best_n_1280x720_speed1p5_raw,automated_experiments/results/run_507_20260701_164937_slice_ul45_dl50_edge_cpu6_bg30m_ul_best_n_1280x720_speed1p5_raw,slice_ul45_dl50,45.0,50.0,edge_cpu6,6.0,0.75,1280,720,1280x720,1.5,best_n.pt,best_n.pt,raw,30.0,ul,oaitun_ue2,completed,False,61,11,50,50,0,50,0,0,0.0,1.0,0.0,0.0,factory_roundtrip_ms,745.0311799999998,733.3199999999999,760.0746,846.0756999999999,924.3803899999998,57.95795023999999,64.7616559,67.58729248000002,78.03802664999999,68.21761486,79.817439,45.0,6.0,raw_prb_pct_cpu_product,270.0,0.75,1.0,90.0,correct_parts_per_min,0.0,0.0,0.0,0.0,-9.0,False,,,
run_508_20260701_165657_slice_ul45_dl50_edge_cpu6_bg30m_ul_best_n_1280x720_speed2p0_raw,automated_experiments/results/run_508_20260701_165657_slice_ul45_dl50_edge_cpu6_bg30m_ul_best_n_1280x720_speed2p0_raw,slice_ul45_dl50,45.0,50.0,edge_cpu6,6.0,0.75,1280,720,1280x720,2.0,best_n.pt,best_n.pt,raw,30.0,ul,oaitun_ue2,completed,False,53,3,50,50,0,50,0,0,0.0,1.0,0.0,0.0,factory_roundtrip_ms,741.8503999999999,734.932,752.431,763.3437,895.1736599999998,60.85371672,69.00828059999999,70.52020018,88.61646324999997,71.25293297999998,89.05320244999997,45.0,6.0,raw_prb_pct_cpu_product,270.0,1.0,1.0,120.0,correct_parts_per_min,0.0,0.0,0.0,0.0,-9.0,False,,,
run_509_20260701_170311_slice_ul45_dl50_edge_cpu6_bg30m_ul_best_n_640x360_speed0p5_raw,automated_experiments/results/run_509_20260701_170311_slice_ul45_dl50_edge_cpu6_bg30m_ul_best_n_640x360_speed0p5_raw,slice_ul45_dl50,45.0,50.0,edge_cpu6,6.0,0.75,640,360,640x360,0.5,best_n.pt,best_n.pt,raw,30.0,ul,oaitun_ue2,completed,False,50,0,50,50,14,0,36,14,0.28,0.0,0.72,0.28,factory_roundtrip_ms,419.6815800000001,416.298,428.67150000000004,439.3544,510.90792999999974,67.27381684,79.74200689999999,70.108894,82.28116854999999,70.21910768,82.44013139999998,45.0,6.0,raw_prb_pct_cpu_product,270.0,0.25,1.0,30.0,correct_parts_per_min,8.4,0.001037037037037037,0.001037037037037037,0.031111111111111114,-0.5999999999999996,False,,,
run_510_20260701_171300_slice_ul45_dl50_edge_cpu6_bg30m_ul_best_n_640x360_speed1p0_raw,automated_experiments/results/run_510_20260701_171300_slice_ul45_dl50_edge_cpu6_bg30m_ul_best_n_640x360_speed1p0_raw,slice_ul45_dl50,45.0,50.0,edge_cpu6,6.0,0.75,640,360,640x360,1.0,best_n.pt,best_n.pt,raw,30.0,ul,oaitun_ue2,completed,False,58,8,50,50,12,0,38,12,0.24,0.0,0.76,0.24,factory_roundtrip_ms,417.38016000000005,411.56500000000005,424.4875,429.59484999999995,554.8207599999996,64.51200266,75.21549920000001,67.01603519999999,79.3118069,67.10954843999998,79.3550427,45.0,6.0,raw_prb_pct_cpu_product,270.0,0.5,1.0,60.0,correct_parts_per_min,14.399999999999999,0.0008888888888888888,0.0008888888888888888,0.05333333333333333,5.399999999999999,False,,,
run_511_20260701_172057_slice_ul45_dl50_edge_cpu6_bg30m_ul_best_n_640x360_speed1p5_raw,automated_experiments/results/run_511_20260701_172057_slice_ul45_dl50_edge_cpu6_bg30m_ul_best_n_640x360_speed1p5_raw,slice_ul45_dl50,45.0,50.0,edge_cpu6,6.0,0.75,640,360,640x360,1.5,best_n.pt,best_n.pt,raw,30.0,ul,oaitun_ue2,completed,False,51,1,50,50,12,1,37,12,0.24,0.02,0.74,0.24,factory_roundtrip_ms,423.0897,414.275,432.618,445.62194999999997,625.6527199999997,64.59778772,81.34941115,67.13357888,84.03894309999998,67.24827592000001,84.17614054999999,45.0,6.0,raw_prb_pct_cpu_product,270.0,0.75,1.0,90.0,correct_parts_per_min,21.599999999999998,0.0008888888888888888,0.0008888888888888888,0.07999999999999999,12.599999999999998,False,,,
run_512_20260701_172726_slice_ul45_dl50_edge_cpu6_bg30m_ul_best_n_640x360_speed2p0_raw,automated_experiments/results/run_512_20260701_172726_slice_ul45_dl50_edge_cpu6_bg30m_ul_best_n_640x360_speed2p0_raw,slice_ul45_dl50,45.0,50.0,edge_cpu6,6.0,0.75,640,360,640x360,2.0,best_n.pt,best_n.pt,raw,30.0,ul,oaitun_ue2,completed,False,50,0,50,50,13,2,35,13,0.26,0.04,0.7,0.26,factory_roundtrip_ms,426.97128,419.44050000000004,431.696,439.47934999999995,613.0559499999997,69.64965011999999,78.07969080000001,72.11857076,80.84015235,72.20473266,80.95562774999999,45.0,6.0,raw_prb_pct_cpu_product,270.0,1.0,1.0,120.0,correct_parts_per_min,31.200000000000003,0.000962962962962963,0.000962962962962963,0.11555555555555556,22.200000000000003,False,,,
run_513_20260701_173336_slice_ul45_dl50_edge_cpu6_bg30m_ul_best_n_320x180_speed0p5_raw,automated_experiments/results/run_513_20260701_173336_slice_ul45_dl50_edge_cpu6_bg30m_ul_best_n_320x180_speed0p5_raw,slice_ul45_dl50,45.0,50.0,edge_cpu6,6.0,0.75,320,180,320x180,0.5,best_n.pt,best_n.pt,raw,30.0,ul,oaitun_ue2,completed,False,50,0,50,50,6,0,44,6,0.12,0.0,0.88,0.12,factory_roundtrip_ms,242.86179999999996,240.377,258.28650000000005,262.90125,291.60751,65.58123130000001,77.33995809999999,66.69671378,79.1758488,66.75800428000001,79.22697605,45.0,6.0,raw_prb_pct_cpu_product,270.0,0.25,1.0,30.0,correct_parts_per_min,3.5999999999999996,0.0004444444444444444,0.0004444444444444444,0.013333333333333332,-5.4,False,,,
run_514_20260701_174347_slice_ul45_dl50_edge_cpu6_bg30m_ul_best_n_320x180_speed1p0_raw,automated_experiments/results/run_514_20260701_174347_slice_ul45_dl50_edge_cpu6_bg30m_ul_best_n_320x180_speed1p0_raw,slice_ul45_dl50,45.0,50.0,edge_cpu6,6.0,0.75,320,180,320x180,1.0,best_n.pt,best_n.pt,raw,30.0,ul,oaitun_ue2,completed,False,50,0,50,50,6,0,44,6,0.12,0.0,0.88,0.12,factory_roundtrip_ms,253.05134,236.6505,277.7835,355.8146999999999,511.5599399999997,62.44621066,75.26096035,63.56337542,76.8218146,63.63127090000001,76.95156655,45.0,6.0,raw_prb_pct_cpu_product,270.0,0.5,1.0,60.0,correct_parts_per_min,7.199999999999999,0.0004444444444444444,0.0004444444444444444,0.026666666666666665,-1.8000000000000007,False,,,
run_515_20260701_175100_slice_ul45_dl50_edge_cpu6_bg30m_ul_best_n_320x180_speed1p5_raw,automated_experiments/results/run_515_20260701_175100_slice_ul45_dl50_edge_cpu6_bg30m_ul_best_n_320x180_speed1p5_raw,slice_ul45_dl50,45.0,50.0,edge_cpu6,6.0,0.75,320,180,320x180,1.5,best_n.pt,best_n.pt,raw,30.0,ul,oaitun_ue2,completed,False,50,0,50,50,6,0,44,6,0.12,0.0,0.88,0.12,factory_roundtrip_ms,236.20196000000004,235.5775,247.3802,248.8708,249.88872,63.076268559999995,76.00641939999998,64.13076366,77.20870124999999,64.18839124,77.24828919999999,45.0,6.0,raw_prb_pct_cpu_product,270.0,0.75,1.0,90.0,correct_parts_per_min,10.799999999999999,0.0004444444444444444,0.0004444444444444444,0.039999999999999994,1.799999999999999,False,,,
run_516_20260701_175721_slice_ul45_dl50_edge_cpu6_bg30m_ul_best_n_320x180_speed2p0_raw,automated_experiments/results/run_516_20260701_175721_slice_ul45_dl50_edge_cpu6_bg30m_ul_best_n_320x180_speed2p0_raw,slice_ul45_dl50,45.0,50.0,edge_cpu6,6.0,0.75,320,180,320x180,2.0,best_n.pt,best_n.pt,raw,30.0,ul,oaitun_ue2,completed,False,50,0,50,50,6,2,42,6,0.12,0.04,0.84,0.12,factory_roundtrip_ms,252.89703999999995,237.437,256.5446,293.65045,574.51326,63.865310260000015,74.7376396,64.92295270000001,75.75699664999999,64.97945768000001,75.79583999999998,45.0,6.0,raw_prb_pct_cpu_product,270.0,1.0,1.0,120.0,correct_parts_per_min,14.399999999999999,0.0004444444444444444,0.0004444444444444444,0.05333333333333333,5.399999999999999,False,,,
run_517_20260701_180328_slice_ul45_dl50_edge_cpu5_bg30m_ul_best_n_1280x720_speed0p5_raw,automated_experiments/results/run_517_20260701_180328_slice_ul45_dl50_edge_cpu5_bg30m_ul_best_n_1280x720_speed0p5_raw,slice_ul45_dl50,45.0,50.0,edge_cpu5,5.0,0.625,1280,720,1280x720,0.5,best_n.pt,best_n.pt,raw,30.0,ul,oaitun_ue2,completed,False,50,0,50,50,25,0,25,25,0.5,0.0,0.5,0.5,factory_roundtrip_ms,772.515,753.2535,806.6811,860.29175,1117.36301,64.27616832000001,76.47665999999998,76.06700513999999,94.06221934999999,77.08678258,97.11511784999999,45.0,5.0,raw_prb_pct_cpu_product,225.0,0.25,1.0,30.0,correct_parts_per_min,15.0,0.0022222222222222222,0.0022222222222222222,0.06666666666666667,7.5,False,,,
run_518_20260701_181344_slice_ul45_dl50_edge_cpu5_bg30m_ul_best_n_1280x720_speed1p0_raw,automated_experiments/results/run_518_20260701_181344_slice_ul45_dl50_edge_cpu5_bg30m_ul_best_n_1280x720_speed1p0_raw,slice_ul45_dl50,45.0,50.0,edge_cpu5,5.0,0.625,1280,720,1280x720,1.0,best_n.pt,best_n.pt,raw,30.0,ul,oaitun_ue2,completed,False,67,17,50,50,31,3,16,31,0.62,0.06,0.32,0.62,factory_roundtrip_ms,754.7006200000001,732.4375,745.7587,909.1711999999992,1141.95712,58.20549145999999,65.07768279999999,66.52366992000002,72.546026,66.87611706000001,72.8379687,45.0,5.0,raw_prb_pct_cpu_product,225.0,0.5,1.0,60.0,correct_parts_per_min,37.2,0.0027555555555555554,0.0027555555555555554,0.16533333333333333,29.700000000000003,False,,,
run_519_20260701_182247_slice_ul45_dl50_edge_cpu5_bg30m_ul_best_n_1280x720_speed1p5_raw,automated_experiments/results/run_519_20260701_182247_slice_ul45_dl50_edge_cpu5_bg30m_ul_best_n_1280x720_speed1p5_raw,slice_ul45_dl50,45.0,50.0,edge_cpu5,5.0,0.625,1280,720,1280x720,1.5,best_n.pt,best_n.pt,raw,30.0,ul,oaitun_ue2,completed,False,54,4,50,50,0,50,0,0,0.0,1.0,0.0,0.0,factory_roundtrip_ms,749.7778,733.764,747.2119,763.9518499999999,1124.4252499999998,56.82588952000001,65.0556422,65.3512354,78.02983609999998,65.87502672,78.39677314999999,45.0,5.0,raw_prb_pct_cpu_product,225.0,0.75,1.0,90.0,correct_parts_per_min,0.0,0.0,0.0,0.0,-7.5,False,,,
run_520_20260701_182939_slice_ul45_dl50_edge_cpu5_bg30m_ul_best_n_1280x720_speed2p0_raw,automated_experiments/results/run_520_20260701_182939_slice_ul45_dl50_edge_cpu5_bg30m_ul_best_n_1280x720_speed2p0_raw,slice_ul45_dl50,45.0,50.0,edge_cpu5,5.0,0.625,1280,720,1280x720,2.0,best_n.pt,best_n.pt,raw,30.0,ul,oaitun_ue2,completed,False,50,0,50,50,0,50,0,0,0.0,1.0,0.0,0.0,factory_roundtrip_ms,758.18336,735.816,767.0247,870.4679999999995,1105.7556999999997,60.27870725999999,68.28968964999999,71.3359985,91.11410384999999,72.27756596,94.15676119999999,45.0,5.0,raw_prb_pct_cpu_product,225.0,1.0,1.0,120.0,correct_parts_per_min,0.0,0.0,0.0,0.0,-7.5,False,,,
run_521_20260701_183550_slice_ul45_dl50_edge_cpu5_bg30m_ul_best_n_640x360_speed0p5_raw,automated_experiments/results/run_521_20260701_183550_slice_ul45_dl50_edge_cpu5_bg30m_ul_best_n_640x360_speed0p5_raw,slice_ul45_dl50,45.0,50.0,edge_cpu5,5.0,0.625,640,360,640x360,0.5,best_n.pt,best_n.pt,raw,30.0,ul,oaitun_ue2,completed,False,51,1,50,50,13,0,37,13,0.26,0.0,0.74,0.26,factory_roundtrip_ms,455.55763999999994,414.0535,520.6133,664.7266499999996,1104.168249999999,65.478173,78.85496435,68.31565669999999,81.7994103,68.45978428000001,82.48459155,45.0,5.0,raw_prb_pct_cpu_product,225.0,0.25,1.0,30.0,correct_parts_per_min,7.800000000000001,0.0011555555555555555,0.0011555555555555555,0.03466666666666667,0.3000000000000007,False,,,
run_522_20260701_184559_slice_ul45_dl50_edge_cpu5_bg30m_ul_best_n_640x360_speed1p0_raw,automated_experiments/results/run_522_20260701_184559_slice_ul45_dl50_edge_cpu5_bg30m_ul_best_n_640x360_speed1p0_raw,slice_ul45_dl50,45.0,50.0,edge_cpu5,5.0,0.625,640,360,640x360,1.0,best_n.pt,best_n.pt,raw,30.0,ul,oaitun_ue2,completed,False,60,10,50,50,13,0,37,13,0.26,0.0,0.74,0.26,factory_roundtrip_ms,431.8932,409.07500000000005,432.7686,482.8162499999998,897.6875799999999,63.826590859999996,78.53092589999999,66.13435118,81.28803665,66.22601714,81.41988064999998,45.0,5.0,raw_prb_pct_cpu_product,225.0,0.5,1.0,60.0,correct_parts_per_min,15.600000000000001,0.0011555555555555555,0.0011555555555555555,0.06933333333333334,8.100000000000001,False,,,
run_523_20260701_185421_slice_ul45_dl50_edge_cpu5_bg30m_ul_best_n_640x360_speed1p5_raw,automated_experiments/results/run_523_20260701_185421_slice_ul45_dl50_edge_cpu5_bg30m_ul_best_n_640x360_speed1p5_raw,slice_ul45_dl50,45.0,50.0,edge_cpu5,5.0,0.625,640,360,640x360,1.5,best_n.pt,best_n.pt,raw,30.0,ul,oaitun_ue2,completed,False,50,0,50,50,13,3,34,13,0.26,0.06,0.68,0.26,factory_roundtrip_ms,431.3692800000001,411.44,426.95520000000005,634.6004999999999,677.82827,63.3876221,75.79848679999999,65.85546303999999,78.37151035,65.95591428,78.51818679999998,45.0,5.0,raw_prb_pct_cpu_product,225.0,0.75,1.0,90.0,correct_parts_per_min,23.400000000000002,0.0011555555555555555,0.0011555555555555555,0.10400000000000001,15.900000000000002,False,,,
run_524_20260701_190051_slice_ul45_dl50_edge_cpu5_bg30m_ul_best_n_640x360_speed2p0_raw,automated_experiments/results/run_524_20260701_190051_slice_ul45_dl50_edge_cpu5_bg30m_ul_best_n_640x360_speed2p0_raw,slice_ul45_dl50,45.0,50.0,edge_cpu5,5.0,0.625,640,360,640x360,2.0,best_n.pt,best_n.pt,raw,30.0,ul,oaitun_ue2,completed,False,50,0,50,50,11,6,33,11,0.22,0.12,0.66,0.22,factory_roundtrip_ms,457.52700000000004,409.712,648.7358000000002,830.8482499999998,906.0815699999998,63.783075679999996,77.18021889999999,66.09616064000001,79.81961689999999,66.18009905999999,80.07124584999998,45.0,5.0,raw_prb_pct_cpu_product,225.0,1.0,1.0,120.0,correct_parts_per_min,26.4,0.0009777777777777777,0.0009777777777777777,0.11733333333333333,18.9,False,,,
run_525_20260701_190701_slice_ul45_dl50_edge_cpu5_bg30m_ul_best_n_320x180_speed0p5_raw,automated_experiments/results/run_525_20260701_190701_slice_ul45_dl50_edge_cpu5_bg30m_ul_best_n_320x180_speed0p5_raw,slice_ul45_dl50,45.0,50.0,edge_cpu5,5.0,0.625,320,180,320x180,0.5,best_n.pt,best_n.pt,raw,30.0,ul,oaitun_ue2,completed,False,50,0,50,50,6,0,44,6,0.12,0.0,0.88,0.12,factory_roundtrip_ms,254.99018,236.947,254.2364,307.85964999999993,629.2279999999995,64.4764138,81.75687129999999,65.62048044,83.41752029999999,65.67576966,83.46091345,45.0,5.0,raw_prb_pct_cpu_product,225.0,0.25,1.0,30.0,correct_parts_per_min,3.5999999999999996,0.0005333333333333334,0.0005333333333333334,0.015999999999999997,-3.9000000000000004,False,,,
run_526_20260701_191703_slice_ul45_dl50_edge_cpu5_bg30m_ul_best_n_320x180_speed1p0_raw,automated_experiments/results/run_526_20260701_191703_slice_ul45_dl50_edge_cpu5_bg30m_ul_best_n_320x180_speed1p0_raw,slice_ul45_dl50,45.0,50.0,edge_cpu5,5.0,0.625,320,180,320x180,1.0,best_n.pt,best_n.pt,raw,30.0,ul,oaitun_ue2,completed,False,50,0,50,50,6,0,44,6,0.12,0.0,0.88,0.12,factory_roundtrip_ms,246.22199999999992,237.1935,247.6478,251.9806,499.2846799999996,61.69440219999999,72.78772535,62.81461392,73.8634198,62.87276095999999,73.9004205,45.0,5.0,raw_prb_pct_cpu_product,225.0,0.5,1.0,60.0,correct_parts_per_min,7.199999999999999,0.0005333333333333334,0.0005333333333333334,0.031999999999999994,-0.3000000000000007,False,,,
run_527_20260701_192420_slice_ul45_dl50_edge_cpu5_bg30m_ul_best_n_320x180_speed1p5_raw,automated_experiments/results/run_527_20260701_192420_slice_ul45_dl50_edge_cpu5_bg30m_ul_best_n_320x180_speed1p5_raw,slice_ul45_dl50,45.0,50.0,edge_cpu5,5.0,0.625,320,180,320x180,1.5,best_n.pt,best_n.pt,raw,30.0,ul,oaitun_ue2,completed,False,50,0,50,50,7,0,43,7,0.14,0.0,0.86,0.14,factory_roundtrip_ms,256.42825999999997,238.20850000000002,262.8695,352.8185,606.20247,64.93285426,80.63127929999999,66.0910953,81.74883229999999,66.15446104,81.79188789999999,45.0,5.0,raw_prb_pct_cpu_product,225.0,0.75,1.0,90.0,correct_parts_per_min,12.600000000000001,0.0006222222222222223,0.0006222222222222223,0.05600000000000001,5.100000000000001,False,,,
run_528_20260701_193050_slice_ul45_dl50_edge_cpu5_bg30m_ul_best_n_320x180_speed2p0_raw,automated_experiments/results/run_528_20260701_193050_slice_ul45_dl50_edge_cpu5_bg30m_ul_best_n_320x180_speed2p0_raw,slice_ul45_dl50,45.0,50.0,edge_cpu5,5.0,0.625,320,180,320x180,2.0,best_n.pt,best_n.pt,raw,30.0,ul,oaitun_ue2,completed,False,50,0,50,50,6,4,40,6,0.12,0.08,0.8,0.12,factory_roundtrip_ms,280.37546,236.5745,295.52790000000005,698.7530999999992,833.67836,62.77557862,75.21592004999998,63.91884134000001,76.59399289999999,63.994739679999995,76.63038085,45.0,5.0,raw_prb_pct_cpu_product,225.0,1.0,1.0,120.0,correct_parts_per_min,14.399999999999999,0.0005333333333333334,0.0005333333333333334,0.06399999999999999,6.899999999999999,False,,,
run_529_20260701_193703_slice_ul45_dl50_edge_cpu4_bg30m_ul_best_n_1280x720_speed0p5_raw,automated_experiments/results/run_529_20260701_193703_slice_ul45_dl50_edge_cpu4_bg30m_ul_best_n_1280x720_speed0p5_raw,slice_ul45_dl50,45.0,50.0,edge_cpu4,4.0,0.5,1280,720,1280x720,0.5,best_n.pt,best_n.pt,raw,30.0,ul,oaitun_ue2,completed,False,52,2,50,50,27,0,23,27,0.54,0.0,0.46,0.54,factory_roundtrip_ms,795.5690000000001,746.387,816.7189999999999,1019.2944999999993,1524.3012799999995,67.77235924,101.3322821,81.07452046,116.74198824999999,82.02936716,118.61236129999999,45.0,4.0,raw_prb_pct_cpu_product,180.0,0.25,1.0,30.0,correct_parts_per_min,16.200000000000003,0.003,0.003,0.09000000000000001,10.200000000000003,False,,,
run_530_20260701_194731_slice_ul45_dl50_edge_cpu4_bg30m_ul_best_n_1280x720_speed1p0_raw,automated_experiments/results/run_530_20260701_194731_slice_ul45_dl50_edge_cpu4_bg30m_ul_best_n_1280x720_speed1p0_raw,slice_ul45_dl50,45.0,50.0,edge_cpu4,4.0,0.5,1280,720,1280x720,1.0,best_n.pt,best_n.pt,raw,30.0,ul,oaitun_ue2,completed,False,80,30,50,50,30,2,18,30,0.6,0.04,0.36,0.6,factory_roundtrip_ms,762.4563400000001,733.519,770.8891,829.1892499999998,1332.1072599999998,63.41082632,96.9686755,71.44481377999999,105.12376095,71.86826568000001,105.8196368,45.0,4.0,raw_prb_pct_cpu_product,180.0,0.5,1.0,60.0,correct_parts_per_min,36.0,0.003333333333333333,0.003333333333333333,0.2,30.0,False,,,
run_531_20260701_195808_slice_ul45_dl50_edge_cpu4_bg30m_ul_best_n_1280x720_speed1p5_raw,automated_experiments/results/run_531_20260701_195808_slice_ul45_dl50_edge_cpu4_bg30m_ul_best_n_1280x720_speed1p5_raw,slice_ul45_dl50,45.0,50.0,edge_cpu4,4.0,0.5,1280,720,1280x720,1.5,best_n.pt,best_n.pt,raw,30.0,ul,oaitun_ue2,completed,False,53,3,50,50,0,50,0,0,0.0,1.0,0.0,0.0,factory_roundtrip_ms,812.30532,738.823,1044.1059000000002,1346.6023499999992,1470.35179,71.71571114,106.6465676,81.12356488,116.95660854999998,81.50887078,117.2917794,45.0,4.0,raw_prb_pct_cpu_product,180.0,0.75,1.0,90.0,correct_parts_per_min,0.0,0.0,0.0,0.0,-6.0,False,,,
run_532_20260701_200501_slice_ul45_dl50_edge_cpu4_bg30m_ul_best_n_1280x720_speed2p0_raw,automated_experiments/results/run_532_20260701_200501_slice_ul45_dl50_edge_cpu4_bg30m_ul_best_n_1280x720_speed2p0_raw,slice_ul45_dl50,45.0,50.0,edge_cpu4,4.0,0.5,1280,720,1280x720,2.0,best_n.pt,best_n.pt,raw,30.0,ul,oaitun_ue2,completed,False,51,1,50,50,0,50,0,0,0.0,1.0,0.0,0.0,factory_roundtrip_ms,799.6384799999998,739.9939999999999,924.7706000000002,1169.9323999999997,1417.0953299999999,67.32655554,94.23813584999999,77.73506216,107.24453014999997,78.516771,108.22150115,45.0,4.0,raw_prb_pct_cpu_product,180.0,1.0,1.0,120.0,correct_parts_per_min,0.0,0.0,0.0,0.0,-6.0,False,,,
run_533_20260701_201127_slice_ul45_dl50_edge_cpu4_bg30m_ul_best_n_640x360_speed0p5_raw,automated_experiments/results/run_533_20260701_201127_slice_ul45_dl50_edge_cpu4_bg30m_ul_best_n_640x360_speed0p5_raw,slice_ul45_dl50,45.0,50.0,edge_cpu4,4.0,0.5,640,360,640x360,0.5,best_n.pt,best_n.pt,raw,30.0,ul,oaitun_ue2,completed,False,50,0,50,50,15,0,35,15,0.3,0.0,0.7,0.3,factory_roundtrip_ms,461.55137999999994,418.605,458.0924,797.0205499999998,1045.4480099999994,74.72471270000001,106.16800529999999,77.90322196,110.56090574999999,78.05845139999998,111.20828139999999,45.0,4.0,raw_prb_pct_cpu_product,180.0,0.25,1.0,30.0,correct_parts_per_min,9.0,0.0016666666666666666,0.0016666666666666666,0.05,3.0,False,,,
run_534_20260701_202136_slice_ul45_dl50_edge_cpu4_bg30m_ul_best_n_640x360_speed1p0_raw,automated_experiments/results/run_534_20260701_202136_slice_ul45_dl50_edge_cpu4_bg30m_ul_best_n_640x360_speed1p0_raw,slice_ul45_dl50,45.0,50.0,edge_cpu4,4.0,0.5,640,360,640x360,1.0,best_n.pt,best_n.pt,raw,30.0,ul,oaitun_ue2,completed,False,53,3,50,50,13,2,35,13,0.26,0.04,0.7,0.26,factory_roundtrip_ms,472.487,413.9855,535.2546000000001,910.5431499999997,1112.5421599999995,74.78788600000001,111.79108335,77.17924683999999,115.02571849999998,77.2635283,115.12733764999999,45.0,4.0,raw_prb_pct_cpu_product,180.0,0.5,1.0,60.0,correct_parts_per_min,15.600000000000001,0.0014444444444444446,0.0014444444444444446,0.08666666666666667,9.600000000000001,False,,,
run_535_20260701_202919_slice_ul45_dl50_edge_cpu4_bg30m_ul_best_n_640x360_speed1p5_raw,automated_experiments/results/run_535_20260701_202919_slice_ul45_dl50_edge_cpu4_bg30m_ul_best_n_640x360_speed1p5_raw,slice_ul45_dl50,45.0,50.0,edge_cpu4,4.0,0.5,640,360,640x360,1.5,best_n.pt,best_n.pt,raw,30.0,ul,oaitun_ue2,completed,False,51,1,50,50,11,4,35,11,0.22,0.08,0.7,0.22,factory_roundtrip_ms,450.62287999999995,415.0455,478.42350000000016,743.9286999999999,812.52783,74.61789944,107.0497575,77.46484582,112.40084929999999,77.58796332,112.5486349,45.0,4.0,raw_prb_pct_cpu_product,180.0,0.75,1.0,90.0,correct_parts_per_min,19.8,0.0012222222222222222,0.0012222222222222222,0.11,13.8,False,,,
run_536_20260701_203604_slice_ul45_dl50_edge_cpu4_bg30m_ul_best_n_640x360_speed2p0_raw,automated_experiments/results/run_536_20260701_203604_slice_ul45_dl50_edge_cpu4_bg30m_ul_best_n_640x360_speed2p0_raw,slice_ul45_dl50,45.0,50.0,edge_cpu4,4.0,0.5,640,360,640x360,2.0,best_n.pt,best_n.pt,raw,30.0,ul,oaitun_ue2,completed,False,50,0,50,50,12,4,34,12,0.24,0.08,0.68,0.24,factory_roundtrip_ms,453.75201999999996,413.637,461.21320000000003,801.1046999999996,957.75005,73.99592774000001,99.19513545,76.46163946,102.03878044999999,76.55177828,102.11325235,45.0,4.0,raw_prb_pct_cpu_product,180.0,1.0,1.0,120.0,correct_parts_per_min,28.799999999999997,0.0013333333333333333,0.0013333333333333333,0.15999999999999998,22.799999999999997,False,,,
run_537_20260701_204226_slice_ul45_dl50_edge_cpu4_bg30m_ul_best_n_320x180_speed0p5_raw,automated_experiments/results/run_537_20260701_204226_slice_ul45_dl50_edge_cpu4_bg30m_ul_best_n_320x180_speed0p5_raw,slice_ul45_dl50,45.0,50.0,edge_cpu4,4.0,0.5,320,180,320x180,0.5,best_n.pt,best_n.pt,raw,30.0,ul,oaitun_ue2,completed,False,50,0,50,50,6,0,44,6,0.12,0.0,0.88,0.12,factory_roundtrip_ms,309.17785999999995,240.0795,324.5162000000006,849.8523999999994,1027.2776199999998,74.15877649999999,105.44588419999998,75.29649446,106.40862174999998,75.35581158,106.5068118,45.0,4.0,raw_prb_pct_cpu_product,180.0,0.25,1.0,30.0,correct_parts_per_min,3.5999999999999996,0.0006666666666666666,0.0006666666666666666,0.019999999999999997,-2.4000000000000004,False,,,
run_538_20260701_205234_slice_ul45_dl50_edge_cpu4_bg30m_ul_best_n_320x180_speed1p0_raw,automated_experiments/results/run_538_20260701_205234_slice_ul45_dl50_edge_cpu4_bg30m_ul_best_n_320x180_speed1p0_raw,slice_ul45_dl50,45.0,50.0,edge_cpu4,4.0,0.5,320,180,320x180,1.0,best_n.pt,best_n.pt,raw,30.0,ul,oaitun_ue2,completed,False,50,0,50,50,6,1,43,6,0.12,0.02,0.86,0.12,factory_roundtrip_ms,292.06344000000007,235.2625,282.45290000000006,756.1266499999996,1012.8583899999995,69.32158039999999,105.933061,70.41179396000001,107.18405099999998,70.45950322,107.22038554999999,45.0,4.0,raw_prb_pct_cpu_product,180.0,0.5,1.0,60.0,correct_parts_per_min,7.199999999999999,0.0006666666666666666,0.0006666666666666666,0.039999999999999994,1.1999999999999993,False,,,
run_539_20260701_210002_slice_ul45_dl50_edge_cpu4_bg30m_ul_best_n_320x180_speed1p5_raw,automated_experiments/results/run_539_20260701_210002_slice_ul45_dl50_edge_cpu4_bg30m_ul_best_n_320x180_speed1p5_raw,slice_ul45_dl50,45.0,50.0,edge_cpu4,4.0,0.5,320,180,320x180,1.5,best_n.pt,best_n.pt,raw,30.0,ul,oaitun_ue2,completed,False,50,0,50,50,6,1,43,6,0.12,0.02,0.86,0.12,factory_roundtrip_ms,262.57743999999997,241.1495,279.84590000000003,340.12434999999977,618.9607699999996,71.62412026,108.19262599999999,72.70299054,109.16137794999999,72.76164418,109.22228405,45.0,4.0,raw_prb_pct_cpu_product,180.0,0.75,1.0,90.0,correct_parts_per_min,10.799999999999999,0.0006666666666666666,0.0006666666666666666,0.05999999999999999,4.799999999999999,False,,,
run_540_20260701_210639_slice_ul45_dl50_edge_cpu4_bg30m_ul_best_n_320x180_speed2p0_raw,automated_experiments/results/run_540_20260701_210639_slice_ul45_dl50_edge_cpu4_bg30m_ul_best_n_320x180_speed2p0_raw,slice_ul45_dl50,45.0,50.0,edge_cpu4,4.0,0.5,320,180,320x180,2.0,best_n.pt,best_n.pt,raw,30.0,ul,oaitun_ue2,completed,False,50,0,50,50,6,5,39,6,0.12,0.1,0.78,0.12,factory_roundtrip_ms,308.03292000000005,244.549,411.44740000000064,823.63755,881.8251099999999,72.89309788,115.22138944999999,74.01579342,116.5026535,74.08285432000001,116.55070065,45.0,4.0,raw_prb_pct_cpu_product,180.0,1.0,1.0,120.0,correct_parts_per_min,14.399999999999999,0.0006666666666666666,0.0006666666666666666,0.07999999999999999,8.399999999999999,False,,,
run_541_20260701_211259_slice_ul45_dl50_edge_cpu3_bg30m_ul_best_n_1280x720_speed0p5_raw,automated_experiments/results/run_541_20260701_211259_slice_ul45_dl50_edge_cpu3_bg30m_ul_best_n_1280x720_speed0p5_raw,slice_ul45_dl50,45.0,50.0,edge_cpu3,3.0,0.375,1280,720,1280x720,0.5,best_n.pt,best_n.pt,raw,30.0,ul,oaitun_ue2,completed,False,50,0,50,50,27,0,23,27,0.54,0.0,0.46,0.54,factory_roundtrip_ms,865.99766,773.7205,1252.999,1409.4509999999996,1539.6873999999998,87.13801194,125.35962244999999,98.9039742,136.41107085,99.82656456,136.6696765,45.0,3.0,raw_prb_pct_cpu_product,135.0,0.25,1.0,30.0,correct_parts_per_min,16.200000000000003,0.004,0.004,0.12000000000000002,11.700000000000003,False,,,
run_542_20260701_212318_slice_ul45_dl50_edge_cpu3_bg30m_ul_best_n_1280x720_speed1p0_raw,automated_experiments/results/run_542_20260701_212318_slice_ul45_dl50_edge_cpu3_bg30m_ul_best_n_1280x720_speed1p0_raw,slice_ul45_dl50,45.0,50.0,edge_cpu3,3.0,0.375,1280,720,1280x720,1.0,best_n.pt,best_n.pt,raw,30.0,ul,oaitun_ue2,completed,False,77,27,50,50,28,8,14,28,0.56,0.16,0.28,0.56,factory_roundtrip_ms,879.9284999999999,778.81,1274.4649000000002,1743.8710999999998,1805.3815499999998,93.67209150000001,124.48162475,102.02432212,133.0594462,102.40457988,133.31696995,45.0,3.0,raw_prb_pct_cpu_product,135.0,0.5,1.0,60.0,correct_parts_per_min,33.6,0.004148148148148148,0.004148148148148148,0.2488888888888889,29.1,False,,,
run_543_20260701_213342_slice_ul45_dl50_edge_cpu3_bg30m_ul_best_n_1280x720_speed1p5_raw,automated_experiments/results/run_543_20260701_213342_slice_ul45_dl50_edge_cpu3_bg30m_ul_best_n_1280x720_speed1p5_raw,slice_ul45_dl50,45.0,50.0,edge_cpu3,3.0,0.375,1280,720,1280x720,1.5,best_n.pt,best_n.pt,raw,30.0,ul,oaitun_ue2,completed,False,89,5,84,84,0,84,0,0,0.0,1.0,0.0,0.0,factory_roundtrip_ms,814.0445833333333,750.682,808.2728999999999,1346.2954499999964,1781.01132,78.9940493690476,123.5037694,88.34114770238095,132.14867009999998,88.76800315476191,132.5418164,45.0,3.0,raw_prb_pct_cpu_product,135.0,0.75,1.0,90.0,correct_parts_per_min,0.0,0.0,0.0,0.0,-4.5,False,,,
run_544_20260701_214732_slice_ul45_dl50_edge_cpu3_bg30m_ul_best_n_1280x720_speed2p0_raw,automated_experiments/results/run_544_20260701_214732_slice_ul45_dl50_edge_cpu3_bg30m_ul_best_n_1280x720_speed2p0_raw,slice_ul45_dl50,45.0,50.0,edge_cpu3,3.0,0.375,1280,720,1280x720,2.0,best_n.pt,best_n.pt,raw,30.0,ul,oaitun_ue2,completed,False,50,0,50,50,0,50,0,0,0.0,1.0,0.0,0.0,factory_roundtrip_ms,766.8364200000001,765.488,799.0206999999999,809.2769000000001,823.98966,86.18678132000001,122.42604765,95.927077,136.62611124999998,96.54604748,137.56819564999998,45.0,3.0,raw_prb_pct_cpu_product,135.0,1.0,1.0,120.0,correct_parts_per_min,0.0,0.0,0.0,0.0,-4.5,False,,,
run_545_20260701_215417_slice_ul45_dl50_edge_cpu3_bg30m_ul_best_n_640x360_speed0p5_raw,automated_experiments/results/run_545_20260701_215417_slice_ul45_dl50_edge_cpu3_bg30m_ul_best_n_640x360_speed0p5_raw,slice_ul45_dl50,45.0,50.0,edge_cpu3,3.0,0.375,640,360,640x360,0.5,best_n.pt,best_n.pt,raw,30.0,ul,oaitun_ue2,completed,False,50,0,50,50,14,0,36,14,0.28,0.0,0.72,0.28,factory_roundtrip_ms,445.91138,449.40700000000004,474.258,484.07044999999994,497.97785999999996,96.54357212000001,132.1352538,98.94455330000001,134.49724415,99.06290198,134.54916509999998,45.0,3.0,raw_prb_pct_cpu_product,135.0,0.25,1.0,30.0,correct_parts_per_min,8.4,0.002074074074074074,0.002074074074074074,0.06222222222222223,3.9000000000000004,False,,,
run_546_20260701_220501_slice_ul45_dl50_edge_cpu3_bg30m_ul_best_n_640x360_speed1p0_raw,automated_experiments/results/run_546_20260701_220501_slice_ul45_dl50_edge_cpu3_bg30m_ul_best_n_640x360_speed1p0_raw,slice_ul45_dl50,45.0,50.0,edge_cpu3,3.0,0.375,640,360,640x360,1.0,best_n.pt,best_n.pt,raw,30.0,ul,oaitun_ue2,completed,False,55,5,50,50,12,0,38,12,0.24,0.0,0.76,0.24,factory_roundtrip_ms,435.3224199999999,433.6775,468.38140000000004,472.8535,481.87967,90.18880118000001,122.89634685,92.42282440000001,125.10985495,92.53007595999999,125.29539775,45.0,3.0,raw_prb_pct_cpu_product,135.0,0.5,1.0,60.0,correct_parts_per_min,14.399999999999999,0.0017777777777777776,0.0017777777777777776,0.10666666666666666,9.899999999999999,False,,,
run_547_20260701_221327_slice_ul45_dl50_edge_cpu3_bg30m_ul_best_n_640x360_speed1p5_raw,automated_experiments/results/run_547_20260701_221327_slice_ul45_dl50_edge_cpu3_bg30m_ul_best_n_640x360_speed1p5_raw,slice_ul45_dl50,45.0,50.0,edge_cpu3,3.0,0.375,640,360,640x360,1.5,best_n.pt,best_n.pt,raw,30.0,ul,oaitun_ue2,completed,False,51,1,50,50,12,0,38,12,0.24,0.0,0.76,0.24,factory_roundtrip_ms,446.79299999999995,448.27049999999997,478.8521,488.4568,522.16648,98.66123256000003,137.64741384999996,101.11197232,140.87513115,101.21359194,140.93430704999997,45.0,3.0,raw_prb_pct_cpu_product,135.0,0.75,1.0,90.0,correct_parts_per_min,21.599999999999998,0.0017777777777777776,0.0017777777777777776,0.15999999999999998,17.099999999999998,False,,,
run_548_20260701_222029_slice_ul45_dl50_edge_cpu3_bg30m_ul_best_n_640x360_speed2p0_raw,automated_experiments/results/run_548_20260701_222029_slice_ul45_dl50_edge_cpu3_bg30m_ul_best_n_640x360_speed2p0_raw,slice_ul45_dl50,45.0,50.0,edge_cpu3,3.0,0.375,640,360,640x360,2.0,best_n.pt,best_n.pt,raw,30.0,ul,oaitun_ue2,completed,False,50,0,50,50,13,0,37,13,0.26,0.0,0.74,0.26,factory_roundtrip_ms,439.39738000000006,437.754,474.48659999999995,475.7194,487.72997,90.22708564000003,127.26876335,92.8711632,130.2663674,92.95086328,130.34988045,45.0,3.0,raw_prb_pct_cpu_product,135.0,1.0,1.0,120.0,correct_parts_per_min,31.200000000000003,0.001925925925925926,0.001925925925925926,0.23111111111111113,26.700000000000003,False,,,
run_549_20260701_222711_slice_ul45_dl50_edge_cpu3_bg30m_ul_best_n_320x180_speed0p5_raw,automated_experiments/results/run_549_20260701_222711_slice_ul45_dl50_edge_cpu3_bg30m_ul_best_n_320x180_speed0p5_raw,slice_ul45_dl50,45.0,50.0,edge_cpu3,3.0,0.375,320,180,320x180,0.5,best_n.pt,best_n.pt,raw,30.0,ul,oaitun_ue2,completed,False,50,0,50,50,6,0,44,6,0.12,0.0,0.88,0.12,factory_roundtrip_ms,265.57544,261.1735,299.07800000000003,302.4067,304.97774999999996,89.3819001,124.8002615,90.5041489,125.9562795,90.54780480000001,125.99611195,45.0,3.0,raw_prb_pct_cpu_product,135.0,0.25,1.0,30.0,correct_parts_per_min,3.5999999999999996,0.0008888888888888888,0.0008888888888888888,0.026666666666666665,-0.9000000000000004,False,,,
run_550_20260701_223737_slice_ul45_dl50_edge_cpu3_bg30m_ul_best_n_320x180_speed1p0_raw,automated_experiments/results/run_550_20260701_223737_slice_ul45_dl50_edge_cpu3_bg30m_ul_best_n_320x180_speed1p0_raw,slice_ul45_dl50,45.0,50.0,edge_cpu3,3.0,0.375,320,180,320x180,1.0,best_n.pt,best_n.pt,raw,30.0,ul,oaitun_ue2,completed,False,50,0,50,50,6,0,44,6,0.12,0.0,0.88,0.12,factory_roundtrip_ms,259.2822,248.043,300.3913,301.3982,315.22678999999994,84.84919084,125.59538185,85.88237976,126.83745345,85.93357184,126.8792977,45.0,3.0,raw_prb_pct_cpu_product,135.0,0.5,1.0,60.0,correct_parts_per_min,7.199999999999999,0.0008888888888888888,0.0008888888888888888,0.05333333333333333,2.6999999999999993,False,,,
run_551_20260701_224532_slice_ul45_dl50_edge_cpu3_bg30m_ul_best_n_320x180_speed1p5_raw,automated_experiments/results/run_551_20260701_224532_slice_ul45_dl50_edge_cpu3_bg30m_ul_best_n_320x180_speed1p5_raw,slice_ul45_dl50,45.0,50.0,edge_cpu3,3.0,0.375,320,180,320x180,1.5,best_n.pt,best_n.pt,raw,30.0,ul,oaitun_ue2,completed,False,50,0,50,50,6,0,44,6,0.12,0.0,0.88,0.12,factory_roundtrip_ms,272.86942,280.26099999999997,299.6947,305.44374999999997,309.74872,97.59870871999999,127.41169434999999,98.74099498,128.58421165000001,98.81250342000001,128.61957755,45.0,3.0,raw_prb_pct_cpu_product,135.0,0.75,1.0,90.0,correct_parts_per_min,10.799999999999999,0.0008888888888888888,0.0008888888888888888,0.07999999999999999,6.299999999999999,False,,,
run_552_20260701_225233_slice_ul45_dl50_edge_cpu3_bg30m_ul_best_n_320x180_speed2p0_raw,automated_experiments/results/run_552_20260701_225233_slice_ul45_dl50_edge_cpu3_bg30m_ul_best_n_320x180_speed2p0_raw,slice_ul45_dl50,45.0,50.0,edge_cpu3,3.0,0.375,320,180,320x180,2.0,best_n.pt,best_n.pt,raw,30.0,ul,oaitun_ue2,completed,False,50,0,50,50,6,0,44,6,0.12,0.0,0.88,0.12,factory_roundtrip_ms,269.99659999999994,269.8205,306.2765,309.69385,358.0369099999998,93.72231993999999,131.49653295,94.82186271999998,132.93674805,94.87615876000001,133.01815805,45.0,3.0,raw_prb_pct_cpu_product,135.0,1.0,1.0,120.0,correct_parts_per_min,14.399999999999999,0.0008888888888888888,0.0008888888888888888,0.10666666666666666,9.899999999999999,False,,,
run_553_20260701_225917_slice_ul45_dl50_edge_cpu2_bg30m_ul_best_n_1280x720_speed0p5_raw,automated_experiments/results/run_553_20260701_225917_slice_ul45_dl50_edge_cpu2_bg30m_ul_best_n_1280x720_speed0p5_raw,slice_ul45_dl50,45.0,50.0,edge_cpu2,2.0,0.25,1280,720,1280x720,0.5,best_n.pt,best_n.pt,raw,30.0,ul,oaitun_ue2,completed,False,52,2,50,50,29,0,21,29,0.58,0.0,0.42,0.58,factory_roundtrip_ms,860.7100800000001,858.7194999999999,898.9236,904.9741,928.8017799999999,173.71916296,218.3819811,185.51194258000004,227.9477924,186.3317602,228.56891105,45.0,2.0,raw_prb_pct_cpu_product,90.0,0.25,1.0,30.0,correct_parts_per_min,17.4,0.006444444444444444,0.006444444444444444,0.19333333333333333,14.399999999999999,False,29.999933000046006,0.338703812750786,0.605693771070494
run_554_20260701_231030_slice_ul45_dl50_edge_cpu2_bg30m_ul_best_n_1280x720_speed1p0_raw,automated_experiments/results/run_554_20260701_231030_slice_ul45_dl50_edge_cpu2_bg30m_ul_best_n_1280x720_speed1p0_raw,slice_ul45_dl50,45.0,50.0,edge_cpu2,2.0,0.25,1280,720,1280x720,1.0,best_n.pt,best_n.pt,raw,30.0,ul,oaitun_ue2,completed,False,72,22,50,50,30,1,19,30,0.6,0.02,0.38,0.6,factory_roundtrip_ms,856.1632200000001,849.2615000000001,893.9965,943.0829499999999,1022.2005799999998,172.94015886000005,212.1172272,181.77552118,220.33905705,182.16795344,220.87865135,45.0,2.0,raw_prb_pct_cpu_product,90.0,0.5,1.0,60.0,correct_parts_per_min,36.0,0.006666666666666666,0.006666666666666666,0.4,33.0,False,,,
run_555_20260701_232127_slice_ul45_dl50_edge_cpu2_bg30m_ul_best_n_1280x720_speed1p5_raw,automated_experiments/results/run_555_20260701_232127_slice_ul45_dl50_edge_cpu2_bg30m_ul_best_n_1280x720_speed1p5_raw,slice_ul45_dl50,45.0,50.0,edge_cpu2,2.0,0.25,1280,720,1280x720,1.5,best_n.pt,best_n.pt,raw,30.0,ul,oaitun_ue2,completed,False,52,2,50,50,0,50,0,0,0.0,1.0,0.0,0.0,factory_roundtrip_ms,849.6770400000001,846.9815,884.6091,948.8854499999998,1005.39776,169.28055163999997,216.48101194999998,177.17868112,224.27430005,177.64329551999995,224.58882369999998,45.0,2.0,raw_prb_pct_cpu_product,90.0,0.75,1.0,90.0,correct_parts_per_min,0.0,0.0,0.0,0.0,-3.0,False,,,
run_556_20260701_232845_slice_ul45_dl50_edge_cpu2_bg30m_ul_best_n_1280x720_speed2p0_raw,automated_experiments/results/run_556_20260701_232845_slice_ul45_dl50_edge_cpu2_bg30m_ul_best_n_1280x720_speed2p0_raw,slice_ul45_dl50,45.0,50.0,edge_cpu2,2.0,0.25,1280,720,1280x720,2.0,best_n.pt,best_n.pt,raw,30.0,ul,oaitun_ue2,completed,False,50,0,50,50,0,50,0,0,0.0,1.0,0.0,0.0,factory_roundtrip_ms,853.46556,854.3695,887.0006,901.1866499999999,958.6631699999998,169.66328568,211.58660344999998,180.53636692,221.70050384999996,181.18470891999996,222.82511989999998,45.0,2.0,raw_prb_pct_cpu_product,90.0,1.0,1.0,120.0,correct_parts_per_min,0.0,0.0,0.0,0.0,-3.0,False,,,
run_557_20260701_233516_slice_ul45_dl50_edge_cpu2_bg30m_ul_best_n_640x360_speed0p5_raw,automated_experiments/results/run_557_20260701_233516_slice_ul45_dl50_edge_cpu2_bg30m_ul_best_n_640x360_speed0p5_raw,slice_ul45_dl50,45.0,50.0,edge_cpu2,2.0,0.25,640,360,640x360,0.5,best_n.pt,best_n.pt,raw,30.0,ul,oaitun_ue2,completed,False,50,0,50,50,15,0,35,15,0.3,0.0,0.7,0.3,factory_roundtrip_ms,530.96204,525.2365,568.4584000000001,581.2647000000001,633.0035699999997,176.71254027999998,211.9127641,179.23688513999997,214.01973585,179.33896291999997,214.09149065,45.0,2.0,raw_prb_pct_cpu_product,90.0,0.25,1.0,30.0,correct_parts_per_min,9.0,0.003333333333333333,0.003333333333333333,0.1,6.0,False,,,
run_558_20260701_234610_slice_ul45_dl50_edge_cpu2_bg30m_ul_best_n_640x360_speed1p0_raw,automated_experiments/results/run_558_20260701_234610_slice_ul45_dl50_edge_cpu2_bg30m_ul_best_n_640x360_speed1p0_raw,slice_ul45_dl50,45.0,50.0,edge_cpu2,2.0,0.25,640,360,640x360,1.0,best_n.pt,best_n.pt,raw,30.0,ul,oaitun_ue2,completed,False,54,4,50,50,13,0,37,13,0.26,0.0,0.74,0.26,factory_roundtrip_ms,521.5031,521.4725000000001,565.8167,578.7753499999999,618.58051,172.53338383999994,230.87874494999997,174.71519931999998,233.25988229999996,174.79876811999995,233.32382369999996,45.0,2.0,raw_prb_pct_cpu_product,90.0,0.5,1.0,60.0,correct_parts_per_min,15.600000000000001,0.002888888888888889,0.002888888888888889,0.17333333333333334,12.600000000000001,False,,,
run_559_20260701_235440_slice_ul45_dl50_edge_cpu2_bg30m_ul_best_n_640x360_speed1p5_raw,automated_experiments/results/run_559_20260701_235440_slice_ul45_dl50_edge_cpu2_bg30m_ul_best_n_640x360_speed1p5_raw,slice_ul45_dl50,45.0,50.0,edge_cpu2,2.0,0.25,640,360,640x360,1.5,best_n.pt,best_n.pt,raw,30.0,ul,oaitun_ue2,completed,False,50,0,50,50,11,2,37,11,0.22,0.04,0.74,0.22,factory_roundtrip_ms,531.4034800000001,522.0795,572.4213000000001,637.32975,738.2555299999999,169.82594234,216.51200139999997,172.22155378,219.6096351,172.30352034,219.78581849999998,45.0,2.0,raw_prb_pct_cpu_product,90.0,0.75,1.0,90.0,correct_parts_per_min,19.8,0.0024444444444444444,0.0024444444444444444,0.22,16.8,False,,,
run_560_20260702_000150_slice_ul45_dl50_edge_cpu2_bg30m_ul_best_n_640x360_speed2p0_raw,automated_experiments/results/run_560_20260702_000150_slice_ul45_dl50_edge_cpu2_bg30m_ul_best_n_640x360_speed2p0_raw,slice_ul45_dl50,45.0,50.0,edge_cpu2,2.0,0.25,640,360,640x360,2.0,best_n.pt,best_n.pt,raw,30.0,ul,oaitun_ue2,completed,False,50,0,50,50,4,38,8,4,0.08,0.76,0.16,0.08,factory_roundtrip_ms,531.5769799999999,528.006,566.8518,590.04365,643.62659,174.83255974,217.6010379,177.33534474,220.11904955,177.43629871999997,220.21193814999998,45.0,2.0,raw_prb_pct_cpu_product,90.0,1.0,1.0,120.0,correct_parts_per_min,9.6,0.0008888888888888889,0.0008888888888888889,0.10666666666666666,6.6,False,,,
run_561_20260702_000841_slice_ul45_dl50_edge_cpu2_bg30m_ul_best_n_320x180_speed0p5_raw,automated_experiments/results/run_561_20260702_000841_slice_ul45_dl50_edge_cpu2_bg30m_ul_best_n_320x180_speed0p5_raw,slice_ul45_dl50,45.0,50.0,edge_cpu2,2.0,0.25,320,180,320x180,0.5,best_n.pt,best_n.pt,raw,30.0,ul,oaitun_ue2,completed,False,50,0,50,50,6,0,44,6,0.12,0.0,0.88,0.12,factory_roundtrip_ms,334.4575,336.03700000000003,377.43510000000003,385.03774999999996,427.9489299999999,160.90167504,210.50971009999998,161.95095362,211.64843489999998,162.01085068,211.68890875,45.0,2.0,raw_prb_pct_cpu_product,90.0,0.25,1.0,30.0,correct_parts_per_min,3.5999999999999996,0.0013333333333333333,0.0013333333333333333,0.039999999999999994,0.5999999999999996,False,,,
run_562_20260702_001936_slice_ul45_dl50_edge_cpu2_bg30m_ul_best_n_320x180_speed1p0_raw,automated_experiments/results/run_562_20260702_001936_slice_ul45_dl50_edge_cpu2_bg30m_ul_best_n_320x180_speed1p0_raw,slice_ul45_dl50,45.0,50.0,edge_cpu2,2.0,0.25,320,180,320x180,1.0,best_n.pt,best_n.pt,raw,30.0,ul,oaitun_ue2,completed,False,50,0,50,50,6,0,44,6,0.12,0.0,0.88,0.12,factory_roundtrip_ms,337.99451999999997,320.7075,387.38530000000003,397.00935,570.98055,156.48214961999997,214.42720759999997,157.5905145,215.5600581,157.65490776000001,215.62933689999997,45.0,2.0,raw_prb_pct_cpu_product,90.0,0.5,1.0,60.0,correct_parts_per_min,7.199999999999999,0.0013333333333333333,0.0013333333333333333,0.07999999999999999,4.199999999999999,False,,,
run_563_20260702_002738_slice_ul45_dl50_edge_cpu2_bg30m_ul_best_n_320x180_speed1p5_raw,automated_experiments/results/run_563_20260702_002738_slice_ul45_dl50_edge_cpu2_bg30m_ul_best_n_320x180_speed1p5_raw,slice_ul45_dl50,45.0,50.0,edge_cpu2,2.0,0.25,320,180,320x180,1.5,best_n.pt,best_n.pt,raw,30.0,ul,oaitun_ue2,completed,False,50,0,50,50,6,0,44,6,0.12,0.0,0.88,0.12,factory_roundtrip_ms,358.55614,351.855,438.3399,476.761,496.66507999999993,170.84619553999997,221.54077864999996,171.94694189999998,222.58202204999998,172.00549171999998,222.62486224999998,45.0,2.0,raw_prb_pct_cpu_product,90.0,0.75,1.0,90.0,correct_parts_per_min,10.799999999999999,0.0013333333333333333,0.0013333333333333333,0.11999999999999998,7.799999999999999,False,,,
run_564_20260702_003452_slice_ul45_dl50_edge_cpu2_bg30m_ul_best_n_320x180_speed2p0_raw,automated_experiments/results/run_564_20260702_003452_slice_ul45_dl50_edge_cpu2_bg30m_ul_best_n_320x180_speed2p0_raw,slice_ul45_dl50,45.0,50.0,edge_cpu2,2.0,0.25,320,180,320x180,2.0,best_n.pt,best_n.pt,raw,30.0,ul,oaitun_ue2,completed,False,50,0,50,50,7,3,40,7,0.14,0.06,0.8,0.14,factory_roundtrip_ms,359.0507799999999,350.0195,399.4118,491.5604499999999,563.2285899999999,177.02410405999998,232.51763554999994,178.07557358000003,233.52643919999997,178.12854342000003,233.56275339999993,45.0,2.0,raw_prb_pct_cpu_product,90.0,1.0,1.0,120.0,correct_parts_per_min,16.8,0.0015555555555555557,0.0015555555555555557,0.18666666666666668,13.8,False,,,
run_565_20260702_004148_slice_ul45_dl50_edge_cpu1_bg30m_ul_best_n_1280x720_speed0p5_raw,automated_experiments/results/run_565_20260702_004148_slice_ul45_dl50_edge_cpu1_bg30m_ul_best_n_1280x720_speed0p5_raw,slice_ul45_dl50,45.0,50.0,edge_cpu1,1.0,0.125,1280,720,1280x720,0.5,best_n.pt,best_n.pt,raw,30.0,ul,oaitun_ue2,completed,False,51,1,50,50,31,0,19,31,0.62,0.0,0.38,0.62,factory_roundtrip_ms,1232.1267599999999,1183.301,1393.1797,1476.68535,1606.8752499999996,531.59621612,749.7049697999997,541.5039690599999,757.8281722499999,542.26210122,759.3207636999998,45.0,1.0,raw_prb_pct_cpu_product,45.0,0.25,1.0,30.0,correct_parts_per_min,18.6,0.013777777777777778,0.013777777777777778,0.4133333333333334,17.1,False,29.99994110002454,1.920050969678833,0.48295646602818076
run_566_20260702_005302_slice_ul45_dl50_edge_cpu1_bg30m_ul_best_n_1280x720_speed1p0_raw,automated_experiments/results/run_566_20260702_005302_slice_ul45_dl50_edge_cpu1_bg30m_ul_best_n_1280x720_speed1p0_raw,slice_ul45_dl50,45.0,50.0,edge_cpu1,1.0,0.125,1280,720,1280x720,1.0,best_n.pt,best_n.pt,raw,30.0,ul,oaitun_ue2,completed,False,63,13,50,50,0,50,0,0,0.0,1.0,0.0,0.0,factory_roundtrip_ms,1160.2073400000002,1127.643,1240.9742,1462.4568,1556.7781299999997,458.98340379999996,581.9431144999999,467.22839554,590.2533559499999,467.57022570000004,590.51688235,45.0,1.0,raw_prb_pct_cpu_product,45.0,0.5,1.0,60.0,correct_parts_per_min,0.0,0.0,0.0,0.0,-1.5,False,,,
run_567_20260702_010243_slice_ul45_dl50_edge_cpu1_bg30m_ul_best_n_1280x720_speed1p5_raw,automated_experiments/results/run_567_20260702_010243_slice_ul45_dl50_edge_cpu1_bg30m_ul_best_n_1280x720_speed1p5_raw,slice_ul45_dl50,45.0,50.0,edge_cpu1,1.0,0.125,1280,720,1280x720,1.5,best_n.pt,best_n.pt,raw,30.0,ul,oaitun_ue2,completed,False,99,6,93,93,0,93,0,0,0.0,1.0,0.0,0.0,factory_roundtrip_ms,1121.2277204301076,1091.969,1240.8465999999999,1330.6365999999998,1449.2641199999994,430.59848709677414,576.4899727999999,438.7124518172043,584.4435873999998,439.05787933333335,584.7723517999999,45.0,1.0,raw_prb_pct_cpu_product,45.0,0.75,1.0,90.0,correct_parts_per_min,0.0,0.0,0.0,0.0,-1.5,False,,,
run_568_20260702_011828_slice_ul45_dl50_edge_cpu1_bg30m_ul_best_n_1280x720_speed2p0_raw,automated_experiments/results/run_568_20260702_011828_slice_ul45_dl50_edge_cpu1_bg30m_ul_best_n_1280x720_speed2p0_raw,slice_ul45_dl50,45.0,50.0,edge_cpu1,1.0,0.125,1280,720,1280x720,2.0,best_n.pt,best_n.pt,raw,30.0,ul,oaitun_ue2,completed,False,51,1,50,50,0,50,0,0,0.0,1.0,0.0,0.0,factory_roundtrip_ms,1142.74508,1117.2365,1257.1042,1295.5315,1351.03114,479.59091986,633.0637835,488.95395998,643.5404500999999,489.39280219999995,643.8594047999999,45.0,1.0,raw_prb_pct_cpu_product,45.0,1.0,1.0,120.0,correct_parts_per_min,0.0,0.0,0.0,0.0,-1.5,False,,,
run_569_20260702_012536_slice_ul45_dl50_edge_cpu1_bg30m_ul_best_n_640x360_speed0p5_raw,automated_experiments/results/run_569_20260702_012536_slice_ul45_dl50_edge_cpu1_bg30m_ul_best_n_640x360_speed0p5_raw,slice_ul45_dl50,45.0,50.0,edge_cpu1,1.0,0.125,640,360,640x360,0.5,best_n.pt,best_n.pt,raw,30.0,ul,oaitun_ue2,completed,False,50,0,50,50,15,0,35,15,0.3,0.0,0.7,0.3,factory_roundtrip_ms,831.8831000000001,826.958,932.1572,982.1061999999998,1029.71068,486.21776825999996,636.4316096499999,489.47008614000003,638.9341265499999,489.59500382,639.0688985499999,45.0,1.0,raw_prb_pct_cpu_product,45.0,0.25,1.0,30.0,correct_parts_per_min,9.0,0.006666666666666666,0.006666666666666666,0.2,7.5,False,29.999955956691547,1.8430804200619615,0.4139994173958322
run_570_20260702_013649_slice_ul45_dl50_edge_cpu1_bg30m_ul_best_n_640x360_speed1p0_raw,automated_experiments/results/run_570_20260702_013649_slice_ul45_dl50_edge_cpu1_bg30m_ul_best_n_640x360_speed1p0_raw,slice_ul45_dl50,45.0,50.0,edge_cpu1,1.0,0.125,640,360,640x360,1.0,best_n.pt,best_n.pt,raw,30.0,ul,oaitun_ue2,completed,False,60,10,50,50,10,2,38,10,0.2,0.04,0.76,0.2,factory_roundtrip_ms,796.5268799999999,784.717,914.9419,938.76275,1085.3296699999996,455.47650624,599.58072595,457.82183376,601.4250590999999,457.92100078000004,601.47382175,45.0,1.0,raw_prb_pct_cpu_product,45.0,0.5,1.0,60.0,correct_parts_per_min,12.0,0.0044444444444444444,0.0044444444444444444,0.26666666666666666,10.5,False,,,
run_571_20260702_014616_slice_ul45_dl50_edge_cpu1_bg30m_ul_best_n_640x360_speed1p5_raw,automated_experiments/results/run_571_20260702_014616_slice_ul45_dl50_edge_cpu1_bg30m_ul_best_n_640x360_speed1p5_raw,slice_ul45_dl50,45.0,50.0,edge_cpu1,1.0,0.125,640,360,640x360,1.5,best_n.pt,best_n.pt,raw,30.0,ul,oaitun_ue2,completed,False,50,0,50,50,0,50,0,0,0.0,1.0,0.0,0.0,factory_roundtrip_ms,800.9014,788.614,887.3564,932.8258,1079.1035199999997,457.80313016,592.66599915,460.51529734,595.0369225999999,460.6344079,595.11262575,45.0,1.0,raw_prb_pct_cpu_product,45.0,0.75,1.0,90.0,correct_parts_per_min,0.0,0.0,0.0,0.0,-1.5,False,,,
run_572_20260702_015337_slice_ul45_dl50_edge_cpu1_bg30m_ul_best_n_640x360_speed2p0_raw,automated_experiments/results/run_572_20260702_015337_slice_ul45_dl50_edge_cpu1_bg30m_ul_best_n_640x360_speed2p0_raw,slice_ul45_dl50,45.0,50.0,edge_cpu1,1.0,0.125,640,360,640x360,2.0,best_n.pt,best_n.pt,raw,30.0,ul,oaitun_ue2,completed,False,50,0,50,50,0,50,0,0,0.0,1.0,0.0,0.0,factory_roundtrip_ms,819.38794,797.828,920.7845,957.7108999999998,1277.752649999999,478.09021113999995,614.1769488999998,480.49035885999996,616.1817368999998,480.5979999399999,616.2404599499998,45.0,1.0,raw_prb_pct_cpu_product,45.0,1.0,1.0,120.0,correct_parts_per_min,0.0,0.0,0.0,0.0,-1.5,False,,,
run_573_20260702_020039_slice_ul45_dl50_edge_cpu1_bg30m_ul_best_n_320x180_speed0p5_raw,automated_experiments/results/run_573_20260702_020039_slice_ul45_dl50_edge_cpu1_bg30m_ul_best_n_320x180_speed0p5_raw,slice_ul45_dl50,45.0,50.0,edge_cpu1,1.0,0.125,320,180,320x180,0.5,best_n.pt,best_n.pt,raw,30.0,ul,oaitun_ue2,completed,False,50,0,50,50,5,0,45,5,0.1,0.0,0.9,0.1,factory_roundtrip_ms,614.8313000000002,612.903,714.304,737.166,829.86097,443.50392991999996,564.05409375,444.63378822,565.35366135,444.68991311999997,565.39159085,45.0,1.0,raw_prb_pct_cpu_product,45.0,0.25,1.0,30.0,correct_parts_per_min,3.0,0.0022222222222222222,0.0022222222222222222,0.06666666666666667,1.5,False,29.9999400000272,1.69435568727013,0.559527238139588
run_574_20260702_021157_slice_ul45_dl50_edge_cpu1_bg30m_ul_best_n_320x180_speed1p0_raw,automated_experiments/results/run_574_20260702_021157_slice_ul45_dl50_edge_cpu1_bg30m_ul_best_n_320x180_speed1p0_raw,slice_ul45_dl50,45.0,50.0,edge_cpu1,1.0,0.125,320,180,320x180,1.0,best_n.pt,best_n.pt,raw,30.0,ul,oaitun_ue2,completed,False,50,0,50,50,6,0,44,6,0.12,0.0,0.88,0.12,factory_roundtrip_ms,592.3634,574.4865,689.5051,742.6139,859.03584,420.16906446,568.8817378,421.2278639,570.24078725,421.28778575999996,570.3123603,45.0,1.0,raw_prb_pct_cpu_product,45.0,0.5,1.0,60.0,correct_parts_per_min,7.199999999999999,0.0026666666666666666,0.0026666666666666666,0.15999999999999998,5.699999999999999,False,,,
run_575_20260702_022015_slice_ul45_dl50_edge_cpu1_bg30m_ul_best_n_320x180_speed1p5_raw,automated_experiments/results/run_575_20260702_022015_slice_ul45_dl50_edge_cpu1_bg30m_ul_best_n_320x180_speed1p5_raw,slice_ul45_dl50,45.0,50.0,edge_cpu1,1.0,0.125,320,180,320x180,1.5,best_n.pt,best_n.pt,raw,30.0,ul,oaitun_ue2,completed,False,50,0,50,50,3,12,35,3,0.06,0.24,0.7,0.06,factory_roundtrip_ms,606.9921599999999,615.948,681.8514,690.8642,806.72307,434.13648328000005,512.81516925,435.2647552999999,514.0209873499999,435.3312500199999,514.0589421999999,45.0,1.0,raw_prb_pct_cpu_product,45.0,0.75,1.0,90.0,correct_parts_per_min,5.3999999999999995,0.0013333333333333333,0.0013333333333333333,0.11999999999999998,3.8999999999999995,False,,,
run_576_20260702_022743_slice_ul45_dl50_edge_cpu1_bg30m_ul_best_n_320x180_speed2p0_raw,automated_experiments/results/run_576_20260702_022743_slice_ul45_dl50_edge_cpu1_bg30m_ul_best_n_320x180_speed2p0_raw,slice_ul45_dl50,45.0,50.0,edge_cpu1,1.0,0.125,320,180,320x180,2.0,best_n.pt,best_n.pt,raw,30.0,ul,oaitun_ue2,completed,False,50,0,50,50,0,46,4,0,0.0,0.92,0.08,0.0,factory_roundtrip_ms,626.39574,613.8985,760.3812,801.4019999999998,928.7474899999997,454.48371886,631.2318200999998,455.60615782,632.8155862999998,455.66055136,632.9224259999999,45.0,1.0,raw_prb_pct_cpu_product,45.0,1.0,1.0,120.0,correct_parts_per_min,0.0,0.0,0.0,0.0,-1.5,False,,,
run_577_20260702_023429_slice_ul35_dl50_edge_cpu8_bg30m_ul_best_n_1280x720_speed0p5_raw,automated_experiments/results/run_577_20260702_023429_slice_ul35_dl50_edge_cpu8_bg30m_ul_best_n_1280x720_speed0p5_raw,slice_ul35_dl50,35.0,50.0,edge_cpu8,8.0,1.0,1280,720,1280x720,0.5,best_n.pt,best_n.pt,raw,30.0,ul,oaitun_ue2,completed,False,51,1,50,50,27,0,23,27,0.54,0.0,0.46,0.54,factory_roundtrip_ms,813.7234599999999,809.6804999999999,838.0644,863.8515,894.2881199999999,59.766842479999994,68.4819086,69.30704712,83.86596174999998,69.88094778,84.7402676,35.0,8.0,raw_prb_pct_cpu_product,280.0,0.25,1.0,30.0,correct_parts_per_min,16.200000000000003,0.0019285714285714288,0.0019285714285714288,0.057857142857142864,6.866666666666669,False,29.99993960002819,0.0,0.4097470671979532
run_578_20260702_024613_slice_ul35_dl50_edge_cpu8_bg30m_ul_best_n_1280x720_speed1p0_raw,automated_experiments/results/run_578_20260702_024613_slice_ul35_dl50_edge_cpu8_bg30m_ul_best_n_1280x720_speed1p0_raw,slice_ul35_dl50,35.0,50.0,edge_cpu8,8.0,1.0,1280,720,1280x720,1.0,best_n.pt,best_n.pt,raw,30.0,ul,oaitun_ue2,completed,False,64,14,50,50,30,0,20,30,0.6,0.0,0.4,0.6,factory_roundtrip_ms,810.4805799999999,801.6034999999999,865.5156,869.16485,896.8785099999999,58.817206660000004,64.8438133,67.71175498000001,74.66857985,68.16067407999999,75.20829175,35.0,8.0,raw_prb_pct_cpu_product,280.0,0.5,1.0,60.0,correct_parts_per_min,36.0,0.002142857142857143,0.002142857142857143,0.12857142857142856,26.666666666666664,False,,,
run_579_20260702_025643_slice_ul35_dl50_edge_cpu8_bg30m_ul_best_n_1280x720_speed1p5_raw,automated_experiments/results/run_579_20260702_025643_slice_ul35_dl50_edge_cpu8_bg30m_ul_best_n_1280x720_speed1p5_raw,slice_ul35_dl50,35.0,50.0,edge_cpu8,8.0,1.0,1280,720,1280x720,1.5,best_n.pt,best_n.pt,raw,30.0,ul,oaitun_ue2,completed,False,53,3,50,50,0,50,0,0,0.0,1.0,0.0,0.0,factory_roundtrip_ms,811.56904,803.7570000000001,835.0289000000001,890.0106,901.2829499999999,59.98091366,69.26558454999999,69.49189166000001,78.70033919999999,69.92708944,79.13272609999999,35.0,8.0,raw_prb_pct_cpu_product,280.0,0.75,1.0,90.0,correct_parts_per_min,0.0,0.0,0.0,0.0,-9.333333333333334,False,,,
run_580_20260702_030441_slice_ul35_dl50_edge_cpu8_bg30m_ul_best_n_1280x720_speed2p0_raw,automated_experiments/results/run_580_20260702_030441_slice_ul35_dl50_edge_cpu8_bg30m_ul_best_n_1280x720_speed2p0_raw,slice_ul35_dl50,35.0,50.0,edge_cpu8,8.0,1.0,1280,720,1280x720,2.0,best_n.pt,best_n.pt,raw,30.0,ul,oaitun_ue2,completed,False,50,0,50,50,0,50,0,0,0.0,1.0,0.0,0.0,factory_roundtrip_ms,816.31336,804.7535,861.2445,883.3761499999999,900.33574,61.595765060000005,71.08355965,72.35607818,85.96711215,73.08594543999999,88.72121404999999,35.0,8.0,raw_prb_pct_cpu_product,280.0,1.0,1.0,120.0,correct_parts_per_min,0.0,0.0,0.0,0.0,-9.333333333333334,False,,,
run_580_20260704_214844_slice_ul45_dl50_edge_cpu8_bg30m_ul_best_n_1280x720_speed2p0_raw,automated_experiments/results/run_580_20260704_214844_slice_ul45_dl50_edge_cpu8_bg30m_ul_best_n_1280x720_speed2p0_raw,slice_ul45_dl50,45.0,50.0,edge_cpu8,8.0,1.0,1280,720,1280x720,2.0,best_n.pt,best_n.pt,raw,30.0,ul,oaitun_ue2,completed,False,50,0,50,50,0,50,0,0,0.0,1.0,0.0,0.0,factory_roundtrip_ms,717.1181800000002,713.6569999999999,733.403,750.6829999999999,758.5016800000001,56.884207239999995,65.40768655,67.0881285,89.07528534999999,67.6915469,92.95450109999997,45.0,8.0,raw_prb_pct_cpu_product,360.0,1.0,1.0,120.0,correct_parts_per_min,0.0,0.0,0.0,0.0,-12.0,False,,,
run_581_20260702_031158_slice_ul35_dl50_edge_cpu8_bg30m_ul_best_n_640x360_speed0p5_raw,automated_experiments/results/run_581_20260702_031158_slice_ul35_dl50_edge_cpu8_bg30m_ul_best_n_640x360_speed0p5_raw,slice_ul35_dl50,35.0,50.0,edge_cpu8,8.0,1.0,640,360,640x360,0.5,best_n.pt,best_n.pt,raw,30.0,ul,oaitun_ue2,completed,False,50,0,50,50,14,0,36,14,0.28,0.0,0.72,0.28,factory_roundtrip_ms,452.39586,450.185,464.3462,471.76435,497.52993999999995,65.63617496,79.72470024999998,68.03379504,82.70973975,68.13753942,82.93343635,35.0,8.0,raw_prb_pct_cpu_product,280.0,0.25,1.0,30.0,correct_parts_per_min,8.4,0.001,0.001,0.030000000000000002,-0.9333333333333336,False,29.99994975670544,0.0,0.5194432304178885
run_582_20260702_032308_slice_ul35_dl50_edge_cpu8_bg30m_ul_best_n_640x360_speed1p0_raw,automated_experiments/results/run_582_20260702_032308_slice_ul35_dl50_edge_cpu8_bg30m_ul_best_n_640x360_speed1p0_raw,slice_ul35_dl50,35.0,50.0,edge_cpu8,8.0,1.0,640,360,640x360,1.0,best_n.pt,best_n.pt,raw,30.0,ul,oaitun_ue2,completed,False,60,10,50,50,12,0,38,12,0.24,0.0,0.76,0.24,factory_roundtrip_ms,451.22661999999997,445.895,462.5031,470.38185,542.0649000000001,63.9646758,76.1427708,66.29439478,78.8681149,66.396991,78.93012275,35.0,8.0,raw_prb_pct_cpu_product,280.0,0.5,1.0,60.0,correct_parts_per_min,14.399999999999999,0.0008571428571428571,0.0008571428571428571,0.05142857142857142,5.066666666666665,False,,,
run_583_20260702_033317_slice_ul35_dl50_edge_cpu8_bg30m_ul_best_n_640x360_speed1p5_raw,automated_experiments/results/run_583_20260702_033317_slice_ul35_dl50_edge_cpu8_bg30m_ul_best_n_640x360_speed1p5_raw,slice_ul35_dl50,35.0,50.0,edge_cpu8,8.0,1.0,640,360,640x360,1.5,best_n.pt,best_n.pt,raw,30.0,ul,oaitun_ue2,completed,False,51,1,50,50,12,0,38,12,0.24,0.0,0.76,0.24,factory_roundtrip_ms,454.28276,450.5655,464.65180000000004,466.5977,519.5184099999998,66.53163912,77.8076549,69.17037652,81.0625383,69.27483366,81.11535365,35.0,8.0,raw_prb_pct_cpu_product,280.0,0.75,1.0,90.0,correct_parts_per_min,21.599999999999998,0.0008571428571428571,0.0008571428571428571,0.07714285714285714,12.266666666666664,False,,,
run_584_20260702_034037_slice_ul35_dl50_edge_cpu8_bg30m_ul_best_n_640x360_speed2p0_raw,automated_experiments/results/run_584_20260702_034037_slice_ul35_dl50_edge_cpu8_bg30m_ul_best_n_640x360_speed2p0_raw,slice_ul35_dl50,35.0,50.0,edge_cpu8,8.0,1.0,640,360,640x360,2.0,best_n.pt,best_n.pt,raw,30.0,ul,oaitun_ue2,completed,False,50,0,50,50,13,2,35,13,0.26,0.04,0.7,0.26,factory_roundtrip_ms,454.49737999999996,450.267,464.5575,474.2624,529.9246899999999,65.70845386,75.23667275,68.58335724,78.9511516,68.68606884,79.03430195,35.0,8.0,raw_prb_pct_cpu_product,280.0,1.0,1.0,120.0,correct_parts_per_min,31.200000000000003,0.0009285714285714286,0.0009285714285714286,0.11142857142857143,21.866666666666667,False,,,
run_585_20260702_034732_slice_ul35_dl50_edge_cpu8_bg30m_ul_best_n_320x180_speed0p5_raw,automated_experiments/results/run_585_20260702_034732_slice_ul35_dl50_edge_cpu8_bg30m_ul_best_n_320x180_speed0p5_raw,slice_ul35_dl50,35.0,50.0,edge_cpu8,8.0,1.0,320,180,320x180,0.5,best_n.pt,best_n.pt,raw,30.0,ul,oaitun_ue2,completed,False,50,0,50,50,6,0,44,6,0.12,0.0,0.88,0.12,factory_roundtrip_ms,260.60814,254.4735,272.80339999999995,300.9766499999999,362.6945099999999,63.48971418,80.14225835,64.58402912000001,81.6759598,64.63660848,81.7789617,35.0,8.0,raw_prb_pct_cpu_product,280.0,0.25,1.0,30.0,correct_parts_per_min,3.5999999999999996,0.00042857142857142855,0.00042857142857142855,0.012857142857142855,-5.733333333333334,False,29.999940400026226,0.0,0.5337602157636567
run_586_20260702_035909_slice_ul35_dl50_edge_cpu8_bg30m_ul_best_n_320x180_speed1p0_raw,automated_experiments/results/run_586_20260702_035909_slice_ul35_dl50_edge_cpu8_bg30m_ul_best_n_320x180_speed1p0_raw,slice_ul35_dl50,35.0,50.0,edge_cpu8,8.0,1.0,320,180,320x180,1.0,best_n.pt,best_n.pt,raw,30.0,ul,oaitun_ue2,completed,False,50,0,50,50,6,0,44,6,0.12,0.0,0.88,0.12,factory_roundtrip_ms,268.30076,257.08349999999996,285.1444000000001,367.22169999999994,386.84364,63.273426580000006,80.54099665,64.36079742,82.01772394999999,64.43117222,82.09750274999999,35.0,8.0,raw_prb_pct_cpu_product,280.0,0.5,1.0,60.0,correct_parts_per_min,7.199999999999999,0.00042857142857142855,0.00042857142857142855,0.02571428571428571,-2.1333333333333346,False,,,
run_587_20260702_040743_slice_ul35_dl50_edge_cpu8_bg30m_ul_best_n_320x180_speed1p5_raw,automated_experiments/results/run_587_20260702_040743_slice_ul35_dl50_edge_cpu8_bg30m_ul_best_n_320x180_speed1p5_raw,slice_ul35_dl50,35.0,50.0,edge_cpu8,8.0,1.0,320,180,320x180,1.5,best_n.pt,best_n.pt,raw,30.0,ul,oaitun_ue2,completed,False,50,0,50,50,7,0,43,7,0.14,0.0,0.86,0.14,factory_roundtrip_ms,261.50843999999995,256.73400000000004,273.8759,281.57745,358.08425999999986,63.36685754,76.90848969999999,64.45962278,78.41125469999999,64.5324569,78.44886469999999,35.0,8.0,raw_prb_pct_cpu_product,280.0,0.75,1.0,90.0,correct_parts_per_min,12.600000000000001,0.0005,0.0005,0.045000000000000005,3.2666666666666675,False,,,
run_588_20260702_041516_slice_ul35_dl50_edge_cpu8_bg30m_ul_best_n_320x180_speed2p0_raw,automated_experiments/results/run_588_20260702_041516_slice_ul35_dl50_edge_cpu8_bg30m_ul_best_n_320x180_speed2p0_raw,slice_ul35_dl50,35.0,50.0,edge_cpu8,8.0,1.0,320,180,320x180,2.0,best_n.pt,best_n.pt,raw,30.0,ul,oaitun_ue2,completed,False,50,0,50,50,6,0,44,6,0.12,0.0,0.88,0.12,factory_roundtrip_ms,256.5366,253.5865,265.2793,269.2055,319.6627899999998,61.59478884,71.8116725,62.69069454,72.88336179999999,62.75303101999999,72.9358803,35.0,8.0,raw_prb_pct_cpu_product,280.0,1.0,1.0,120.0,correct_parts_per_min,14.399999999999999,0.00042857142857142855,0.00042857142857142855,0.05142857142857142,5.066666666666665,False,,,
run_589_20260702_042234_slice_ul35_dl50_edge_cpu7_bg30m_ul_best_n_1280x720_speed0p5_raw,automated_experiments/results/run_589_20260702_042234_slice_ul35_dl50_edge_cpu7_bg30m_ul_best_n_1280x720_speed0p5_raw,slice_ul35_dl50,35.0,50.0,edge_cpu7,7.0,0.875,1280,720,1280x720,0.5,best_n.pt,best_n.pt,raw,30.0,ul,oaitun_ue2,completed,False,52,2,50,50,30,0,20,30,0.6,0.0,0.4,0.6,factory_roundtrip_ms,815.3185399999999,805.405,837.8053,912.2146999999998,959.51009,58.81462424,68.22384505,69.50412202,95.10850004999999,70.24841448,96.9931288,35.0,7.0,raw_prb_pct_cpu_product,245.0,0.25,1.0,30.0,correct_parts_per_min,18.0,0.0024489795918367346,0.0024489795918367346,0.07346938775510205,9.833333333333334,False,29.999932700046887,0.0,0.5665936609879145
run_590_20260702_043436_slice_ul35_dl50_edge_cpu7_bg30m_ul_best_n_1280x720_speed1p0_raw,automated_experiments/results/run_590_20260702_043436_slice_ul35_dl50_edge_cpu7_bg30m_ul_best_n_1280x720_speed1p0_raw,slice_ul35_dl50,35.0,50.0,edge_cpu7,7.0,0.875,1280,720,1280x720,1.0,best_n.pt,best_n.pt,raw,30.0,ul,oaitun_ue2,completed,False,64,14,50,50,30,0,20,30,0.6,0.0,0.4,0.6,factory_roundtrip_ms,799.84192,792.1335,806.9852000000001,815.6649,953.2716399999999,57.216154159999995,63.159098799999995,65.47523358000001,72.1349365,65.76800942000001,72.4011311,35.0,7.0,raw_prb_pct_cpu_product,245.0,0.5,1.0,60.0,correct_parts_per_min,36.0,0.0024489795918367346,0.0024489795918367346,0.1469387755102041,27.833333333333336,False,,,
run_591_20260702_044505_slice_ul35_dl50_edge_cpu7_bg30m_ul_best_n_1280x720_speed1p5_raw,automated_experiments/results/run_591_20260702_044505_slice_ul35_dl50_edge_cpu7_bg30m_ul_best_n_1280x720_speed1p5_raw,slice_ul35_dl50,35.0,50.0,edge_cpu7,7.0,0.875,1280,720,1280x720,1.5,best_n.pt,best_n.pt,raw,30.0,ul,oaitun_ue2,completed,False,53,3,50,50,0,50,0,0,0.0,1.0,0.0,0.0,factory_roundtrip_ms,818.5635400000001,796.484,927.5621,971.7872,974.8581399999999,57.05345463999999,64.01794170000001,66.02625512,74.36641915,66.4694767,74.65230269999999,35.0,7.0,raw_prb_pct_cpu_product,245.0,0.75,1.0,90.0,correct_parts_per_min,0.0,0.0,0.0,0.0,-8.166666666666666,False,,,
run_592_20260702_045317_slice_ul35_dl50_edge_cpu7_bg30m_ul_best_n_1280x720_speed2p0_raw,automated_experiments/results/run_592_20260702_045317_slice_ul35_dl50_edge_cpu7_bg30m_ul_best_n_1280x720_speed2p0_raw,slice_ul35_dl50,35.0,50.0,edge_cpu7,7.0,0.875,1280,720,1280x720,2.0,best_n.pt,best_n.pt,raw,30.0,ul,oaitun_ue2,completed,False,50,0,50,50,0,50,0,0,0.0,1.0,0.0,0.0,factory_roundtrip_ms,826.6404799999999,797.8140000000001,977.5788,990.9702,1033.59746,61.54556403999999,81.59654249999997,71.27606366,99.68696629999997,71.88873312,100.03789644999998,35.0,7.0,raw_prb_pct_cpu_product,245.0,1.0,1.0,120.0,correct_parts_per_min,0.0,0.0,0.0,0.0,-8.166666666666666,False,,,
run_593_20260702_050045_slice_ul35_dl50_edge_cpu7_bg30m_ul_best_n_640x360_speed0p5_raw,automated_experiments/results/run_593_20260702_050045_slice_ul35_dl50_edge_cpu7_bg30m_ul_best_n_640x360_speed0p5_raw,slice_ul35_dl50,35.0,50.0,edge_cpu7,7.0,0.875,640,360,640x360,0.5,best_n.pt,best_n.pt,raw,30.0,ul,oaitun_ue2,completed,False,51,1,50,50,15,0,35,15,0.3,0.0,0.7,0.3,factory_roundtrip_ms,448.29085999999995,445.6125,458.4302,459.92725,557.6214299999997,62.13809584,74.5457151,64.45491154000001,77.56450235,64.55469656,77.70632839999999,35.0,7.0,raw_prb_pct_cpu_product,245.0,0.25,1.0,30.0,correct_parts_per_min,9.0,0.0012244897959183673,0.0012244897959183673,0.036734693877551024,0.8333333333333339,False,29.999933600044265,0.0,0.614770745867476
run_594_20260702_051245_slice_ul35_dl50_edge_cpu7_bg30m_ul_best_n_640x360_speed1p0_raw,automated_experiments/results/run_594_20260702_051245_slice_ul35_dl50_edge_cpu7_bg30m_ul_best_n_640x360_speed1p0_raw,slice_ul35_dl50,35.0,50.0,edge_cpu7,7.0,0.875,640,360,640x360,1.0,best_n.pt,best_n.pt,raw,30.0,ul,oaitun_ue2,completed,False,55,5,50,50,12,0,38,12,0.24,0.0,0.76,0.24,factory_roundtrip_ms,455.21956,442.444,468.4738,563.1523999999997,645.78883,61.77200266,70.4265734,64.29068206,73.53482340000001,64.37656858000001,73.61046845,35.0,7.0,raw_prb_pct_cpu_product,245.0,0.5,1.0,60.0,correct_parts_per_min,14.399999999999999,0.0009795918367346938,0.0009795918367346938,0.05877551020408163,6.2333333333333325,False,,,
run_595_20260702_052210_slice_ul35_dl50_edge_cpu7_bg30m_ul_best_n_640x360_speed1p5_raw,automated_experiments/results/run_595_20260702_052210_slice_ul35_dl50_edge_cpu7_bg30m_ul_best_n_640x360_speed1p5_raw,slice_ul35_dl50,35.0,50.0,edge_cpu7,7.0,0.875,640,360,640x360,1.5,best_n.pt,best_n.pt,raw,30.0,ul,oaitun_ue2,completed,False,51,1,50,50,12,1,37,12,0.24,0.02,0.74,0.24,factory_roundtrip_ms,456.52361999999994,447.83,467.47020000000003,482.8948,625.9796299999999,64.72792318,76.550587,67.54322681999999,82.32667824999999,67.64379062,82.40841434999999,35.0,7.0,raw_prb_pct_cpu_product,245.0,0.75,1.0,90.0,correct_parts_per_min,21.599999999999998,0.0009795918367346938,0.0009795918367346938,0.08816326530612244,13.433333333333332,False,,,
run_596_20260702_053001_slice_ul35_dl50_edge_cpu7_bg30m_ul_best_n_640x360_speed2p0_raw,automated_experiments/results/run_596_20260702_053001_slice_ul35_dl50_edge_cpu7_bg30m_ul_best_n_640x360_speed2p0_raw,slice_ul35_dl50,35.0,50.0,edge_cpu7,7.0,0.875,640,360,640x360,2.0,best_n.pt,best_n.pt,raw,30.0,ul,oaitun_ue2,completed,False,50,0,50,50,12,3,35,12,0.24,0.06,0.7,0.24,factory_roundtrip_ms,452.4488199999999,445.366,468.3102,496.77669999999983,629.9684299999999,63.64995248,79.8643092,66.03331548,82.72762344999998,66.1502591,82.86870724999999,35.0,7.0,raw_prb_pct_cpu_product,245.0,1.0,1.0,120.0,correct_parts_per_min,28.799999999999997,0.0009795918367346938,0.0009795918367346938,0.11755102040816326,20.633333333333333,False,,,
run_597_20260702_053732_slice_ul35_dl50_edge_cpu7_bg30m_ul_best_n_320x180_speed0p5_raw,automated_experiments/results/run_597_20260702_053732_slice_ul35_dl50_edge_cpu7_bg30m_ul_best_n_320x180_speed0p5_raw,slice_ul35_dl50,35.0,50.0,edge_cpu7,7.0,0.875,320,180,320x180,0.5,best_n.pt,best_n.pt,raw,30.0,ul,oaitun_ue2,completed,False,50,0,50,50,6,0,44,6,0.12,0.0,0.88,0.12,factory_roundtrip_ms,259.45419999999996,250.964,263.9197,295.79359999999986,433.1087699999998,59.028291599999996,69.26609984999997,60.04556634000001,70.43932859999998,60.10318344000001,70.47901279999998,35.0,7.0,raw_prb_pct_cpu_product,245.0,0.25,1.0,30.0,correct_parts_per_min,3.5999999999999996,0.0004897959183673469,0.0004897959183673469,0.014693877551020407,-4.566666666666666,False,29.999959356685025,0.0,0.436949851804338
run_598_20260702_054924_slice_ul35_dl50_edge_cpu7_bg30m_ul_best_n_320x180_speed1p0_raw,automated_experiments/results/run_598_20260702_054924_slice_ul35_dl50_edge_cpu7_bg30m_ul_best_n_320x180_speed1p0_raw,slice_ul35_dl50,35.0,50.0,edge_cpu7,7.0,0.875,320,180,320x180,1.0,best_n.pt,best_n.pt,raw,30.0,ul,oaitun_ue2,completed,False,50,0,50,50,6,0,44,6,0.12,0.0,0.88,0.12,factory_roundtrip_ms,261.28472,252.07299999999998,262.0618,312.7780499999998,448.7656799999999,59.3596809,68.14399605,60.44349678,69.69380910000001,60.49896836,69.7305915,35.0,7.0,raw_prb_pct_cpu_product,245.0,0.5,1.0,60.0,correct_parts_per_min,7.199999999999999,0.0004897959183673469,0.0004897959183673469,0.029387755102040815,-0.9666666666666668,False,,,
run_599_20260702_055810_slice_ul35_dl50_edge_cpu7_bg30m_ul_best_n_320x180_speed1p5_raw,automated_experiments/results/run_599_20260702_055810_slice_ul35_dl50_edge_cpu7_bg30m_ul_best_n_320x180_speed1p5_raw,slice_ul35_dl50,35.0,50.0,edge_cpu7,7.0,0.875,320,180,320x180,1.5,best_n.pt,best_n.pt,raw,30.0,ul,oaitun_ue2,completed,False,50,0,50,50,6,0,44,6,0.12,0.0,0.88,0.12,factory_roundtrip_ms,264.30951999999996,250.909,264.3716,335.6815999999997,509.95152999999993,59.463964000000004,71.0982951,60.64290566000002,72.4673202,60.69276455999999,72.50278495,35.0,7.0,raw_prb_pct_cpu_product,245.0,0.75,1.0,90.0,correct_parts_per_min,10.799999999999999,0.0004897959183673469,0.0004897959183673469,0.04408163265306122,2.633333333333333,False,,,
run_600_20260702_060559_slice_ul35_dl50_edge_cpu7_bg30m_ul_best_n_320x180_speed2p0_raw,automated_experiments/results/run_600_20260702_060559_slice_ul35_dl50_edge_cpu7_bg30m_ul_best_n_320x180_speed2p0_raw,slice_ul35_dl50,35.0,50.0,edge_cpu7,7.0,0.875,320,180,320x180,2.0,best_n.pt,best_n.pt,raw,30.0,ul,oaitun_ue2,completed,False,50,0,50,50,7,0,43,7,0.14,0.0,0.86,0.14,factory_roundtrip_ms,250.59399999999997,249.275,262.6941,267.1169,274.51739,59.702199240000006,70.4744808,60.77768598000001,71.7047857,60.83119114,71.77208789999999,35.0,7.0,raw_prb_pct_cpu_product,245.0,1.0,1.0,120.0,correct_parts_per_min,16.8,0.0005714285714285715,0.0005714285714285715,0.06857142857142857,8.633333333333335,False,,,
run_601_20260702_061337_slice_ul35_dl50_edge_cpu6_bg30m_ul_best_n_1280x720_speed0p5_raw,automated_experiments/results/run_601_20260702_061337_slice_ul35_dl50_edge_cpu6_bg30m_ul_best_n_1280x720_speed0p5_raw,slice_ul35_dl50,35.0,50.0,edge_cpu6,6.0,0.75,1280,720,1280x720,0.5,best_n.pt,best_n.pt,raw,30.0,ul,oaitun_ue2,completed,False,52,2,50,50,27,0,23,27,0.54,0.0,0.46,0.54,factory_roundtrip_ms,825.18012,800.9169999999999,853.1304000000001,1040.55705,1095.1019999999999,57.5105096,65.23892629999999,68.86493516,86.50908804999997,69.71587514,90.82858484999997,35.0,6.0,raw_prb_pct_cpu_product,210.0,0.25,1.0,30.0,correct_parts_per_min,16.200000000000003,0.0025714285714285717,0.0025714285714285717,0.07714285714285715,9.200000000000003,False,29.999929200057586,0.0,0.5818959559639277
run_602_20260702_062603_slice_ul35_dl50_edge_cpu6_bg30m_ul_best_n_1280x720_speed1p0_raw,automated_experiments/results/run_602_20260702_062603_slice_ul35_dl50_edge_cpu6_bg30m_ul_best_n_1280x720_speed1p0_raw,slice_ul35_dl50,35.0,50.0,edge_cpu6,6.0,0.75,1280,720,1280x720,1.0,best_n.pt,best_n.pt,raw,30.0,ul,oaitun_ue2,completed,False,67,17,50,50,30,3,17,30,0.6,0.06,0.34,0.6,factory_roundtrip_ms,812.9607999999998,795.2094999999999,821.6574,986.78735,1066.9078799999997,57.858311699999994,66.1136373,66.92389114000001,78.1009376,67.38731522,78.4075495,35.0,6.0,raw_prb_pct_cpu_product,210.0,0.5,1.0,60.0,correct_parts_per_min,36.0,0.002857142857142857,0.002857142857142857,0.17142857142857143,29.0,False,29.999935300039468,0.0,0.4618266927811591
run_603_20260702_063718_slice_ul35_dl50_edge_cpu6_bg30m_ul_best_n_1280x720_speed1p5_raw,automated_experiments/results/run_603_20260702_063718_slice_ul35_dl50_edge_cpu6_bg30m_ul_best_n_1280x720_speed1p5_raw,slice_ul35_dl50,35.0,50.0,edge_cpu6,6.0,0.75,1280,720,1280x720,1.5,best_n.pt,best_n.pt,raw,30.0,ul,oaitun_ue2,completed,False,54,4,50,50,0,50,0,0,0.0,1.0,0.0,0.0,factory_roundtrip_ms,823.9531799999999,799.0125,846.5514000000003,1051.2569999999998,1096.4507899999999,58.490874620000014,63.53540105,67.18536226,73.20063955,67.66156092,73.63050415000001,35.0,6.0,raw_prb_pct_cpu_product,210.0,0.75,1.0,90.0,correct_parts_per_min,0.0,0.0,0.0,0.0,-7.0,False,,,
run_604_20260702_064558_slice_ul35_dl50_edge_cpu6_bg30m_ul_best_n_1280x720_speed2p0_raw,automated_experiments/results/run_604_20260702_064558_slice_ul35_dl50_edge_cpu6_bg30m_ul_best_n_1280x720_speed2p0_raw,slice_ul35_dl50,35.0,50.0,edge_cpu6,6.0,0.75,1280,720,1280x720,2.0,best_n.pt,best_n.pt,raw,30.0,ul,oaitun_ue2,completed,False,51,1,50,50,0,50,0,0,0.0,1.0,0.0,0.0,factory_roundtrip_ms,834.63216,800.895,961.7051000000001,1107.4069,1143.9723299999998,61.88147768000001,76.28857789999998,72.12504846,104.86127599999998,72.76360856000001,108.36663334999996,35.0,6.0,raw_prb_pct_cpu_product,210.0,1.0,1.0,120.0,correct_parts_per_min,0.0,0.0,0.0,0.0,-7.0,False,,,
run_605_20260702_065348_slice_ul35_dl50_edge_cpu6_bg30m_ul_best_n_640x360_speed0p5_raw,automated_experiments/results/run_605_20260702_065348_slice_ul35_dl50_edge_cpu6_bg30m_ul_best_n_640x360_speed0p5_raw,slice_ul35_dl50,35.0,50.0,edge_cpu6,6.0,0.75,640,360,640x360,0.5,best_n.pt,best_n.pt,raw,30.0,ul,oaitun_ue2,completed,False,51,1,50,50,13,0,37,13,0.26,0.0,0.74,0.26,factory_roundtrip_ms,467.67656000000005,444.85850000000005,473.87,705.6370999999998,758.69133,62.07395602,74.30572355,64.37804808,76.89482869999999,64.46168074,77.07754649999998,35.0,6.0,raw_prb_pct_cpu_product,210.0,0.25,1.0,30.0,correct_parts_per_min,7.800000000000001,0.0012380952380952382,0.0012380952380952382,0.037142857142857144,0.8000000000000007,False,29.99995500669351,0.0,0.6114487887140866
run_606_20260702_070605_slice_ul35_dl50_edge_cpu6_bg30m_ul_best_n_640x360_speed1p0_raw,automated_experiments/results/run_606_20260702_070605_slice_ul35_dl50_edge_cpu6_bg30m_ul_best_n_640x360_speed1p0_raw,slice_ul35_dl50,35.0,50.0,edge_cpu6,6.0,0.75,640,360,640x360,1.0,best_n.pt,best_n.pt,raw,30.0,ul,oaitun_ue2,completed,False,59,9,50,50,14,0,36,14,0.28,0.0,0.72,0.28,factory_roundtrip_ms,454.05211999999995,442.79600000000005,470.613,505.48139999999995,635.8115899999999,61.90481854000001,77.1612472,64.21955061999999,80.83512195,64.29364924000001,80.91851325,35.0,6.0,raw_prb_pct_cpu_product,210.0,0.5,1.0,60.0,correct_parts_per_min,16.8,0.0013333333333333335,0.0013333333333333335,0.08,9.8,False,,,
run_607_20260702_071618_slice_ul35_dl50_edge_cpu6_bg30m_ul_best_n_640x360_speed1p5_raw,automated_experiments/results/run_607_20260702_071618_slice_ul35_dl50_edge_cpu6_bg30m_ul_best_n_640x360_speed1p5_raw,slice_ul35_dl50,35.0,50.0,edge_cpu6,6.0,0.75,640,360,640x360,1.5,best_n.pt,best_n.pt,raw,30.0,ul,oaitun_ue2,completed,False,52,2,50,50,12,1,37,12,0.24,0.02,0.74,0.24,factory_roundtrip_ms,455.25206000000003,443.812,465.1822,467.1022,664.5159299999996,64.04948134000001,76.45425014999998,66.55495182,79.47049734999999,66.64085356,79.54430499999998,35.0,6.0,raw_prb_pct_cpu_product,210.0,0.75,1.0,90.0,correct_parts_per_min,21.599999999999998,0.0011428571428571427,0.0011428571428571427,0.10285714285714284,14.599999999999998,False,,,
run_608_20260702_072437_slice_ul35_dl50_edge_cpu6_bg30m_ul_best_n_640x360_speed2p0_raw,automated_experiments/results/run_608_20260702_072437_slice_ul35_dl50_edge_cpu6_bg30m_ul_best_n_640x360_speed2p0_raw,slice_ul35_dl50,35.0,50.0,edge_cpu6,6.0,0.75,640,360,640x360,2.0,best_n.pt,best_n.pt,raw,30.0,ul,oaitun_ue2,completed,False,61,0,61,61,16,0,45,16,0.26229508196721313,0.0,0.7377049180327869,0.26229508196721313,factory_roundtrip_ms,450.9481967213115,450.603,465.702,467.498,471.4554,63.927836639344264,75.893436,66.45185888524588,79.416468,66.54302414754098,79.46401,35.0,6.0,raw_prb_pct_cpu_product,210.0,1.0,1.0,120.0,correct_parts_per_min,31.475409836065577,0.001249024199843872,0.001249024199843872,0.14988290398126466,24.475409836065577,False,,,
run_609_20260702_073624_slice_ul35_dl50_edge_cpu6_bg30m_ul_best_n_320x180_speed0p5_raw,automated_experiments/results/run_609_20260702_073624_slice_ul35_dl50_edge_cpu6_bg30m_ul_best_n_320x180_speed0p5_raw,slice_ul35_dl50,35.0,50.0,edge_cpu6,6.0,0.75,320,180,320x180,0.5,best_n.pt,best_n.pt,raw,30.0,ul,oaitun_ue2,completed,False,50,0,50,50,6,0,44,6,0.12,0.0,0.88,0.12,factory_roundtrip_ms,251.81378,250.5775,264.77430000000004,270.1836,274.64115,56.566064239999996,73.91327315,57.611794720000006,75.28709255,57.66428129999999,75.4698451,35.0,6.0,raw_prb_pct_cpu_product,210.0,0.25,1.0,30.0,correct_parts_per_min,3.5999999999999996,0.0005714285714285714,0.0005714285714285714,0.01714285714285714,-3.4000000000000004,False,29.999937156741556,0.0,0.5331313000650236
run_610_20260702_074840_slice_ul35_dl50_edge_cpu6_bg30m_ul_best_n_320x180_speed1p0_raw,automated_experiments/results/run_610_20260702_074840_slice_ul35_dl50_edge_cpu6_bg30m_ul_best_n_320x180_speed1p0_raw,slice_ul35_dl50,35.0,50.0,edge_cpu6,6.0,0.75,320,180,320x180,1.0,best_n.pt,best_n.pt,raw,30.0,ul,oaitun_ue2,completed,False,50,0,50,50,6,0,44,6,0.12,0.0,0.88,0.12,factory_roundtrip_ms,254.54391999999999,253.147,263.4317,266.48485,269.34555,58.697112940000004,70.23482645,59.670303940000004,71.60968469999999,59.72236477999999,71.67506039999999,35.0,6.0,raw_prb_pct_cpu_product,210.0,0.5,1.0,60.0,correct_parts_per_min,7.199999999999999,0.0005714285714285714,0.0005714285714285714,0.03428571428571428,0.1999999999999993,False,,,
run_611_20260702_075750_slice_ul35_dl50_edge_cpu6_bg30m_ul_best_n_320x180_speed1p5_raw,automated_experiments/results/run_611_20260702_075750_slice_ul35_dl50_edge_cpu6_bg30m_ul_best_n_320x180_speed1p5_raw,slice_ul35_dl50,35.0,50.0,edge_cpu6,6.0,0.75,320,180,320x180,1.5,best_n.pt,best_n.pt,raw,30.0,ul,oaitun_ue2,completed,False,50,0,50,50,7,0,43,7,0.14,0.0,0.86,0.14,factory_roundtrip_ms,254.90628,255.7625,265.29240000000004,271.62550000000005,275.60373999999996,58.61959048000001,70.5489381,59.685352079999994,71.81373669999999,59.738639860000006,71.92345929999999,35.0,6.0,raw_prb_pct_cpu_product,210.0,0.75,1.0,90.0,correct_parts_per_min,12.600000000000001,0.0006666666666666668,0.0006666666666666668,0.060000000000000005,5.600000000000001,False,,,
run_612_20260702_080553_slice_ul35_dl50_edge_cpu6_bg30m_ul_best_n_320x180_speed2p0_raw,automated_experiments/results/run_612_20260702_080553_slice_ul35_dl50_edge_cpu6_bg30m_ul_best_n_320x180_speed2p0_raw,slice_ul35_dl50,35.0,50.0,edge_cpu6,6.0,0.75,320,180,320x180,2.0,best_n.pt,best_n.pt,raw,30.0,ul,oaitun_ue2,completed,False,50,0,50,50,7,0,43,7,0.14,0.0,0.86,0.14,factory_roundtrip_ms,255.01346,253.689,265.1744,270.2004,274.76908,59.69549876000001,72.46996525,60.78507768,73.32784945,60.841097879999985,73.36706545,35.0,6.0,raw_prb_pct_cpu_product,210.0,1.0,1.0,120.0,correct_parts_per_min,16.8,0.0006666666666666668,0.0006666666666666668,0.08,9.8,False,,,
run_613_20260702_081344_slice_ul35_dl50_edge_cpu5_bg30m_ul_best_n_1280x720_speed0p5_raw,automated_experiments/results/run_613_20260702_081344_slice_ul35_dl50_edge_cpu5_bg30m_ul_best_n_1280x720_speed0p5_raw,slice_ul35_dl50,35.0,50.0,edge_cpu5,5.0,0.625,1280,720,1280x720,0.5,best_n.pt,best_n.pt,raw,30.0,ul,oaitun_ue2,completed,False,51,1,50,50,25,0,25,25,0.5,0.0,0.5,0.5,factory_roundtrip_ms,821.1411599999999,815.0475,837.8042,858.06895,953.2057499999996,57.62943477999999,65.3096761,67.98539534,87.70482554999997,68.63913387999999,91.01104104999997,35.0,5.0,raw_prb_pct_cpu_product,175.0,0.25,1.0,30.0,correct_parts_per_min,15.0,0.002857142857142857,0.002857142857142857,0.08571428571428572,9.166666666666668,False,29.99995415669532,0.0,0.4997016408500995
run_614_20260702_082619_slice_ul35_dl50_edge_cpu5_bg30m_ul_best_n_1280x720_speed1p0_raw,automated_experiments/results/run_614_20260702_082619_slice_ul35_dl50_edge_cpu5_bg30m_ul_best_n_1280x720_speed1p0_raw,slice_ul35_dl50,35.0,50.0,edge_cpu5,5.0,0.625,1280,720,1280x720,1.0,best_n.pt,best_n.pt,raw,30.0,ul,oaitun_ue2,completed,False,70,20,50,50,31,0,19,31,0.62,0.0,0.38,0.62,factory_roundtrip_ms,806.1715999999999,807.6320000000001,818.3603,824.1741,831.7041,56.78053314000001,65.31525275,64.99384364000001,74.17016439999999,65.42122804,74.72029325,35.0,5.0,raw_prb_pct_cpu_product,175.0,0.5,1.0,60.0,correct_parts_per_min,37.2,0.0035428571428571427,0.0035428571428571427,0.21257142857142858,31.36666666666667,False,29.99993645003633,0.0,0.650145323801111
run_615_20260702_083815_slice_ul35_dl50_edge_cpu5_bg30m_ul_best_n_1280x720_speed1p5_raw,automated_experiments/results/run_615_20260702_083815_slice_ul35_dl50_edge_cpu5_bg30m_ul_best_n_1280x720_speed1p5_raw,slice_ul35_dl50,35.0,50.0,edge_cpu5,5.0,0.625,1280,720,1280x720,1.5,best_n.pt,best_n.pt,raw,30.0,ul,oaitun_ue2,completed,False,52,2,50,50,0,50,0,0,0.0,1.0,0.0,0.0,factory_roundtrip_ms,815.6497999999999,811.8655,820.1547,828.6086499999999,934.7843999999997,56.61302135999999,63.57474395,64.43964030000001,72.83945424999999,64.85841008,73.21901845,35.0,5.0,raw_prb_pct_cpu_product,175.0,0.75,1.0,90.0,correct_parts_per_min,0.0,0.0,0.0,0.0,-5.833333333333333,False,,,
run_616_20260702_084653_slice_ul35_dl50_edge_cpu5_bg30m_ul_best_n_1280x720_speed2p0_raw,automated_experiments/results/run_616_20260702_084653_slice_ul35_dl50_edge_cpu5_bg30m_ul_best_n_1280x720_speed2p0_raw,slice_ul35_dl50,35.0,50.0,edge_cpu5,5.0,0.625,1280,720,1280x720,2.0,best_n.pt,best_n.pt,raw,30.0,ul,oaitun_ue2,completed,False,50,0,50,50,0,50,0,0,0.0,1.0,0.0,0.0,factory_roundtrip_ms,818.28892,813.1215,825.3485,829.58995,946.8829899999996,59.955352160000004,67.42086615,68.31842734000001,76.04449655,68.64675844,76.48331685000001,35.0,5.0,raw_prb_pct_cpu_product,175.0,1.0,1.0,120.0,correct_parts_per_min,0.0,0.0,0.0,0.0,-5.833333333333333,False,,,
run_617_20260702_085454_slice_ul35_dl50_edge_cpu5_bg30m_ul_best_n_640x360_speed0p5_raw,automated_experiments/results/run_617_20260702_085454_slice_ul35_dl50_edge_cpu5_bg30m_ul_best_n_640x360_speed0p5_raw,slice_ul35_dl50,35.0,50.0,edge_cpu5,5.0,0.625,640,360,640x360,0.5,best_n.pt,best_n.pt,raw,30.0,ul,oaitun_ue2,completed,False,50,0,50,50,12,0,38,12,0.24,0.0,0.76,0.24,factory_roundtrip_ms,450.47026,450.978,463.1717,467.5788,471.15394000000003,60.93346034,72.21680969999998,63.22068986,75.13152589999999,63.30704468,75.18352515,35.0,5.0,raw_prb_pct_cpu_product,175.0,0.25,1.0,30.0,correct_parts_per_min,7.199999999999999,0.0013714285714285714,0.0013714285714285714,0.04114285714285714,1.3666666666666663,False,29.99994055002586,0.0,0.705988455946729
run_618_20260702_090720_slice_ul35_dl50_edge_cpu5_bg30m_ul_best_n_640x360_speed1p0_raw,automated_experiments/results/run_618_20260702_090720_slice_ul35_dl50_edge_cpu5_bg30m_ul_best_n_640x360_speed1p0_raw,slice_ul35_dl50,35.0,50.0,edge_cpu5,5.0,0.625,640,360,640x360,1.0,best_n.pt,best_n.pt,raw,30.0,ul,oaitun_ue2,completed,False,52,2,50,50,11,0,39,11,0.22,0.0,0.78,0.22,factory_roundtrip_ms,450.10170000000005,451.721,460.0555,462.91665,474.84725,61.72988595999999,74.30461129999999,64.0797863,77.4955995,64.17505702,77.62723835,35.0,5.0,raw_prb_pct_cpu_product,175.0,0.5,1.0,60.0,correct_parts_per_min,13.2,0.001257142857142857,0.001257142857142857,0.07542857142857143,7.366666666666666,False,,,
run_619_20260702_091654_slice_ul35_dl50_edge_cpu5_bg30m_ul_best_n_640x360_speed1p5_raw,automated_experiments/results/run_619_20260702_091654_slice_ul35_dl50_edge_cpu5_bg30m_ul_best_n_640x360_speed1p5_raw,slice_ul35_dl50,35.0,50.0,edge_cpu5,5.0,0.625,640,360,640x360,1.5,best_n.pt,best_n.pt,raw,30.0,ul,oaitun_ue2,completed,False,53,3,50,50,11,0,39,11,0.22,0.0,0.78,0.22,factory_roundtrip_ms,467.28407999999996,465.719,481.7777,488.49,509.57683999999995,69.1625813,86.84405229999999,71.45928702,89.34948064999998,71.56274742,89.40369514999999,35.0,5.0,raw_prb_pct_cpu_product,175.0,0.75,1.0,90.0,correct_parts_per_min,19.8,0.001257142857142857,0.001257142857142857,0.11314285714285714,13.966666666666669,False,,,
run_620_20260702_092548_slice_ul35_dl50_edge_cpu5_bg30m_ul_best_n_640x360_speed2p0_raw,automated_experiments/results/run_620_20260702_092548_slice_ul35_dl50_edge_cpu5_bg30m_ul_best_n_640x360_speed2p0_raw,slice_ul35_dl50,35.0,50.0,edge_cpu5,5.0,0.625,640,360,640x360,2.0,best_n.pt,best_n.pt,raw,30.0,ul,oaitun_ue2,completed,False,50,0,50,50,14,0,36,14,0.28,0.0,0.72,0.28,factory_roundtrip_ms,460.33958,460.28700000000003,470.449,473.4193,480.14534,65.2513217,76.6337379,67.66464454,79.4745134,67.73918348000001,79.53847945,35.0,5.0,raw_prb_pct_cpu_product,175.0,1.0,1.0,120.0,correct_parts_per_min,33.6,0.0016,0.0016,0.192,27.76666666666667,False,,,
run_621_20260702_093358_slice_ul35_dl50_edge_cpu5_bg30m_ul_best_n_320x180_speed0p5_raw,automated_experiments/results/run_621_20260702_093358_slice_ul35_dl50_edge_cpu5_bg30m_ul_best_n_320x180_speed0p5_raw,slice_ul35_dl50,35.0,50.0,edge_cpu5,5.0,0.625,320,180,320x180,0.5,best_n.pt,best_n.pt,raw,30.0,ul,oaitun_ue2,completed,False,50,0,50,50,5,0,45,5,0.1,0.0,0.9,0.1,factory_roundtrip_ms,264.29554,264.9735,277.637,281.76239999999996,290.35080999999997,62.06861492000001,75.10790955,63.16679858,76.32231739999999,63.2226978,76.35672414999999,35.0,5.0,raw_prb_pct_cpu_product,175.0,0.25,1.0,30.0,correct_parts_per_min,3.0,0.0005714285714285715,0.0005714285714285715,0.017142857142857144,-2.833333333333333,False,29.9999034501614,0.0,0.5490704430554915
run_622_20260702_094647_slice_ul35_dl50_edge_cpu5_bg30m_ul_best_n_320x180_speed1p0_raw,automated_experiments/results/run_622_20260702_094647_slice_ul35_dl50_edge_cpu5_bg30m_ul_best_n_320x180_speed1p0_raw,slice_ul35_dl50,35.0,50.0,edge_cpu5,5.0,0.625,320,180,320x180,1.0,best_n.pt,best_n.pt,raw,30.0,ul,oaitun_ue2,completed,False,50,0,50,50,6,0,44,6,0.12,0.0,0.88,0.12,factory_roundtrip_ms,259.21155999999996,258.39750000000004,269.6082,271.6672,278.23265,61.467430199999995,73.09707655,62.5470274,74.38138855,62.61189118,74.5151073,35.0,5.0,raw_prb_pct_cpu_product,175.0,0.5,1.0,60.0,correct_parts_per_min,7.199999999999999,0.0006857142857142857,0.0006857142857142857,0.04114285714285714,1.3666666666666663,False,,,
run_623_20260702_095613_slice_ul35_dl50_edge_cpu5_bg30m_ul_best_n_320x180_speed1p5_raw,automated_experiments/results/run_623_20260702_095613_slice_ul35_dl50_edge_cpu5_bg30m_ul_best_n_320x180_speed1p5_raw,slice_ul35_dl50,35.0,50.0,edge_cpu5,5.0,0.625,320,180,320x180,1.5,best_n.pt,best_n.pt,raw,30.0,ul,oaitun_ue2,completed,False,50,0,50,50,7,0,43,7,0.14,0.0,0.86,0.14,factory_roundtrip_ms,258.59928,256.7205,267.8848,273.93,307.60208,60.27240102,72.46286355,61.48013046000001,73.4853706,61.5412989,73.6325873,35.0,5.0,raw_prb_pct_cpu_product,175.0,0.75,1.0,90.0,correct_parts_per_min,12.600000000000001,0.0008,0.0008,0.07200000000000001,6.766666666666668,False,,,
run_624_20260702_100401_slice_ul35_dl50_edge_cpu5_bg30m_ul_best_n_320x180_speed2p0_raw,automated_experiments/results/run_624_20260702_100401_slice_ul35_dl50_edge_cpu5_bg30m_ul_best_n_320x180_speed2p0_raw,slice_ul35_dl50,35.0,50.0,edge_cpu5,5.0,0.625,320,180,320x180,2.0,best_n.pt,best_n.pt,raw,30.0,ul,oaitun_ue2,completed,False,50,0,50,50,6,0,44,6,0.12,0.0,0.88,0.12,factory_roundtrip_ms,257.24048000000005,256.339,268.3011,269.928,289.73806999999994,61.17865478000001,73.8254195,62.30674379999999,75.6976129,62.363366080000006,75.77529274999999,35.0,5.0,raw_prb_pct_cpu_product,175.0,1.0,1.0,120.0,correct_parts_per_min,14.399999999999999,0.0006857142857142857,0.0006857142857142857,0.08228571428571428,8.566666666666666,False,,,
run_625_20260702_101207_slice_ul35_dl50_edge_cpu4_bg30m_ul_best_n_1280x720_speed0p5_raw,automated_experiments/results/run_625_20260702_101207_slice_ul35_dl50_edge_cpu4_bg30m_ul_best_n_1280x720_speed0p5_raw,slice_ul35_dl50,35.0,50.0,edge_cpu4,4.0,0.5,1280,720,1280x720,0.5,best_n.pt,best_n.pt,raw,30.0,ul,oaitun_ue2,completed,False,50,0,50,50,29,0,21,29,0.58,0.0,0.42,0.58,factory_roundtrip_ms,823.7186,820.8745,850.4519,856.44395,887.2237499999999,62.779376660000004,96.93626574999998,73.09437799999999,107.96126799999999,73.82968955999999,110.027952,35.0,4.0,raw_prb_pct_cpu_product,140.0,0.25,1.0,30.0,correct_parts_per_min,17.4,0.004142857142857143,0.004142857142857143,0.12428571428571428,12.73333333333333,False,29.999939950027326,0.0,0.43872601938992956
run_626_20260702_102446_slice_ul35_dl50_edge_cpu4_bg30m_ul_best_n_1280x720_speed1p0_raw,automated_experiments/results/run_626_20260702_102446_slice_ul35_dl50_edge_cpu4_bg30m_ul_best_n_1280x720_speed1p0_raw,slice_ul35_dl50,35.0,50.0,edge_cpu4,4.0,0.5,1280,720,1280x720,1.0,best_n.pt,best_n.pt,raw,30.0,ul,oaitun_ue2,completed,False,70,20,50,50,31,0,19,31,0.62,0.0,0.38,0.62,factory_roundtrip_ms,825.77084,819.5435,870.9444000000001,880.4694,882.9628299999999,64.13022758,96.09024424999998,72.11030986,104.64445524999998,72.44426463999999,104.98917909999997,35.0,4.0,raw_prb_pct_cpu_product,140.0,0.5,1.0,60.0,correct_parts_per_min,37.2,0.004428571428571428,0.004428571428571428,0.26571428571428574,32.53333333333334,False,29.999957256688962,0.0,0.534652076665401
run_627_20260702_103726_slice_ul35_dl50_edge_cpu4_bg30m_ul_best_n_1280x720_speed1p5_raw,automated_experiments/results/run_627_20260702_103726_slice_ul35_dl50_edge_cpu4_bg30m_ul_best_n_1280x720_speed1p5_raw,slice_ul35_dl50,35.0,50.0,edge_cpu4,4.0,0.5,1280,720,1280x720,1.5,best_n.pt,best_n.pt,raw,30.0,ul,oaitun_ue2,completed,False,56,6,50,50,0,50,0,0,0.0,1.0,0.0,0.0,factory_roundtrip_ms,838.38066,828.032,878.2797,902.28035,905.26675,68.59040454,101.90716699999997,77.63601764,115.22131574999999,78.04363802,115.5029732,35.0,4.0,raw_prb_pct_cpu_product,140.0,0.75,1.0,90.0,correct_parts_per_min,0.0,0.0,0.0,0.0,-4.666666666666667,False,,,
run_628_20260702_104649_slice_ul35_dl50_edge_cpu4_bg30m_ul_best_n_1280x720_speed2p0_raw,automated_experiments/results/run_628_20260702_104649_slice_ul35_dl50_edge_cpu4_bg30m_ul_best_n_1280x720_speed2p0_raw,slice_ul35_dl50,35.0,50.0,edge_cpu4,4.0,0.5,1280,720,1280x720,2.0,best_n.pt,best_n.pt,raw,30.0,ul,oaitun_ue2,completed,False,50,0,50,50,0,50,0,0,0.0,1.0,0.0,0.0,factory_roundtrip_ms,842.3835799999999,834.1545,882.6927000000001,908.8804,946.3016699999998,71.76725714,102.8036802,80.1285474,115.42949144999997,80.5350351,115.87042744999998,35.0,4.0,raw_prb_pct_cpu_product,140.0,1.0,1.0,120.0,correct_parts_per_min,0.0,0.0,0.0,0.0,-4.666666666666667,False,,,
run_629_20260702_105504_slice_ul35_dl50_edge_cpu4_bg30m_ul_best_n_640x360_speed0p5_raw,automated_experiments/results/run_629_20260702_105504_slice_ul35_dl50_edge_cpu4_bg30m_ul_best_n_640x360_speed0p5_raw,slice_ul35_dl50,35.0,50.0,edge_cpu4,4.0,0.5,640,360,640x360,0.5,best_n.pt,best_n.pt,raw,30.0,ul,oaitun_ue2,completed,False,51,1,50,50,12,0,38,12,0.24,0.0,0.76,0.24,factory_roundtrip_ms,461.85606,457.19050000000004,491.09000000000003,509.58245,534.2676700000001,71.22845502,121.18134979999998,73.75202908,123.93074579999998,73.8369679,124.0503737,35.0,4.0,raw_prb_pct_cpu_product,140.0,0.25,1.0,30.0,correct_parts_per_min,7.199999999999999,0.0017142857142857142,0.0017142857142857142,0.05142857142857142,2.5333333333333323,False,29.999936600035923,0.002509870548599782,0.4214524171914243
run_630_20260702_110752_slice_ul35_dl50_edge_cpu4_bg30m_ul_best_n_640x360_speed1p0_raw,automated_experiments/results/run_630_20260702_110752_slice_ul35_dl50_edge_cpu4_bg30m_ul_best_n_640x360_speed1p0_raw,slice_ul35_dl50,35.0,50.0,edge_cpu4,4.0,0.5,640,360,640x360,1.0,best_n.pt,best_n.pt,raw,30.0,ul,oaitun_ue2,completed,False,54,4,50,50,12,0,38,12,0.24,0.0,0.76,0.24,factory_roundtrip_ms,469.14398,456.376,531.3782000000001,555.6089,588.1351099999999,65.77295222000001,92.756653,68.02844814,95.38277915,68.11386096,95.45234339999999,35.0,4.0,raw_prb_pct_cpu_product,140.0,0.5,1.0,60.0,correct_parts_per_min,14.399999999999999,0.0017142857142857142,0.0017142857142857142,0.10285714285714284,9.73333333333333,False,,,
run_631_20260702_111802_slice_ul35_dl50_edge_cpu4_bg30m_ul_best_n_640x360_speed1p5_raw,automated_experiments/results/run_631_20260702_111802_slice_ul35_dl50_edge_cpu4_bg30m_ul_best_n_640x360_speed1p5_raw,slice_ul35_dl50,35.0,50.0,edge_cpu4,4.0,0.5,640,360,640x360,1.5,best_n.pt,best_n.pt,raw,30.0,ul,oaitun_ue2,completed,False,51,1,50,50,13,0,37,13,0.26,0.0,0.74,0.26,factory_roundtrip_ms,484.00948000000005,473.6075,508.19500000000005,540.8239,588.79418,77.41744888,101.84980904999999,79.93301609999999,105.53575795,80.02895246,105.9489677,35.0,4.0,raw_prb_pct_cpu_product,140.0,0.75,1.0,90.0,correct_parts_per_min,23.400000000000002,0.0018571428571428571,0.0018571428571428571,0.16714285714285715,18.733333333333334,False,,,
run_632_20260702_112620_slice_ul35_dl50_edge_cpu4_bg30m_ul_best_n_640x360_speed2p0_raw,automated_experiments/results/run_632_20260702_112620_slice_ul35_dl50_edge_cpu4_bg30m_ul_best_n_640x360_speed2p0_raw,slice_ul35_dl50,35.0,50.0,edge_cpu4,4.0,0.5,640,360,640x360,2.0,best_n.pt,best_n.pt,raw,30.0,ul,oaitun_ue2,completed,False,51,1,50,50,12,12,26,12,0.24,0.24,0.52,0.24,factory_roundtrip_ms,490.7053599999999,476.8865,558.5431000000001,581.55265,606.5781199999999,82.82012541999998,122.99546244999999,86.04713638000001,125.63603354999998,86.17224772000002,125.82765764999999,35.0,4.0,raw_prb_pct_cpu_product,140.0,1.0,1.0,120.0,correct_parts_per_min,28.799999999999997,0.0017142857142857142,0.0017142857142857142,0.20571428571428568,24.13333333333333,False,,,
run_633_20260702_113451_slice_ul35_dl50_edge_cpu4_bg30m_ul_best_n_320x180_speed0p5_raw,automated_experiments/results/run_633_20260702_113451_slice_ul35_dl50_edge_cpu4_bg30m_ul_best_n_320x180_speed0p5_raw,slice_ul35_dl50,35.0,50.0,edge_cpu4,4.0,0.5,320,180,320x180,0.5,best_n.pt,best_n.pt,raw,30.0,ul,oaitun_ue2,completed,False,50,0,50,50,5,0,45,5,0.1,0.0,0.9,0.1,factory_roundtrip_ms,274.92158,266.181,309.8372,314.055,384.8990099999999,69.72023693999999,103.3298219,70.83181204,104.7155448,70.90073878,104.864665,35.0,4.0,raw_prb_pct_cpu_product,140.0,0.25,1.0,30.0,correct_parts_per_min,3.0,0.0007142857142857143,0.0007142857142857143,0.02142857142857143,-1.666666666666667,False,29.999939750027817,6.43556550923021e-05,0.5223080943912545
run_634_20260702_114759_slice_ul35_dl50_edge_cpu4_bg30m_ul_best_n_320x180_speed1p0_raw,automated_experiments/results/run_634_20260702_114759_slice_ul35_dl50_edge_cpu4_bg30m_ul_best_n_320x180_speed1p0_raw,slice_ul35_dl50,35.0,50.0,edge_cpu4,4.0,0.5,320,180,320x180,1.0,best_n.pt,best_n.pt,raw,30.0,ul,oaitun_ue2,completed,False,50,0,50,50,6,0,44,6,0.12,0.0,0.88,0.12,factory_roundtrip_ms,269.58696,261.65200000000004,289.8281,303.14329999999995,373.9444499999999,68.41520526000001,95.17120169999998,69.48736514000001,96.03982824999999,69.53783072,96.07965889999998,35.0,4.0,raw_prb_pct_cpu_product,140.0,0.5,1.0,60.0,correct_parts_per_min,7.199999999999999,0.0008571428571428571,0.0008571428571428571,0.05142857142857142,2.5333333333333323,False,,,
run_635_20260702_115745_slice_ul35_dl50_edge_cpu4_bg30m_ul_best_n_320x180_speed1p5_raw,automated_experiments/results/run_635_20260702_115745_slice_ul35_dl50_edge_cpu4_bg30m_ul_best_n_320x180_speed1p5_raw,slice_ul35_dl50,35.0,50.0,edge_cpu4,4.0,0.5,320,180,320x180,1.5,best_n.pt,best_n.pt,raw,30.0,ul,oaitun_ue2,completed,False,50,0,50,50,6,0,44,6,0.12,0.0,0.88,0.12,factory_roundtrip_ms,271.35306,263.8375,300.3737,312.33144999999996,324.61069,74.5977864,112.46661745,75.73137654,113.88284875,75.78676074,113.93516634999999,35.0,4.0,raw_prb_pct_cpu_product,140.0,0.75,1.0,90.0,correct_parts_per_min,10.799999999999999,0.0008571428571428571,0.0008571428571428571,0.07714285714285714,6.133333333333332,False,,,
run_636_20260702_120618_slice_ul35_dl50_edge_cpu4_bg30m_ul_best_n_320x180_speed2p0_raw,automated_experiments/results/run_636_20260702_120618_slice_ul35_dl50_edge_cpu4_bg30m_ul_best_n_320x180_speed2p0_raw,slice_ul35_dl50,35.0,50.0,edge_cpu4,4.0,0.5,320,180,320x180,2.0,best_n.pt,best_n.pt,raw,30.0,ul,oaitun_ue2,completed,False,50,0,50,50,6,0,44,6,0.12,0.0,0.88,0.12,factory_roundtrip_ms,257.02027999999996,253.19150000000002,283.4497,297.8385,304.56486,64.51768948,105.66919829999999,65.61092795999998,106.73375055,65.6612367,106.7693176,35.0,4.0,raw_prb_pct_cpu_product,140.0,1.0,1.0,120.0,correct_parts_per_min,14.399999999999999,0.0008571428571428571,0.0008571428571428571,0.10285714285714284,9.73333333333333,False,,,
run_637_20260702_121437_slice_ul35_dl50_edge_cpu3_bg30m_ul_best_n_1280x720_speed0p5_raw,automated_experiments/results/run_637_20260702_121437_slice_ul35_dl50_edge_cpu3_bg30m_ul_best_n_1280x720_speed0p5_raw,slice_ul35_dl50,35.0,50.0,edge_cpu3,3.0,0.375,1280,720,1280x720,0.5,best_n.pt,best_n.pt,raw,30.0,ul,oaitun_ue2,completed,False,51,1,50,50,29,0,21,29,0.58,0.0,0.42,0.58,factory_roundtrip_ms,848.438,837.7570000000001,915.1505999999999,969.95285,1026.8150600000001,85.32287695999999,123.39311289999999,94.19370468000001,131.58200119999998,94.7228079,131.9382321,35.0,3.0,raw_prb_pct_cpu_product,105.0,0.25,1.0,30.0,correct_parts_per_min,17.4,0.005523809523809524,0.005523809523809524,0.1657142857142857,13.899999999999999,False,29.99994265002093,0.017955227770752286,0.3938913455404857
run_638_20260702_122748_slice_ul35_dl50_edge_cpu3_bg30m_ul_best_n_1280x720_speed1p0_raw,automated_experiments/results/run_638_20260702_122748_slice_ul35_dl50_edge_cpu3_bg30m_ul_best_n_1280x720_speed1p0_raw,slice_ul35_dl50,35.0,50.0,edge_cpu3,3.0,0.375,1280,720,1280x720,1.0,best_n.pt,best_n.pt,raw,30.0,ul,oaitun_ue2,completed,False,68,18,50,50,29,1,20,29,0.58,0.02,0.4,0.58,factory_roundtrip_ms,845.3970400000002,838.793,880.2221999999999,908.6650999999998,972.4629,94.5403608,135.04389559999998,102.91434634000001,142.86905444999996,103.3982314,143.07024364999998,35.0,3.0,raw_prb_pct_cpu_product,105.0,0.5,1.0,60.0,correct_parts_per_min,34.8,0.005523809523809524,0.005523809523809524,0.3314285714285714,31.299999999999997,False,29.999941650023246,0.03796983650445824,0.545740850357937
run_639_20260702_124019_slice_ul35_dl50_edge_cpu3_bg30m_ul_best_n_1280x720_speed1p5_raw,automated_experiments/results/run_639_20260702_124019_slice_ul35_dl50_edge_cpu3_bg30m_ul_best_n_1280x720_speed1p5_raw,slice_ul35_dl50,35.0,50.0,edge_cpu3,3.0,0.375,1280,720,1280x720,1.5,best_n.pt,best_n.pt,raw,30.0,ul,oaitun_ue2,completed,False,56,6,50,50,0,50,0,0,0.0,1.0,0.0,0.0,factory_roundtrip_ms,862.64958,856.741,944.1121,990.0812999999999,1026.00687,92.9163516,125.41422069999999,101.14660054,131.70561605,101.53965,132.07715875,35.0,3.0,raw_prb_pct_cpu_product,105.0,0.75,1.0,90.0,correct_parts_per_min,0.0,0.0,0.0,0.0,-3.5,False,,,
run_640_20260702_125005_slice_ul35_dl50_edge_cpu3_bg30m_ul_best_n_1280x720_speed2p0_raw,automated_experiments/results/run_640_20260702_125005_slice_ul35_dl50_edge_cpu3_bg30m_ul_best_n_1280x720_speed2p0_raw,slice_ul35_dl50,35.0,50.0,edge_cpu3,3.0,0.375,1280,720,1280x720,2.0,best_n.pt,best_n.pt,raw,30.0,ul,oaitun_ue2,completed,False,51,1,50,50,0,50,0,0,0.0,1.0,0.0,0.0,factory_roundtrip_ms,874.5111999999999,862.4895,930.1146,1053.9467,1068.5428299999999,106.03392512,176.34611399999994,115.16712476000001,187.65367364999994,115.78099862,188.38094519999996,35.0,3.0,raw_prb_pct_cpu_product,105.0,1.0,1.0,120.0,correct_parts_per_min,0.0,0.0,0.0,0.0,-3.5,False,,,
run_641_20260702_125903_slice_ul35_dl50_edge_cpu3_bg30m_ul_best_n_640x360_speed0p5_raw,automated_experiments/results/run_641_20260702_125903_slice_ul35_dl50_edge_cpu3_bg30m_ul_best_n_640x360_speed0p5_raw,slice_ul35_dl50,35.0,50.0,edge_cpu3,3.0,0.375,640,360,640x360,0.5,best_n.pt,best_n.pt,raw,30.0,ul,oaitun_ue2,completed,False,50,0,50,50,13,0,37,13,0.26,0.0,0.74,0.26,factory_roundtrip_ms,501.88286,490.3605,562.0651,590.7905,661.6817199999998,104.20501706,158.88792569999998,108.08717077999998,172.27463519999992,108.29167165999999,172.89591444999994,35.0,3.0,raw_prb_pct_cpu_product,105.0,0.25,1.0,30.0,correct_parts_per_min,7.800000000000001,0.0024761904761904764,0.0024761904761904764,0.07428571428571429,4.300000000000001,False,29.999940750025377,0.05335083807151844,0.600317853252005
run_642_20260702_131227_slice_ul35_dl50_edge_cpu3_bg30m_ul_best_n_640x360_speed1p0_raw,automated_experiments/results/run_642_20260702_131227_slice_ul35_dl50_edge_cpu3_bg30m_ul_best_n_640x360_speed1p0_raw,slice_ul35_dl50,35.0,50.0,edge_cpu3,3.0,0.375,640,360,640x360,1.0,best_n.pt,best_n.pt,raw,30.0,ul,oaitun_ue2,completed,False,61,11,50,50,15,0,35,15,0.3,0.0,0.7,0.3,factory_roundtrip_ms,520.3633,501.37350000000004,632.3742000000001,677.0379999999999,695.8530999999999,109.58399669999999,205.2159142999999,112.04381972000002,208.3394914499999,112.16052452,208.3992781999999,35.0,3.0,raw_prb_pct_cpu_product,105.0,0.5,1.0,60.0,correct_parts_per_min,18.0,0.002857142857142857,0.002857142857142857,0.17142857142857143,14.5,False,29.999938200031725,0.05335083807151844,0.4834821825902698
run_643_20260702_132412_slice_ul35_dl50_edge_cpu3_bg30m_ul_best_n_640x360_speed1p5_raw,automated_experiments/results/run_643_20260702_132412_slice_ul35_dl50_edge_cpu3_bg30m_ul_best_n_640x360_speed1p5_raw,slice_ul35_dl50,35.0,50.0,edge_cpu3,3.0,0.375,640,360,640x360,1.5,best_n.pt,best_n.pt,raw,30.0,ul,oaitun_ue2,completed,False,53,3,50,50,11,5,34,11,0.22,0.1,0.68,0.22,factory_roundtrip_ms,517.54118,503.496,586.6058000000002,695.04345,739.2995500000001,104.44032997999999,143.51037035,107.44798702,147.61776874999998,107.5792387,147.74670865,35.0,3.0,raw_prb_pct_cpu_product,105.0,0.75,1.0,90.0,correct_parts_per_min,19.8,0.0020952380952380953,0.0020952380952380953,0.18857142857142858,16.3,False,,,
run_644_20260702_133342_slice_ul35_dl50_edge_cpu3_bg30m_ul_best_n_640x360_speed2p0_raw,automated_experiments/results/run_644_20260702_133342_slice_ul35_dl50_edge_cpu3_bg30m_ul_best_n_640x360_speed2p0_raw,slice_ul35_dl50,35.0,50.0,edge_cpu3,3.0,0.375,640,360,640x360,2.0,best_n.pt,best_n.pt,raw,30.0,ul,oaitun_ue2,completed,False,50,0,50,50,8,20,22,8,0.16,0.4,0.44,0.16,factory_roundtrip_ms,506.2823,482.7245,569.1821,658.8882499999999,774.8931799999997,102.33016864000001,178.35689599999978,104.84497936,181.51202769999975,104.94018572,181.69893119999978,35.0,3.0,raw_prb_pct_cpu_product,105.0,1.0,1.0,120.0,correct_parts_per_min,19.2,0.0015238095238095239,0.0015238095238095239,0.18285714285714286,15.7,False,,,
run_645_20260702_134221_slice_ul35_dl50_edge_cpu3_bg30m_ul_best_n_320x180_speed0p5_raw,automated_experiments/results/run_645_20260702_134221_slice_ul35_dl50_edge_cpu3_bg30m_ul_best_n_320x180_speed0p5_raw,slice_ul35_dl50,35.0,50.0,edge_cpu3,3.0,0.375,320,180,320x180,0.5,best_n.pt,best_n.pt,raw,30.0,ul,oaitun_ue2,completed,False,50,0,50,50,7,0,43,7,0.14,0.0,0.86,0.14,factory_roundtrip_ms,285.33916,272.0685,335.59380000000004,380.97854999999987,424.78657999999996,85.09574768,145.03296734999998,86.24237892,146.49500924999998,86.30317362,146.58858804999997,35.0,3.0,raw_prb_pct_cpu_product,105.0,0.25,1.0,30.0,correct_parts_per_min,4.2,0.0013333333333333335,0.0013333333333333335,0.04,0.7000000000000002,False,29.999957956687616,0.025999667925033432,0.494749326193029
run_646_20260702_135546_slice_ul35_dl50_edge_cpu3_bg30m_ul_best_n_320x180_speed1p0_raw,automated_experiments/results/run_646_20260702_135546_slice_ul35_dl50_edge_cpu3_bg30m_ul_best_n_320x180_speed1p0_raw,slice_ul35_dl50,35.0,50.0,edge_cpu3,3.0,0.375,320,180,320x180,1.0,best_n.pt,best_n.pt,raw,30.0,ul,oaitun_ue2,completed,False,50,0,50,50,6,0,44,6,0.12,0.0,0.88,0.12,factory_roundtrip_ms,288.63314,277.78700000000003,324.15150000000006,341.486,400.80540999999994,92.91754946,141.76905415,94.00402179999999,142.74399479999997,94.0616766,142.80590084999994,35.0,3.0,raw_prb_pct_cpu_product,105.0,0.5,1.0,60.0,correct_parts_per_min,7.199999999999999,0.0011428571428571427,0.0011428571428571427,0.06857142857142856,3.6999999999999993,False,,,
run_647_20260702_140549_slice_ul35_dl50_edge_cpu3_bg30m_ul_best_n_320x180_speed1p5_raw,automated_experiments/results/run_647_20260702_140549_slice_ul35_dl50_edge_cpu3_bg30m_ul_best_n_320x180_speed1p5_raw,slice_ul35_dl50,35.0,50.0,edge_cpu3,3.0,0.375,320,180,320x180,1.5,best_n.pt,best_n.pt,raw,30.0,ul,oaitun_ue2,completed,False,50,0,50,50,6,0,44,6,0.12,0.0,0.88,0.12,factory_roundtrip_ms,306.56896,293.7555,356.68780000000004,443.83784999999995,532.85971,100.75051458,166.7676776999999,101.88109108,168.03213789999992,101.94716184,168.1033686499999,35.0,3.0,raw_prb_pct_cpu_product,105.0,0.75,1.0,90.0,correct_parts_per_min,10.799999999999999,0.0011428571428571427,0.0011428571428571427,0.10285714285714284,7.299999999999999,False,,,
run_648_20260702_141442_slice_ul35_dl50_edge_cpu3_bg30m_ul_best_n_320x180_speed2p0_raw,automated_experiments/results/run_648_20260702_141442_slice_ul35_dl50_edge_cpu3_bg30m_ul_best_n_320x180_speed2p0_raw,slice_ul35_dl50,35.0,50.0,edge_cpu3,3.0,0.375,320,180,320x180,2.0,best_n.pt,best_n.pt,raw,30.0,ul,oaitun_ue2,completed,False,50,0,50,50,7,3,40,7,0.14,0.06,0.8,0.14,factory_roundtrip_ms,314.6613,301.956,391.0941,460.67304999999965,604.11713,101.02371912000001,162.51942969999996,102.16888402000001,163.91395554999994,102.23143658000001,163.95327629999994,35.0,3.0,raw_prb_pct_cpu_product,105.0,1.0,1.0,120.0,correct_parts_per_min,16.8,0.0013333333333333335,0.0013333333333333335,0.16,13.3,False,,,
run_649_20260702_142327_slice_ul35_dl50_edge_cpu2_bg30m_ul_best_n_1280x720_speed0p5_raw,automated_experiments/results/run_649_20260702_142327_slice_ul35_dl50_edge_cpu2_bg30m_ul_best_n_1280x720_speed0p5_raw,slice_ul35_dl50,35.0,50.0,edge_cpu2,2.0,0.25,1280,720,1280x720,0.5,best_n.pt,best_n.pt,raw,30.0,ul,oaitun_ue2,completed,False,53,3,50,50,30,0,20,30,0.6,0.0,0.4,0.6,factory_roundtrip_ms,964.33682,943.1215,1110.5401000000002,1177.6718999999998,1274.95551,178.56290506000002,271.82303394999997,189.8671971,300.62343539999995,190.68485088000006,302.57963029999996,35.0,2.0,raw_prb_pct_cpu_product,70.0,0.25,1.0,30.0,correct_parts_per_min,18.0,0.008571428571428572,0.008571428571428572,0.2571428571428571,15.666666666666666,False,29.9999409500249,0.2455811798322248,0.507420383845892
run_650_20260702_143739_slice_ul35_dl50_edge_cpu2_bg30m_ul_best_n_1280x720_speed1p0_raw,automated_experiments/results/run_650_20260702_143739_slice_ul35_dl50_edge_cpu2_bg30m_ul_best_n_1280x720_speed1p0_raw,slice_ul35_dl50,35.0,50.0,edge_cpu2,2.0,0.25,1280,720,1280x720,1.0,best_n.pt,best_n.pt,raw,30.0,ul,oaitun_ue2,completed,False,72,22,50,50,27,5,18,27,0.54,0.1,0.36,0.54,factory_roundtrip_ms,931.6277399999999,913.8105,988.846,1135.4213,1184.59311,165.97972624000002,220.8084142,174.89756648000002,228.02853955,175.40025761999996,228.46952054999997,35.0,2.0,raw_prb_pct_cpu_product,70.0,0.5,1.0,60.0,correct_parts_per_min,32.400000000000006,0.007714285714285715,0.007714285714285715,0.4628571428571429,30.066666666666674,False,29.999940600025738,0.2481554060359169,0.43540750622463364
run_651_20260702_145101_slice_ul35_dl50_edge_cpu2_bg30m_ul_best_n_1280x720_speed1p5_raw,automated_experiments/results/run_651_20260702_145101_slice_ul35_dl50_edge_cpu2_bg30m_ul_best_n_1280x720_speed1p5_raw,slice_ul35_dl50,35.0,50.0,edge_cpu2,2.0,0.25,1280,720,1280x720,1.5,best_n.pt,best_n.pt,raw,30.0,ul,oaitun_ue2,completed,False,56,6,50,50,0,50,0,0,0.0,1.0,0.0,0.0,factory_roundtrip_ms,961.5817,947.913,999.0377,1097.9693499999998,1232.3641699999998,194.38850757999998,273.2330667999998,204.70307178,294.6052325499998,205.26970343999997,296.6535672499998,35.0,2.0,raw_prb_pct_cpu_product,70.0,0.75,1.0,90.0,correct_parts_per_min,0.0,0.0,0.0,0.0,-2.3333333333333335,False,,,
run_652_20260702_150106_slice_ul35_dl50_edge_cpu2_bg30m_ul_best_n_1280x720_speed2p0_raw,automated_experiments/results/run_652_20260702_150106_slice_ul35_dl50_edge_cpu2_bg30m_ul_best_n_1280x720_speed2p0_raw,slice_ul35_dl50,35.0,50.0,edge_cpu2,2.0,0.25,1280,720,1280x720,2.0,best_n.pt,best_n.pt,raw,30.0,ul,oaitun_ue2,completed,False,52,2,50,50,0,50,0,0,0.0,1.0,0.0,0.0,factory_roundtrip_ms,994.7862399999999,960.497,1204.3055000000002,1339.7798999999998,1388.56759,187.71218256000003,259.0922240499999,203.17512528000003,288.37452239999993,203.98721202000002,289.83167664999996,35.0,2.0,raw_prb_pct_cpu_product,70.0,1.0,1.0,120.0,correct_parts_per_min,0.0,0.0,0.0,0.0,-2.3333333333333335,False,,,
run_653_20260702_151015_slice_ul35_dl50_edge_cpu2_bg30m_ul_best_n_640x360_speed0p5_raw,automated_experiments/results/run_653_20260702_151015_slice_ul35_dl50_edge_cpu2_bg30m_ul_best_n_640x360_speed0p5_raw,slice_ul35_dl50,35.0,50.0,edge_cpu2,2.0,0.25,640,360,640x360,0.5,best_n.pt,best_n.pt,raw,30.0,ul,oaitun_ue2,completed,False,51,1,50,50,16,0,34,16,0.32,0.0,0.68,0.32,factory_roundtrip_ms,609.65998,581.3995,705.0957999999999,842.0997499999997,937.4225099999999,199.74516504,317.7945683,202.47326438,320.48180049999996,202.58683709999997,320.77030924999997,35.0,2.0,raw_prb_pct_cpu_product,70.0,0.25,1.0,30.0,correct_parts_per_min,9.6,0.004571428571428572,0.004571428571428572,0.13714285714285715,7.266666666666666,False,29.999939250029062,0.3200406727740183,0.42949083738635774
run_654_20260702_152403_slice_ul35_dl50_edge_cpu2_bg30m_ul_best_n_640x360_speed1p0_raw,automated_experiments/results/run_654_20260702_152403_slice_ul35_dl50_edge_cpu2_bg30m_ul_best_n_640x360_speed1p0_raw,slice_ul35_dl50,35.0,50.0,edge_cpu2,2.0,0.25,640,360,640x360,1.0,best_n.pt,best_n.pt,raw,30.0,ul,oaitun_ue2,completed,False,55,5,50,50,11,0,39,11,0.22,0.0,0.78,0.22,factory_roundtrip_ms,593.7721,560.9655,692.3072,781.3222499999996,959.2486199999998,193.51979428,311.87022744999996,195.95953121999995,314.5587847,196.04646869999996,314.66638935,35.0,2.0,raw_prb_pct_cpu_product,70.0,0.5,1.0,60.0,correct_parts_per_min,13.2,0.003142857142857143,0.003142857142857143,0.18857142857142856,10.866666666666665,False,,,
run_655_20260702_153504_slice_ul35_dl50_edge_cpu2_bg30m_ul_best_n_640x360_speed1p5_raw,automated_experiments/results/run_655_20260702_153504_slice_ul35_dl50_edge_cpu2_bg30m_ul_best_n_640x360_speed1p5_raw,slice_ul35_dl50,35.0,50.0,edge_cpu2,2.0,0.25,640,360,640x360,1.5,best_n.pt,best_n.pt,raw,30.0,ul,oaitun_ue2,completed,False,54,4,50,50,10,6,34,10,0.2,0.12,0.68,0.2,factory_roundtrip_ms,591.96524,574.1804999999999,656.7564,663.3062,938.1264799999994,187.26629985999998,257.83587529999994,191.45625071999996,266.81772194999996,191.66105111999997,267.29595585,35.0,2.0,raw_prb_pct_cpu_product,70.0,0.75,1.0,90.0,correct_parts_per_min,18.0,0.002857142857142857,0.002857142857142857,0.2571428571428571,15.666666666666666,False,,,
run_657_20260702_155437_slice_ul35_dl50_edge_cpu2_bg30m_ul_best_n_320x180_speed0p5_raw,automated_experiments/results/run_657_20260702_155437_slice_ul35_dl50_edge_cpu2_bg30m_ul_best_n_320x180_speed0p5_raw,slice_ul35_dl50,35.0,50.0,edge_cpu2,2.0,0.25,320,180,320x180,0.5,best_n.pt,best_n.pt,raw,30.0,ul,oaitun_ue2,completed,False,50,0,50,50,6,0,44,6,0.12,0.0,0.88,0.12,factory_roundtrip_ms,372.82653999999997,364.272,460.5601,488.0453499999999,553.6378699999998,174.81659746000005,284.6313043,175.91399762000003,285.89283545,175.97381572000003,285.95014645000003,35.0,2.0,raw_prb_pct_cpu_product,70.0,0.25,1.0,30.0,correct_parts_per_min,3.5999999999999996,0.0017142857142857142,0.0017142857142857142,0.05142857142857142,1.2666666666666662,False,29.999934750041,0.2932687202556207,0.514132817356275
run_658_20260702_160945_slice_ul35_dl50_edge_cpu2_bg30m_ul_best_n_320x180_speed1p0_raw,automated_experiments/results/run_658_20260702_160945_slice_ul35_dl50_edge_cpu2_bg30m_ul_best_n_320x180_speed1p0_raw,slice_ul35_dl50,35.0,50.0,edge_cpu2,2.0,0.25,320,180,320x180,1.0,best_n.pt,best_n.pt,raw,30.0,ul,oaitun_ue2,completed,False,50,0,50,50,6,0,44,6,0.12,0.0,0.88,0.12,factory_roundtrip_ms,377.68406000000004,377.65549999999996,413.0304,422.3429,473.74269999999984,180.43793976,225.55433385,181.53725473999998,226.85394515,181.59224982,226.90306019999997,35.0,2.0,raw_prb_pct_cpu_product,70.0,0.5,1.0,60.0,correct_parts_per_min,7.199999999999999,0.0017142857142857142,0.0017142857142857142,0.10285714285714284,4.866666666666665,False,,,
run_659_20260702_162013_slice_ul35_dl50_edge_cpu2_bg30m_ul_best_n_320x180_speed1p5_raw,automated_experiments/results/run_659_20260702_162013_slice_ul35_dl50_edge_cpu2_bg30m_ul_best_n_320x180_speed1p5_raw,slice_ul35_dl50,35.0,50.0,edge_cpu2,2.0,0.25,320,180,320x180,1.5,best_n.pt,best_n.pt,raw,30.0,ul,oaitun_ue2,completed,False,68,0,68,68,8,0,60,8,0.11764705882352941,0.0,0.8823529411764706,0.11764705882352941,factory_roundtrip_ms,376.63855882352937,381.2525,429.12120000000004,458.4748,484.04181,175.89458970588234,264.11335225,178.08779355882353,264.99146725,178.14778552941178,265.1296537,35.0,2.0,raw_prb_pct_cpu_product,70.0,0.75,1.0,90.0,correct_parts_per_min,10.588235294117647,0.001680672268907563,0.001680672268907563,0.15126050420168066,8.254901960784313,False,,,
run_660_20260702_163453_slice_ul35_dl50_edge_cpu2_bg30m_ul_best_n_320x180_speed2p0_raw,automated_experiments/results/run_660_20260702_163453_slice_ul35_dl50_edge_cpu2_bg30m_ul_best_n_320x180_speed2p0_raw,slice_ul35_dl50,35.0,50.0,edge_cpu2,2.0,0.25,320,180,320x180,2.0,best_n.pt,best_n.pt,raw,30.0,ul,oaitun_ue2,completed,False,50,0,50,50,5,3,42,5,0.1,0.06,0.84,0.1,factory_roundtrip_ms,380.05378,373.281,425.8062,492.81954999999994,527.87028,180.91337398000005,292.1044092499999,181.97587485999998,293.3451633499999,182.0389405,293.3908429499999,35.0,2.0,raw_prb_pct_cpu_product,70.0,1.0,1.0,120.0,correct_parts_per_min,12.0,0.0014285714285714286,0.0014285714285714286,0.17142857142857143,9.666666666666666,False,,,
run_661_20260702_164351_slice_ul35_dl50_edge_cpu1_bg30m_ul_best_n_1280x720_speed0p5_raw,automated_experiments/results/run_661_20260702_164351_slice_ul35_dl50_edge_cpu1_bg30m_ul_best_n_1280x720_speed0p5_raw,slice_ul35_dl50,35.0,50.0,edge_cpu1,1.0,0.125,1280,720,1280x720,0.5,best_n.pt,best_n.pt,raw,30.0,ul,oaitun_ue2,completed,False,53,3,50,50,28,0,22,28,0.56,0.0,0.44,0.56,factory_roundtrip_ms,1247.73808,1252.1205,1362.4843,1395.6316,1435.5884399999998,485.0692711,626.0206395999999,496.54981303999995,634.1362387999999,497.08920166,635.6120453999998,35.0,1.0,raw_prb_pct_cpu_product,35.0,0.25,1.0,30.0,correct_parts_per_min,16.8,0.016,0.016,0.48000000000000004,15.633333333333335,False,29.999910350129248,1.329072988966223,0.6870809105105615
run_662_20260702_165819_slice_ul35_dl50_edge_cpu1_bg30m_ul_best_n_1280x720_speed1p0_raw,automated_experiments/results/run_662_20260702_165819_slice_ul35_dl50_edge_cpu1_bg30m_ul_best_n_1280x720_speed1p0_raw,slice_ul35_dl50,35.0,50.0,edge_cpu1,1.0,0.125,1280,720,1280x720,1.0,best_n.pt,best_n.pt,raw,30.0,ul,oaitun_ue2,completed,False,73,23,50,50,0,50,0,0,0.0,1.0,0.0,0.0,factory_roundtrip_ms,1217.97452,1210.9265,1310.1224,1372.1315,1427.3361599999998,465.64201426,600.0259595499998,473.53222722,607.4681319499998,474.01073882,607.7897347999998,35.0,1.0,raw_prb_pct_cpu_product,35.0,0.5,1.0,60.0,correct_parts_per_min,0.0,0.0,0.0,0.0,-1.1666666666666667,False,29.999936250036864,1.2732122803461048,0.569777956690573
run_663_20260702_171240_slice_ul35_dl50_edge_cpu1_bg30m_ul_best_n_1280x720_speed1p5_raw,automated_experiments/results/run_663_20260702_171240_slice_ul35_dl50_edge_cpu1_bg30m_ul_best_n_1280x720_speed1p5_raw,slice_ul35_dl50,35.0,50.0,edge_cpu1,1.0,0.125,1280,720,1280x720,1.5,best_n.pt,best_n.pt,raw,30.0,ul,oaitun_ue2,completed,False,61,11,50,50,0,50,0,0,0.0,1.0,0.0,0.0,factory_roundtrip_ms,1269.1470199999999,1244.473,1410.0831,1413.68305,1466.0497199999998,514.60293728,660.70951815,524.04542694,669.14640005,524.51546076,669.4287726,35.0,1.0,raw_prb_pct_cpu_product,35.0,0.75,1.0,90.0,correct_parts_per_min,0.0,0.0,0.0,0.0,-1.1666666666666667,False,29.99993285004645,1.8930859501951585,0.6785344971770223
run_664_20260702_172342_slice_ul35_dl50_edge_cpu1_bg30m_ul_best_n_1280x720_speed2p0_raw,automated_experiments/results/run_664_20260702_172342_slice_ul35_dl50_edge_cpu1_bg30m_ul_best_n_1280x720_speed2p0_raw,slice_ul35_dl50,35.0,50.0,edge_cpu1,1.0,0.125,1280,720,1280x720,2.0,best_n.pt,best_n.pt,raw,30.0,ul,oaitun_ue2,completed,False,53,3,50,50,0,50,0,0,0.0,1.0,0.0,0.0,factory_roundtrip_ms,1255.5140000000001,1243.2355,1361.0612,1414.83055,1430.7698599999999,503.0219239200001,663.8676042,513.3653096200001,673.6031285,513.6606475,673.9241702500001,35.0,1.0,raw_prb_pct_cpu_product,35.0,1.0,1.0,120.0,correct_parts_per_min,0.0,0.0,0.0,0.0,-1.1666666666666667,False,,,
run_665_20260702_173314_slice_ul35_dl50_edge_cpu1_bg30m_ul_best_n_640x360_speed0p5_raw,automated_experiments/results/run_665_20260702_173314_slice_ul35_dl50_edge_cpu1_bg30m_ul_best_n_640x360_speed0p5_raw,slice_ul35_dl50,35.0,50.0,edge_cpu1,1.0,0.125,640,360,640x360,0.5,best_n.pt,best_n.pt,raw,30.0,ul,oaitun_ue2,completed,False,50,0,50,50,13,0,37,13,0.26,0.0,0.74,0.26,factory_roundtrip_ms,877.63762,854.7015,998.5452,1019.2357999999999,1103.7187199999998,491.0834515,629.9472517499999,493.45621646,632.48511475,493.542832,632.5914745,35.0,1.0,raw_prb_pct_cpu_product,35.0,0.25,1.0,30.0,correct_parts_per_min,7.800000000000001,0.0074285714285714285,0.0074285714285714285,0.22285714285714286,6.633333333333334,False,29.999937750032892,1.450061620539751,0.5834479167615215
run_666_20260702_174709_slice_ul35_dl50_edge_cpu1_bg30m_ul_best_n_640x360_speed1p0_raw,automated_experiments/results/run_666_20260702_174709_slice_ul35_dl50_edge_cpu1_bg30m_ul_best_n_640x360_speed1p0_raw,slice_ul35_dl50,35.0,50.0,edge_cpu1,1.0,0.125,640,360,640x360,1.0,best_n.pt,best_n.pt,raw,30.0,ul,oaitun_ue2,completed,False,62,12,50,50,11,11,28,11,0.22,0.22,0.56,0.22,factory_roundtrip_ms,905.6652399999999,886.539,1083.4031,1114.08665,1209.0593299999998,512.4643482,723.2637239,515.25951596,725.83141315,515.38507412,726.03937715,35.0,1.0,raw_prb_pct_cpu_product,35.0,0.5,1.0,60.0,correct_parts_per_min,13.2,0.006285714285714286,0.006285714285714286,0.3771428571428571,12.033333333333333,False,29.999935150039885,1.6195744160528747,0.5360989251180377
run_667_20260702_180106_slice_ul35_dl50_edge_cpu1_bg30m_ul_best_n_640x360_speed1p5_raw,automated_experiments/results/run_667_20260702_180106_slice_ul35_dl50_edge_cpu1_bg30m_ul_best_n_640x360_speed1p5_raw,slice_ul35_dl50,35.0,50.0,edge_cpu1,1.0,0.125,640,360,640x360,1.5,best_n.pt,best_n.pt,raw,30.0,ul,oaitun_ue2,completed,False,53,3,50,50,0,50,0,0,0.0,1.0,0.0,0.0,factory_roundtrip_ms,936.7492399999999,926.8695,1074.3118,1100.1524,1151.023,538.2208829,691.31222465,543.3800540799999,702.39873875,543.5000333200001,702.4446636,35.0,1.0,raw_prb_pct_cpu_product,35.0,0.75,1.0,90.0,correct_parts_per_min,0.0,0.0,0.0,0.0,-1.1666666666666667,False,,,
run_668_20260702_181104_slice_ul35_dl50_edge_cpu1_bg30m_ul_best_n_640x360_speed2p0_raw,automated_experiments/results/run_668_20260702_181104_slice_ul35_dl50_edge_cpu1_bg30m_ul_best_n_640x360_speed2p0_raw,slice_ul35_dl50,35.0,50.0,edge_cpu1,1.0,0.125,640,360,640x360,2.0,best_n.pt,best_n.pt,raw,30.0,ul,oaitun_ue2,completed,False,50,0,50,50,0,50,0,0,0.0,1.0,0.0,0.0,factory_roundtrip_ms,911.25378,897.3040000000001,1077.4934,1096.3423,1128.19238,516.45601304,703.1100209499999,519.4192723599999,706.1007455,519.53348644,706.16899095,35.0,1.0,raw_prb_pct_cpu_product,35.0,1.0,1.0,120.0,correct_parts_per_min,0.0,0.0,0.0,0.0,-1.1666666666666667,False,,,
run_669_20260702_182012_slice_ul35_dl50_edge_cpu1_bg30m_ul_best_n_320x180_speed0p5_raw,automated_experiments/results/run_669_20260702_182012_slice_ul35_dl50_edge_cpu1_bg30m_ul_best_n_320x180_speed0p5_raw,slice_ul35_dl50,35.0,50.0,edge_cpu1,1.0,0.125,320,180,320x180,0.5,best_n.pt,best_n.pt,raw,30.0,ul,oaitun_ue2,completed,False,50,0,50,50,6,0,44,6,0.12,0.0,0.88,0.12,factory_roundtrip_ms,651.68148,629.277,773.7991,858.8674999999998,940.48733,452.12542958,654.7880346499998,453.18527096,655.9678454999998,453.2434168399999,656.0123619499999,35.0,1.0,raw_prb_pct_cpu_product,35.0,0.25,1.0,30.0,correct_parts_per_min,3.5999999999999996,0.0034285714285714284,0.0034285714285714284,0.10285714285714284,2.4333333333333327,False,29.999941950022546,1.3275928088991,0.5394255575820508
run_670_20260702_183418_slice_ul35_dl50_edge_cpu1_bg30m_ul_best_n_320x180_speed1p0_raw,automated_experiments/results/run_670_20260702_183418_slice_ul35_dl50_edge_cpu1_bg30m_ul_best_n_320x180_speed1p0_raw,slice_ul35_dl50,35.0,50.0,edge_cpu1,1.0,0.125,320,180,320x180,1.0,best_n.pt,best_n.pt,raw,30.0,ul,oaitun_ue2,completed,False,100,6,94,94,11,1,82,11,0.11702127659574468,0.010638297872340425,0.8723404255319149,0.11702127659574468,factory_roundtrip_ms,660.0458829787234,640.8175,790.6674,817.7672999999999,918.8051599999994,460.7253893085106,604.4745038,462.89204618085114,620.4278302999999,462.9580915425532,620.4780347999998,35.0,1.0,raw_prb_pct_cpu_product,35.0,0.5,1.0,60.0,correct_parts_per_min,7.0212765957446805,0.0033434650455927053,0.0033434650455927053,0.2006079027355623,5.854609929078014,False,,,
run_671_20260702_185653_slice_ul35_dl50_edge_cpu1_bg30m_ul_best_n_320x180_speed1p5_raw,automated_experiments/results/run_671_20260702_185653_slice_ul35_dl50_edge_cpu1_bg30m_ul_best_n_320x180_speed1p5_raw,slice_ul35_dl50,35.0,50.0,edge_cpu1,1.0,0.125,320,180,320x180,1.5,best_n.pt,best_n.pt,raw,30.0,ul,oaitun_ue2,completed,False,50,0,50,50,2,34,14,2,0.04,0.68,0.28,0.04,factory_roundtrip_ms,690.24446,672.723,804.2296,817.8361,988.8300599999997,487.8752085,612.2023158000001,490.8063859400001,613.5139001499999,490.86810851999996,613.57832775,35.0,1.0,raw_prb_pct_cpu_product,35.0,0.75,1.0,90.0,correct_parts_per_min,3.6,0.001142857142857143,0.001142857142857143,0.10285714285714286,2.4333333333333336,False,,,
run_672_20260702_190632_slice_ul35_dl50_edge_cpu1_bg30m_ul_best_n_320x180_speed2p0_raw,automated_experiments/results/run_672_20260702_190632_slice_ul35_dl50_edge_cpu1_bg30m_ul_best_n_320x180_speed2p0_raw,slice_ul35_dl50,35.0,50.0,edge_cpu1,1.0,0.125,320,180,320x180,2.0,best_n.pt,best_n.pt,raw,30.0,ul,oaitun_ue2,completed,False,50,0,50,50,0,50,0,0,0.0,1.0,0.0,0.0,factory_roundtrip_ms,667.29364,652.4105,789.2287,831.58115,900.3482599999999,468.75222556000006,623.0019272,469.82958472000007,623.87712775,469.88397332,623.92603245,35.0,1.0,raw_prb_pct_cpu_product,35.0,1.0,1.0,120.0,correct_parts_per_min,0.0,0.0,0.0,0.0,-1.1666666666666667,False,,,
run_685_20260702_191509_slice_ul25_dl50_edge_cpu7_bg30m_ul_best_n_1280x720_speed0p5_raw,automated_experiments/results/run_685_20260702_191509_slice_ul25_dl50_edge_cpu7_bg30m_ul_best_n_1280x720_speed0p5_raw,slice_ul25_dl50,25.0,50.0,edge_cpu7,7.0,0.875,1280,720,1280x720,0.5,best_n.pt,best_n.pt,raw,30.0,ul,oaitun_ue2,completed,False,50,0,50,50,31,0,19,31,0.62,0.0,0.38,0.62,factory_roundtrip_ms,971.97552,973.5605,1000.4771999999999,1009.61495,1042.40485,61.98638736,80.82790125,71.35515468,97.28591309999996,71.91357406,97.47975994999996,25.0,7.0,raw_prb_pct_cpu_product,175.0,0.25,1.0,30.0,correct_parts_per_min,18.6,0.0035428571428571427,0.0035428571428571427,0.10628571428571429,12.76666666666667,False,29.999953456696844,0.0,0.4440220312676032
run_686_20260702_192924_slice_ul25_dl50_edge_cpu7_bg30m_ul_best_n_1280x720_speed1p0_raw,automated_experiments/results/run_686_20260702_192924_slice_ul25_dl50_edge_cpu7_bg30m_ul_best_n_1280x720_speed1p0_raw,slice_ul25_dl50,25.0,50.0,edge_cpu7,7.0,0.875,1280,720,1280x720,1.0,best_n.pt,best_n.pt,raw,30.0,ul,oaitun_ue2,completed,False,77,27,50,50,31,2,17,31,0.62,0.04,0.34,0.62,factory_roundtrip_ms,956.92258,961.1804999999999,981.1394,986.90655,1016.00972,58.748908140000005,76.55964484999998,66.97834566,84.06512164999998,67.31198588000001,84.31786204999997,25.0,7.0,raw_prb_pct_cpu_product,175.0,0.5,1.0,60.0,correct_parts_per_min,37.2,0.0035428571428571427,0.0035428571428571427,0.21257142857142858,31.36666666666667,False,29.99993575003823,0.0,0.6122350929917294
run_687_20260702_194453_slice_ul25_dl50_edge_cpu7_bg30m_ul_best_n_1280x720_speed1p5_raw,automated_experiments/results/run_687_20260702_194453_slice_ul25_dl50_edge_cpu7_bg30m_ul_best_n_1280x720_speed1p5_raw,slice_ul25_dl50,25.0,50.0,edge_cpu7,7.0,0.875,1280,720,1280x720,1.5,best_n.pt,best_n.pt,raw,30.0,ul,oaitun_ue2,completed,False,58,8,50,50,0,50,0,0,0.0,1.0,0.0,0.0,factory_roundtrip_ms,971.2826799999999,969.8965000000001,990.9267,997.00085,1016.17965,64.2446105,82.28366,72.41443911999998,91.01628455,72.78434116,91.3698227,25.0,7.0,raw_prb_pct_cpu_product,175.0,0.75,1.0,90.0,correct_parts_per_min,0.0,0.0,0.0,0.0,-5.833333333333333,False,,,
run_688_20260702_195547_slice_ul25_dl50_edge_cpu7_bg30m_ul_best_n_1280x720_speed2p0_raw,automated_experiments/results/run_688_20260702_195547_slice_ul25_dl50_edge_cpu7_bg30m_ul_best_n_1280x720_speed2p0_raw,slice_ul25_dl50,25.0,50.0,edge_cpu7,7.0,0.875,1280,720,1280x720,2.0,best_n.pt,best_n.pt,raw,30.0,ul,oaitun_ue2,completed,False,51,1,50,50,0,50,0,0,0.0,1.0,0.0,0.0,factory_roundtrip_ms,972.99444,970.52,993.5131,1013.2062,1019.73349,64.95789359999999,81.64749129999998,73.54468382,89.40436324999999,74.0613896,89.84424234999999,25.0,7.0,raw_prb_pct_cpu_product,175.0,1.0,1.0,120.0,correct_parts_per_min,0.0,0.0,0.0,0.0,-5.833333333333333,False,,,
run_689_20260702_200521_slice_ul25_dl50_edge_cpu7_bg30m_ul_best_n_640x360_speed0p5_raw,automated_experiments/results/run_689_20260702_200521_slice_ul25_dl50_edge_cpu7_bg30m_ul_best_n_640x360_speed0p5_raw,slice_ul25_dl50,25.0,50.0,edge_cpu7,7.0,0.875,640,360,640x360,0.5,best_n.pt,best_n.pt,raw,30.0,ul,oaitun_ue2,completed,False,51,1,50,50,13,0,37,13,0.26,0.0,0.74,0.26,factory_roundtrip_ms,523.2556800000001,522.231,555.2488000000001,577.6197,621.1599199999998,69.6971324,105.16025559999999,72.14404872,108.40552574999998,72.25244148,108.48796749999998,25.0,7.0,raw_prb_pct_cpu_product,175.0,0.25,1.0,30.0,correct_parts_per_min,7.800000000000001,0.0014857142857142857,0.0014857142857142857,0.044571428571428574,1.9666666666666677,False,29.999938850030066,0.0,0.563210037882142
run_690_20260702_201944_slice_ul25_dl50_edge_cpu7_bg30m_ul_best_n_640x360_speed1p0_raw,automated_experiments/results/run_690_20260702_201944_slice_ul25_dl50_edge_cpu7_bg30m_ul_best_n_640x360_speed1p0_raw,slice_ul25_dl50,25.0,50.0,edge_cpu7,7.0,0.875,640,360,640x360,1.0,best_n.pt,best_n.pt,raw,30.0,ul,oaitun_ue2,completed,False,61,11,50,50,11,0,39,11,0.22,0.0,0.78,0.22,factory_roundtrip_ms,520.36134,516.717,537.7989,550.2427499999999,588.49948,66.75731822,81.40869119999999,69.21957665999999,84.4526459,69.30807272,84.6773965,25.0,7.0,raw_prb_pct_cpu_product,175.0,0.5,1.0,60.0,correct_parts_per_min,13.2,0.001257142857142857,0.001257142857142857,0.07542857142857143,7.366666666666666,False,29.999952106699872,0.0,0.5348692971365038
run_691_20260702_203211_slice_ul25_dl50_edge_cpu7_bg30m_ul_best_n_640x360_speed1p5_raw,automated_experiments/results/run_691_20260702_203211_slice_ul25_dl50_edge_cpu7_bg30m_ul_best_n_640x360_speed1p5_raw,slice_ul25_dl50,25.0,50.0,edge_cpu7,7.0,0.875,640,360,640x360,1.5,best_n.pt,best_n.pt,raw,30.0,ul,oaitun_ue2,completed,False,53,3,50,50,10,1,39,10,0.2,0.02,0.78,0.2,factory_roundtrip_ms,526.67612,522.694,547.2771,558.5921,616.1687499999998,74.19308968,94.57154829999999,76.71033518,96.7451419,76.81587604,96.81016865,25.0,7.0,raw_prb_pct_cpu_product,175.0,0.75,1.0,90.0,correct_parts_per_min,18.0,0.001142857142857143,0.001142857142857143,0.10285714285714286,12.166666666666668,False,,,
run_692_20260702_204219_slice_ul25_dl50_edge_cpu7_bg30m_ul_best_n_640x360_speed2p0_raw,automated_experiments/results/run_692_20260702_204219_slice_ul25_dl50_edge_cpu7_bg30m_ul_best_n_640x360_speed2p0_raw,slice_ul25_dl50,25.0,50.0,edge_cpu7,7.0,0.875,640,360,640x360,2.0,best_n.pt,best_n.pt,raw,30.0,ul,oaitun_ue2,completed,False,50,0,50,50,0,50,0,0,0.0,1.0,0.0,0.0,factory_roundtrip_ms,526.1593,517.1295,536.6598,547.143,672.4470999999995,75.22897217999999,92.36303529999998,77.81251225999999,95.26267234999997,77.91682284,95.35403009999997,25.0,7.0,raw_prb_pct_cpu_product,175.0,1.0,1.0,120.0,correct_parts_per_min,0.0,0.0,0.0,0.0,-5.833333333333333,False,,,
run_693_20260702_205137_slice_ul25_dl50_edge_cpu7_bg30m_ul_best_n_320x180_speed0p5_raw,automated_experiments/results/run_693_20260702_205137_slice_ul25_dl50_edge_cpu7_bg30m_ul_best_n_320x180_speed0p5_raw,slice_ul25_dl50,25.0,50.0,edge_cpu7,7.0,0.875,320,180,320x180,0.5,best_n.pt,best_n.pt,raw,30.0,ul,oaitun_ue2,completed,False,51,1,50,50,6,0,44,6,0.12,0.0,0.88,0.12,factory_roundtrip_ms,298.84154,295.55,307.5363,315.99935,417.4327899999996,59.93516716000001,72.40918045,61.02193699999999,73.4105427,61.08259424,73.4506707,25.0,7.0,raw_prb_pct_cpu_product,175.0,0.25,1.0,30.0,correct_parts_per_min,3.5999999999999996,0.0006857142857142857,0.0006857142857142857,0.02057142857142857,-2.2333333333333334,False,29.9999363500366,0.0,0.6802617258547837
run_694_20260702_210558_slice_ul25_dl50_edge_cpu7_bg30m_ul_best_n_320x180_speed1p0_raw,automated_experiments/results/run_694_20260702_210558_slice_ul25_dl50_edge_cpu7_bg30m_ul_best_n_320x180_speed1p0_raw,slice_ul25_dl50,25.0,50.0,edge_cpu7,7.0,0.875,320,180,320x180,1.0,best_n.pt,best_n.pt,raw,30.0,ul,oaitun_ue2,completed,False,50,0,50,50,6,0,44,6,0.12,0.0,0.88,0.12,factory_roundtrip_ms,309.67122,299.8745,321.2752,366.1722999999999,497.4350399999998,66.75780239999999,79.43938434999997,67.82055292,80.81283949999997,67.88683324,80.87563694999997,25.0,7.0,raw_prb_pct_cpu_product,175.0,0.5,1.0,60.0,correct_parts_per_min,7.199999999999999,0.0006857142857142857,0.0006857142857142857,0.04114285714285714,1.3666666666666663,False,,,
run_695_20260702_211641_slice_ul25_dl50_edge_cpu7_bg30m_ul_best_n_320x180_speed1p5_raw,automated_experiments/results/run_695_20260702_211641_slice_ul25_dl50_edge_cpu7_bg30m_ul_best_n_320x180_speed1p5_raw,slice_ul25_dl50,25.0,50.0,edge_cpu7,7.0,0.875,320,180,320x180,1.5,best_n.pt,best_n.pt,raw,30.0,ul,oaitun_ue2,completed,False,50,0,50,50,6,1,43,6,0.12,0.02,0.86,0.12,factory_roundtrip_ms,316.44239999999996,300.954,325.2545,357.68319999999994,617.0667599999996,69.25790968,84.84075959999998,70.36822404,86.34484834999998,70.42630014,86.40656814999998,25.0,7.0,raw_prb_pct_cpu_product,175.0,0.75,1.0,90.0,correct_parts_per_min,10.799999999999999,0.0006857142857142857,0.0006857142857142857,0.06171428571428571,4.966666666666666,False,,,
run_696_20260702_212610_slice_ul25_dl50_edge_cpu7_bg30m_ul_best_n_320x180_speed2p0_raw,automated_experiments/results/run_696_20260702_212610_slice_ul25_dl50_edge_cpu7_bg30m_ul_best_n_320x180_speed2p0_raw,slice_ul25_dl50,25.0,50.0,edge_cpu7,7.0,0.875,320,180,320x180,2.0,best_n.pt,best_n.pt,raw,30.0,ul,oaitun_ue2,completed,False,50,0,50,50,6,2,42,6,0.12,0.04,0.84,0.12,factory_roundtrip_ms,313.4232,299.4645,327.3584,383.10424999999975,564.7171099999997,64.79167342,78.84678129999999,65.93265185999999,80.10716864999999,66.00536544,80.1486895,25.0,7.0,raw_prb_pct_cpu_product,175.0,1.0,1.0,120.0,correct_parts_per_min,14.399999999999999,0.0006857142857142857,0.0006857142857142857,0.08228571428571428,8.566666666666666,False,,,
run_697_20260702_213524_slice_ul25_dl50_edge_cpu6_bg30m_ul_best_n_1280x720_speed0p5_raw,automated_experiments/results/run_697_20260702_213524_slice_ul25_dl50_edge_cpu6_bg30m_ul_best_n_1280x720_speed0p5_raw,slice_ul25_dl50,25.0,50.0,edge_cpu6,6.0,0.75,1280,720,1280x720,0.5,best_n.pt,best_n.pt,raw,30.0,ul,oaitun_ue2,completed,False,50,0,50,50,27,0,23,27,0.54,0.0,0.46,0.54,factory_roundtrip_ms,990.0838800000002,976.52,1012.0301000000001,1122.3334499999999,1296.4424,61.047845300000006,73.4028494,71.71476878,93.00162585,72.60010106,95.44519519999999,25.0,6.0,raw_prb_pct_cpu_product,150.0,0.25,1.0,30.0,correct_parts_per_min,16.200000000000003,0.0036000000000000003,0.0036000000000000003,0.10800000000000001,11.200000000000003,False,29.99993575003823,0.0,0.573686754979198
run_698_20260702_214904_slice_ul25_dl50_edge_cpu6_bg30m_ul_best_n_1280x720_speed1p0_raw,automated_experiments/results/run_698_20260702_214904_slice_ul25_dl50_edge_cpu6_bg30m_ul_best_n_1280x720_speed1p0_raw,slice_ul25_dl50,25.0,50.0,edge_cpu6,6.0,0.75,1280,720,1280x720,1.0,best_n.pt,best_n.pt,raw,30.0,ul,oaitun_ue2,completed,False,63,13,50,50,27,6,17,27,0.54,0.12,0.34,0.54,factory_roundtrip_ms,1000.82288,966.434,1014.3654000000001,1410.1714,1431.11177,60.23130218,76.72330824999999,68.31381406,89.84145319999999,68.69855038,90.23586289999999,25.0,6.0,raw_prb_pct_cpu_product,150.0,0.5,1.0,60.0,correct_parts_per_min,32.400000000000006,0.0036000000000000003,0.0036000000000000003,0.21600000000000003,27.400000000000006,False,29.999905706877882,0.0,0.6620844105688786
run_699_20260702_220217_slice_ul25_dl50_edge_cpu6_bg30m_ul_best_n_1280x720_speed1p5_raw,automated_experiments/results/run_699_20260702_220217_slice_ul25_dl50_edge_cpu6_bg30m_ul_best_n_1280x720_speed1p5_raw,slice_ul25_dl50,25.0,50.0,edge_cpu6,6.0,0.75,1280,720,1280x720,1.5,best_n.pt,best_n.pt,raw,30.0,ul,oaitun_ue2,completed,False,55,5,50,50,0,50,0,0,0.0,1.0,0.0,0.0,factory_roundtrip_ms,982.3574000000001,974.956,989.8732000000001,994.22185,1168.0508199999995,63.395115260000004,81.65574199999999,72.51837138,89.31860874999998,72.97117262,89.69726029999998,25.0,6.0,raw_prb_pct_cpu_product,150.0,0.75,1.0,90.0,correct_parts_per_min,0.0,0.0,0.0,0.0,-5.0,False,,,
run_700_20260702_221245_slice_ul25_dl50_edge_cpu6_bg30m_ul_best_n_1280x720_speed2p0_raw,automated_experiments/results/run_700_20260702_221245_slice_ul25_dl50_edge_cpu6_bg30m_ul_best_n_1280x720_speed2p0_raw,slice_ul25_dl50,25.0,50.0,edge_cpu6,6.0,0.75,1280,720,1280x720,2.0,best_n.pt,best_n.pt,raw,30.0,ul,oaitun_ue2,completed,False,52,2,50,50,0,50,0,0,0.0,1.0,0.0,0.0,factory_roundtrip_ms,986.00006,969.4125,1015.2361000000001,1033.5670499999999,1276.0232499999995,65.36991234,101.31712514999998,74.34427316,109.51585859999999,74.86621956,110.14382489999998,25.0,6.0,raw_prb_pct_cpu_product,150.0,1.0,1.0,120.0,correct_parts_per_min,0.0,0.0,0.0,0.0,-5.0,False,,,
run_701_20260702_222221_slice_ul25_dl50_edge_cpu6_bg30m_ul_best_n_640x360_speed0p5_raw,automated_experiments/results/run_701_20260702_222221_slice_ul25_dl50_edge_cpu6_bg30m_ul_best_n_640x360_speed0p5_raw,slice_ul25_dl50,25.0,50.0,edge_cpu6,6.0,0.75,640,360,640x360,0.5,best_n.pt,best_n.pt,raw,30.0,ul,oaitun_ue2,completed,False,50,0,50,50,15,0,35,15,0.3,0.0,0.7,0.3,factory_roundtrip_ms,545.6929,519.2645,577.6496,757.3684999999994,929.9089,68.83705065999999,92.25418639999997,71.96093616,95.70384659999995,72.11006156,96.22418199999996,25.0,6.0,raw_prb_pct_cpu_product,150.0,0.25,1.0,30.0,correct_parts_per_min,9.0,0.002,0.002,0.06,4.0,False,29.999931206762287,0.0,0.4459624721409834
run_702_20260702_223558_slice_ul25_dl50_edge_cpu6_bg30m_ul_best_n_640x360_speed1p0_raw,automated_experiments/results/run_702_20260702_223558_slice_ul25_dl50_edge_cpu6_bg30m_ul_best_n_640x360_speed1p0_raw,slice_ul25_dl50,25.0,50.0,edge_cpu6,6.0,0.75,640,360,640x360,1.0,best_n.pt,best_n.pt,raw,30.0,ul,oaitun_ue2,completed,False,57,7,50,50,12,1,37,12,0.24,0.02,0.74,0.24,factory_roundtrip_ms,548.88214,518.5335,541.2550000000001,795.324,1033.0475399999996,65.72053113999999,77.88602775,68.18859264000001,80.9283162,68.29695165999999,80.9940736,25.0,6.0,raw_prb_pct_cpu_product,150.0,0.5,1.0,60.0,correct_parts_per_min,14.399999999999999,0.0015999999999999999,0.0015999999999999999,0.09599999999999999,9.399999999999999,False,29.9999415000236,0.0,0.453911594658165
run_703_20260702_224749_slice_ul25_dl50_edge_cpu6_bg30m_ul_best_n_640x360_speed1p5_raw,automated_experiments/results/run_703_20260702_224749_slice_ul25_dl50_edge_cpu6_bg30m_ul_best_n_640x360_speed1p5_raw,slice_ul25_dl50,25.0,50.0,edge_cpu6,6.0,0.75,640,360,640x360,1.5,best_n.pt,best_n.pt,raw,30.0,ul,oaitun_ue2,completed,False,51,1,50,50,9,6,35,9,0.18,0.12,0.7,0.18,factory_roundtrip_ms,591.59352,528.446,729.5232000000002,1113.2655999999993,1251.4047,70.97384286,86.5811929,73.73486229999999,89.86654680000001,73.85657984,90.0541161,25.0,6.0,raw_prb_pct_cpu_product,150.0,0.75,1.0,90.0,correct_parts_per_min,16.2,0.0012,0.0012,0.108,11.2,False,,,
run_704_20260702_225707_slice_ul25_dl50_edge_cpu6_bg30m_ul_best_n_640x360_speed2p0_raw,automated_experiments/results/run_704_20260702_225707_slice_ul25_dl50_edge_cpu6_bg30m_ul_best_n_640x360_speed2p0_raw,slice_ul25_dl50,25.0,50.0,edge_cpu6,6.0,0.75,640,360,640x360,2.0,best_n.pt,best_n.pt,raw,30.0,ul,oaitun_ue2,completed,False,50,0,50,50,0,50,0,0,0.0,1.0,0.0,0.0,factory_roundtrip_ms,596.27738,524.532,704.5183000000004,1166.2970499999994,1327.36428,69.08529287999998,86.3893855,71.58349222,89.254252,71.68436904,89.3540634,25.0,6.0,raw_prb_pct_cpu_product,150.0,1.0,1.0,120.0,correct_parts_per_min,0.0,0.0,0.0,0.0,-5.0,False,,,
run_705_20260702_230626_slice_ul25_dl50_edge_cpu6_bg30m_ul_best_n_320x180_speed0p5_raw,automated_experiments/results/run_705_20260702_230626_slice_ul25_dl50_edge_cpu6_bg30m_ul_best_n_320x180_speed0p5_raw,slice_ul25_dl50,25.0,50.0,edge_cpu6,6.0,0.75,320,180,320x180,0.5,best_n.pt,best_n.pt,raw,30.0,ul,oaitun_ue2,completed,False,50,0,50,50,6,0,44,6,0.12,0.0,0.88,0.12,factory_roundtrip_ms,357.14601999999996,298.86699999999996,498.7851000000003,699.14055,988.501689999999,60.95335443999999,76.8340324,62.07937124,78.24662244999999,62.14221882000001,78.2993056,25.0,6.0,raw_prb_pct_cpu_product,150.0,0.25,1.0,30.0,correct_parts_per_min,3.5999999999999996,0.0007999999999999999,0.0007999999999999999,0.023999999999999997,-1.4000000000000004,False,29.999940806730006,0.0,0.5016766490002288
run_706_20260702_232019_slice_ul25_dl50_edge_cpu6_bg30m_ul_best_n_320x180_speed1p0_raw,automated_experiments/results/run_706_20260702_232019_slice_ul25_dl50_edge_cpu6_bg30m_ul_best_n_320x180_speed1p0_raw,slice_ul25_dl50,25.0,50.0,edge_cpu6,6.0,0.75,320,180,320x180,1.0,best_n.pt,best_n.pt,raw,30.0,ul,oaitun_ue2,completed,False,50,0,50,50,7,2,41,7,0.14,0.04,0.82,0.14,factory_roundtrip_ms,384.24338000000006,295.286,674.7073000000004,948.5411999999998,1143.1265199999998,63.74071403999999,79.88384655,64.87084764000001,81.25827065,64.92101856000001,81.32549844999998,25.0,6.0,raw_prb_pct_cpu_product,150.0,0.5,1.0,60.0,correct_parts_per_min,8.4,0.0009333333333333334,0.0009333333333333334,0.056,3.4000000000000004,False,,,
run_707_20260702_233042_slice_ul25_dl50_edge_cpu6_bg30m_ul_best_n_320x180_speed1p5_raw,automated_experiments/results/run_707_20260702_233042_slice_ul25_dl50_edge_cpu6_bg30m_ul_best_n_320x180_speed1p5_raw,slice_ul25_dl50,25.0,50.0,edge_cpu6,6.0,0.75,320,180,320x180,1.5,best_n.pt,best_n.pt,raw,30.0,ul,oaitun_ue2,completed,False,50,0,50,50,6,7,37,6,0.12,0.14,0.74,0.12,factory_roundtrip_ms,418.02026,300.178,854.1600000000001,1046.0425499999992,1366.77371,66.79625736,83.93461609999999,68.06449536,85.48707995,68.12819748,85.5643307,25.0,6.0,raw_prb_pct_cpu_product,150.0,0.75,1.0,90.0,correct_parts_per_min,10.799999999999999,0.0007999999999999999,0.0007999999999999999,0.072,5.799999999999999,False,,,
run_708_20260702_234003_slice_ul25_dl50_edge_cpu6_bg30m_ul_best_n_320x180_speed2p0_raw,automated_experiments/results/run_708_20260702_234003_slice_ul25_dl50_edge_cpu6_bg30m_ul_best_n_320x180_speed2p0_raw,slice_ul25_dl50,25.0,50.0,edge_cpu6,6.0,0.75,320,180,320x180,2.0,best_n.pt,best_n.pt,raw,30.0,ul,oaitun_ue2,completed,False,50,0,50,50,7,0,43,7,0.14,0.0,0.86,0.14,factory_roundtrip_ms,314.28894,305.563,343.8019,372.5757,390.62837999999994,71.48183039999999,123.22262285,72.62444818,124.77745845,72.6855599,124.95260069999999,25.0,6.0,raw_prb_pct_cpu_product,150.0,1.0,1.0,120.0,correct_parts_per_min,16.8,0.0009333333333333334,0.0009333333333333334,0.112,11.8,False,,,
run_709_20260702_235222_slice_ul25_dl50_edge_cpu5_bg30m_ul_best_n_1280x720_speed0p5_raw,automated_experiments/results/run_709_20260702_235222_slice_ul25_dl50_edge_cpu5_bg30m_ul_best_n_1280x720_speed0p5_raw,slice_ul25_dl50,25.0,50.0,edge_cpu5,5.0,0.625,1280,720,1280x720,0.5,best_n.pt,best_n.pt,raw,30.0,ul,oaitun_ue2,completed,False,52,2,50,50,31,0,19,31,0.62,0.0,0.38,0.62,factory_roundtrip_ms,984.2417,983.4590000000001,1033.2373,1049.3966,1066.86899,62.148818680000005,95.57336925,74.48072502000001,117.71327434999999,75.33833132,121.92026535,25.0,5.0,raw_prb_pct_cpu_product,125.0,0.25,1.0,30.0,correct_parts_per_min,18.6,0.00496,0.00496,0.14880000000000002,14.433333333333334,False,29.999922700079615,0.0,0.5516321663397232
run_710_20260703_000722_slice_ul25_dl50_edge_cpu5_bg30m_ul_best_n_1280x720_speed1p0_raw,automated_experiments/results/run_710_20260703_000722_slice_ul25_dl50_edge_cpu5_bg30m_ul_best_n_1280x720_speed1p0_raw,slice_ul25_dl50,25.0,50.0,edge_cpu5,5.0,0.625,1280,720,1280x720,1.0,best_n.pt,best_n.pt,raw,30.0,ul,oaitun_ue2,completed,False,74,24,50,50,27,7,16,27,0.54,0.14,0.32,0.54,factory_roundtrip_ms,971.21412,969.9955,1006.4640999999999,1020.502,1036.6687,61.09606115999999,82.2892873,69.813841,93.03551175,70.3630506,94.4300106,25.0,5.0,raw_prb_pct_cpu_product,125.0,0.5,1.0,60.0,correct_parts_per_min,32.400000000000006,0.00432,0.00432,0.25920000000000004,28.233333333333338,False,29.999935200039744,0.0,0.6146611331423237
run_711_20260703_002213_slice_ul25_dl50_edge_cpu5_bg30m_ul_best_n_1280x720_speed1p5_raw,automated_experiments/results/run_711_20260703_002213_slice_ul25_dl50_edge_cpu5_bg30m_ul_best_n_1280x720_speed1p5_raw,slice_ul25_dl50,25.0,50.0,edge_cpu5,5.0,0.625,1280,720,1280x720,1.5,best_n.pt,best_n.pt,raw,30.0,ul,oaitun_ue2,completed,False,56,6,50,50,0,50,0,0,0.0,1.0,0.0,0.0,factory_roundtrip_ms,991.7015400000001,981.995,1013.1243999999999,1021.6386500000001,1276.7874099999995,63.55228232,84.21466289999995,72.65323364,101.46709929999999,73.1338814,103.71499744999998,25.0,5.0,raw_prb_pct_cpu_product,125.0,0.75,1.0,90.0,correct_parts_per_min,0.0,0.0,0.0,0.0,-4.166666666666667,False,29.999936700035658,0.0,0.4448169192501936
run_712_20260703_003348_slice_ul25_dl50_edge_cpu5_bg30m_ul_best_n_1280x720_speed2p0_raw,automated_experiments/results/run_712_20260703_003348_slice_ul25_dl50_edge_cpu5_bg30m_ul_best_n_1280x720_speed2p0_raw,slice_ul25_dl50,25.0,50.0,edge_cpu5,5.0,0.625,1280,720,1280x720,2.0,best_n.pt,best_n.pt,raw,30.0,ul,oaitun_ue2,completed,False,52,2,50,50,0,50,0,0,0.0,1.0,0.0,0.0,factory_roundtrip_ms,982.88466,979.193,993.3693999999999,1016.646,1086.0159499999997,63.21851632,81.11383809999995,73.08436874,95.7675132,73.56357077999999,97.8897571,25.0,5.0,raw_prb_pct_cpu_product,125.0,1.0,1.0,120.0,correct_parts_per_min,0.0,0.0,0.0,0.0,-4.166666666666667,False,,,
run_713_20260703_004312_slice_ul25_dl50_edge_cpu5_bg30m_ul_best_n_640x360_speed0p5_raw,automated_experiments/results/run_713_20260703_004312_slice_ul25_dl50_edge_cpu5_bg30m_ul_best_n_640x360_speed0p5_raw,slice_ul25_dl50,25.0,50.0,edge_cpu5,5.0,0.625,640,360,640x360,0.5,best_n.pt,best_n.pt,raw,30.0,ul,oaitun_ue2,completed,False,50,0,50,50,14,0,36,14,0.28,0.0,0.72,0.28,factory_roundtrip_ms,521.00818,522.4175,542.3676,546.5498,550.96668,65.94682562,79.9259854,68.36251086,82.74398615,68.44330581999999,82.83589675,25.0,5.0,raw_prb_pct_cpu_product,125.0,0.25,1.0,30.0,correct_parts_per_min,8.4,0.0022400000000000002,0.0022400000000000002,0.06720000000000001,4.233333333333333,False,29.99992175008308,0.0,0.717204478836103
run_714_20260703_005749_slice_ul25_dl50_edge_cpu5_bg30m_ul_best_n_640x360_speed1p0_raw,automated_experiments/results/run_714_20260703_005749_slice_ul25_dl50_edge_cpu5_bg30m_ul_best_n_640x360_speed1p0_raw,slice_ul25_dl50,25.0,50.0,edge_cpu5,5.0,0.625,640,360,640x360,1.0,best_n.pt,best_n.pt,raw,30.0,ul,oaitun_ue2,completed,False,57,7,50,50,13,0,37,13,0.26,0.0,0.74,0.26,factory_roundtrip_ms,518.47292,519.98,532.4453,536.58655,550.4337999999999,65.58678088,77.71695779999999,67.93968104,81.05300144999998,68.02912686,81.13740214999999,25.0,5.0,raw_prb_pct_cpu_product,125.0,0.5,1.0,60.0,correct_parts_per_min,15.600000000000001,0.0020800000000000003,0.0020800000000000003,0.12480000000000001,11.433333333333334,False,29.99993985002757,0.0,0.5497657393582892
run_715_20260703_011008_slice_ul25_dl50_edge_cpu5_bg30m_ul_best_n_640x360_speed1p5_raw,automated_experiments/results/run_715_20260703_011008_slice_ul25_dl50_edge_cpu5_bg30m_ul_best_n_640x360_speed1p5_raw,slice_ul25_dl50,25.0,50.0,edge_cpu5,5.0,0.625,640,360,640x360,1.5,best_n.pt,best_n.pt,raw,30.0,ul,oaitun_ue2,completed,False,51,1,50,50,13,0,37,13,0.26,0.0,0.74,0.26,factory_roundtrip_ms,524.70174,520.7165,537.8572,579.98245,602.0477999999999,71.26395280000001,115.75569094999993,73.73093109999999,118.58341484999993,73.82759152,118.71769049999993,25.0,5.0,raw_prb_pct_cpu_product,125.0,0.75,1.0,90.0,correct_parts_per_min,23.400000000000002,0.0020800000000000003,0.0020800000000000003,0.1872,19.233333333333334,False,,,
run_716_20260703_012024_slice_ul25_dl50_edge_cpu5_bg30m_ul_best_n_640x360_speed2p0_raw,automated_experiments/results/run_716_20260703_012024_slice_ul25_dl50_edge_cpu5_bg30m_ul_best_n_640x360_speed2p0_raw,slice_ul25_dl50,25.0,50.0,edge_cpu5,5.0,0.625,640,360,640x360,2.0,best_n.pt,best_n.pt,raw,30.0,ul,oaitun_ue2,completed,False,51,1,50,50,0,50,0,0,0.0,1.0,0.0,0.0,factory_roundtrip_ms,527.20038,521.3915,544.0837,564.56455,590.5631,71.30157414,106.75507149999997,73.85269566,109.96704664999997,73.96529330000001,110.17207519999998,25.0,5.0,raw_prb_pct_cpu_product,125.0,1.0,1.0,120.0,correct_parts_per_min,0.0,0.0,0.0,0.0,-4.166666666666667,False,,,
run_717_20260703_013019_slice_ul25_dl50_edge_cpu5_bg30m_ul_best_n_320x180_speed0p5_raw,automated_experiments/results/run_717_20260703_013019_slice_ul25_dl50_edge_cpu5_bg30m_ul_best_n_320x180_speed0p5_raw,slice_ul25_dl50,25.0,50.0,edge_cpu5,5.0,0.625,320,180,320x180,0.5,best_n.pt,best_n.pt,raw,30.0,ul,oaitun_ue2,completed,False,50,0,50,50,4,0,46,4,0.08,0.0,0.92,0.08,factory_roundtrip_ms,299.19638,298.6365,321.7391,333.2024,339.44434,62.29161667999999,82.67626779999998,63.445096240000005,84.06637534999999,63.49647954,84.12375174999998,25.0,5.0,raw_prb_pct_cpu_product,125.0,0.25,1.0,30.0,correct_parts_per_min,2.4,0.00064,0.00064,0.0192,-1.766666666666667,False,29.999928150060956,0.0,0.5196977069692493
run_718_20260703_014502_slice_ul25_dl50_edge_cpu5_bg30m_ul_best_n_320x180_speed1p0_raw,automated_experiments/results/run_718_20260703_014502_slice_ul25_dl50_edge_cpu5_bg30m_ul_best_n_320x180_speed1p0_raw,slice_ul25_dl50,25.0,50.0,edge_cpu5,5.0,0.625,320,180,320x180,1.0,best_n.pt,best_n.pt,raw,30.0,ul,oaitun_ue2,completed,False,50,0,50,50,6,0,44,6,0.12,0.0,0.88,0.12,factory_roundtrip_ms,301.12420000000003,296.7325,315.7819,333.24769999999995,363.21171999999996,65.27797214,92.17317129999994,66.3712809,93.31729879999993,66.43219377999999,93.41781884999995,25.0,5.0,raw_prb_pct_cpu_product,125.0,0.5,1.0,60.0,correct_parts_per_min,7.199999999999999,0.0009599999999999999,0.0009599999999999999,0.05759999999999999,3.0333333333333323,False,29.99994055002586,0.0,0.603823022230968
run_719_20260703_015617_slice_ul25_dl50_edge_cpu5_bg30m_ul_best_n_320x180_speed1p5_raw,automated_experiments/results/run_719_20260703_015617_slice_ul25_dl50_edge_cpu5_bg30m_ul_best_n_320x180_speed1p5_raw,slice_ul25_dl50,25.0,50.0,edge_cpu5,5.0,0.625,320,180,320x180,1.5,best_n.pt,best_n.pt,raw,30.0,ul,oaitun_ue2,completed,False,50,0,50,50,6,0,44,6,0.12,0.0,0.88,0.12,factory_roundtrip_ms,303.19975999999997,299.6815,315.14680000000004,321.8592,377.2821399999999,67.62049051999999,84.11725475,68.72824940000001,85.32269074999999,68.7836574,85.3636526,25.0,5.0,raw_prb_pct_cpu_product,125.0,0.75,1.0,90.0,correct_parts_per_min,10.799999999999999,0.0009599999999999999,0.0009599999999999999,0.08639999999999999,6.633333333333332,False,,,
run_720_20260703_020615_slice_ul25_dl50_edge_cpu5_bg30m_ul_best_n_320x180_speed2p0_raw,automated_experiments/results/run_720_20260703_020615_slice_ul25_dl50_edge_cpu5_bg30m_ul_best_n_320x180_speed2p0_raw,slice_ul25_dl50,25.0,50.0,edge_cpu5,5.0,0.625,320,180,320x180,2.0,best_n.pt,best_n.pt,raw,30.0,ul,oaitun_ue2,completed,False,50,0,50,50,7,0,43,7,0.14,0.0,0.86,0.14,factory_roundtrip_ms,306.52871999999996,298.7505,322.2631,357.9403,397.4296499999999,69.08461602,97.73422999999994,70.24901266,99.19530494999995,70.30737506,99.25920714999994,25.0,5.0,raw_prb_pct_cpu_product,125.0,1.0,1.0,120.0,correct_parts_per_min,16.8,0.0011200000000000001,0.0011200000000000001,0.13440000000000002,12.633333333333333,False,,,
run_733_20260703_021602_slice_ul25_dl50_edge_cpu3_bg30m_ul_best_n_1280x720_speed0p5_raw,automated_experiments/results/run_733_20260703_021602_slice_ul25_dl50_edge_cpu3_bg30m_ul_best_n_1280x720_speed0p5_raw,slice_ul25_dl50,25.0,50.0,edge_cpu3,3.0,0.375,1280,720,1280x720,0.5,best_n.pt,best_n.pt,raw,30.0,ul,oaitun_ue2,completed,False,53,3,50,50,28,0,22,28,0.56,0.0,0.44,0.56,factory_roundtrip_ms,987.30056,984.136,1033.9206,1056.2618499999999,1124.85601,80.85327354,124.30917869999999,90.31237896000002,132.30081335,90.88587372000002,132.59028985,25.0,3.0,raw_prb_pct_cpu_product,75.0,0.25,1.0,30.0,correct_parts_per_min,16.8,0.0074666666666666675,0.0074666666666666675,0.224,14.3,False,29.999935400039192,0.015187934601783295,0.6431763401854323
run_734_20260703_023134_slice_ul25_dl50_edge_cpu3_bg30m_ul_best_n_1280x720_speed1p0_raw,automated_experiments/results/run_734_20260703_023134_slice_ul25_dl50_edge_cpu3_bg30m_ul_best_n_1280x720_speed1p0_raw,slice_ul25_dl50,25.0,50.0,edge_cpu3,3.0,0.375,1280,720,1280x720,1.0,best_n.pt,best_n.pt,raw,30.0,ul,oaitun_ue2,completed,False,61,11,50,50,12,26,12,12,0.24,0.52,0.24,0.24,factory_roundtrip_ms,999.36144,994.8865000000001,1049.9744,1058.6721,1061.64749,91.46929988,129.28496015,100.6738753,144.17191524999998,101.1753973,144.91060429999996,25.0,3.0,raw_prb_pct_cpu_product,75.0,0.5,1.0,60.0,correct_parts_per_min,14.399999999999999,0.0031999999999999997,0.0031999999999999997,0.19199999999999998,11.899999999999999,False,29.999960606682823,0.03359363033878082,0.4318781593918777
run_735_20260703_024437_slice_ul25_dl50_edge_cpu3_bg30m_ul_best_n_1280x720_speed1p5_raw,automated_experiments/results/run_735_20260703_024437_slice_ul25_dl50_edge_cpu3_bg30m_ul_best_n_1280x720_speed1p5_raw,slice_ul25_dl50,25.0,50.0,edge_cpu3,3.0,0.375,1280,720,1280x720,1.5,best_n.pt,best_n.pt,raw,30.0,ul,oaitun_ue2,completed,False,54,4,50,50,0,50,0,0,0.0,1.0,0.0,0.0,factory_roundtrip_ms,1011.39206,1004.5065,1062.3355999999999,1091.50535,1103.01499,92.80923788,138.19880909999992,103.61799256,154.60043584999997,104.12896468,156.65571089999997,25.0,3.0,raw_prb_pct_cpu_product,75.0,0.75,1.0,90.0,correct_parts_per_min,0.0,0.0,0.0,0.0,-2.5,False,,,
run_736_20260703_025538_slice_ul25_dl50_edge_cpu3_bg30m_ul_best_n_1280x720_speed2p0_raw,automated_experiments/results/run_736_20260703_025538_slice_ul25_dl50_edge_cpu3_bg30m_ul_best_n_1280x720_speed2p0_raw,slice_ul25_dl50,25.0,50.0,edge_cpu3,3.0,0.375,1280,720,1280x720,2.0,best_n.pt,best_n.pt,raw,30.0,ul,oaitun_ue2,completed,False,52,2,50,50,0,50,0,0,0.0,1.0,0.0,0.0,factory_roundtrip_ms,1006.29936,1000.0965,1046.7513,1072.7875999999999,1115.91564,95.67777937999999,131.09099125,105.59958461999999,140.82467425,106.10307705999999,141.01716725,25.0,3.0,raw_prb_pct_cpu_product,75.0,1.0,1.0,120.0,correct_parts_per_min,0.0,0.0,0.0,0.0,-2.5,False,,,
run_737_20260703_030550_slice_ul25_dl50_edge_cpu3_bg30m_ul_best_n_640x360_speed0p5_raw,automated_experiments/results/run_737_20260703_030550_slice_ul25_dl50_edge_cpu3_bg30m_ul_best_n_640x360_speed0p5_raw,slice_ul25_dl50,25.0,50.0,edge_cpu3,3.0,0.375,640,360,640x360,0.5,best_n.pt,best_n.pt,raw,30.0,ul,oaitun_ue2,completed,False,50,0,50,50,14,0,36,14,0.28,0.0,0.72,0.28,factory_roundtrip_ms,545.87988,543.466,582.8441,620.3643499999998,652.03678,91.60625210000002,139.73651175,94.39593268,142.51913055,94.52001742,142.6182776,25.0,3.0,raw_prb_pct_cpu_product,75.0,0.25,1.0,30.0,correct_parts_per_min,8.4,0.0037333333333333337,0.0037333333333333337,0.112,5.9,False,29.999954656694253,0.03610349927213801,0.5979673147752127
run_738_20260703_032040_slice_ul25_dl50_edge_cpu3_bg30m_ul_best_n_640x360_speed1p0_raw,automated_experiments/results/run_738_20260703_032040_slice_ul25_dl50_edge_cpu3_bg30m_ul_best_n_640x360_speed1p0_raw,slice_ul25_dl50,25.0,50.0,edge_cpu3,3.0,0.375,640,360,640x360,1.0,best_n.pt,best_n.pt,raw,30.0,ul,oaitun_ue2,completed,False,57,7,50,50,12,0,38,12,0.24,0.0,0.76,0.24,factory_roundtrip_ms,564.7002600000001,549.9635000000001,607.6260000000001,700.1042499999998,878.5807599999998,94.42109226000001,131.01463525,97.29993871999999,133.87716199999997,97.40941118,133.9931436,25.0,3.0,raw_prb_pct_cpu_product,75.0,0.5,1.0,60.0,correct_parts_per_min,14.399999999999999,0.0031999999999999997,0.0031999999999999997,0.19199999999999998,11.899999999999999,False,29.99993415004269,0.028316488240612923,0.6028832416738017
run_739_20260703_033306_slice_ul25_dl50_edge_cpu3_bg30m_ul_best_n_640x360_speed1p5_raw,automated_experiments/results/run_739_20260703_033306_slice_ul25_dl50_edge_cpu3_bg30m_ul_best_n_640x360_speed1p5_raw,slice_ul25_dl50,25.0,50.0,edge_cpu3,3.0,0.375,640,360,640x360,1.5,best_n.pt,best_n.pt,raw,30.0,ul,oaitun_ue2,completed,False,50,0,50,50,11,2,37,11,0.22,0.04,0.74,0.22,factory_roundtrip_ms,557.9378,551.0225,596.0244,616.3196999999999,709.1071799999999,100.42802434,144.93348404999998,102.95218959999998,148.50148394999997,103.0477473,148.61091464999996,25.0,3.0,raw_prb_pct_cpu_product,75.0,0.75,1.0,90.0,correct_parts_per_min,19.8,0.0029333333333333334,0.0029333333333333334,0.264,17.3,False,,,
run_740_20260703_034324_slice_ul25_dl50_edge_cpu3_bg30m_ul_best_n_640x360_speed2p0_raw,automated_experiments/results/run_740_20260703_034324_slice_ul25_dl50_edge_cpu3_bg30m_ul_best_n_640x360_speed2p0_raw,slice_ul25_dl50,25.0,50.0,edge_cpu3,3.0,0.375,640,360,640x360,2.0,best_n.pt,best_n.pt,raw,30.0,ul,oaitun_ue2,completed,False,51,1,50,50,0,50,0,0,0.0,1.0,0.0,0.0,factory_roundtrip_ms,567.8139400000001,561.4955,597.0972,631.9902,817.5578099999994,109.32953612,158.85326784999998,111.9075475,162.27190984999996,112.00132211999998,162.35161994999996,25.0,3.0,raw_prb_pct_cpu_product,75.0,1.0,1.0,120.0,correct_parts_per_min,0.0,0.0,0.0,0.0,-2.5,False,,,
run_741_20260703_035330_slice_ul25_dl50_edge_cpu3_bg30m_ul_best_n_320x180_speed0p5_raw,automated_experiments/results/run_741_20260703_035330_slice_ul25_dl50_edge_cpu3_bg30m_ul_best_n_320x180_speed0p5_raw,slice_ul25_dl50,25.0,50.0,edge_cpu3,3.0,0.375,320,180,320x180,0.5,best_n.pt,best_n.pt,raw,30.0,ul,oaitun_ue2,completed,False,50,0,50,50,6,0,44,6,0.12,0.0,0.88,0.12,factory_roundtrip_ms,321.3643,317.2325,355.26730000000003,373.4271499999999,438.65817,82.23163472,123.35315609999998,83.28701848000003,124.56438844999998,83.3422235,124.63288164999997,25.0,3.0,raw_prb_pct_cpu_product,75.0,0.25,1.0,30.0,correct_parts_per_min,3.5999999999999996,0.0015999999999999999,0.0015999999999999999,0.047999999999999994,1.0999999999999996,False,29.99993685003526,0.016668114668906244,0.4927303003243943
run_742_20260703_040825_slice_ul25_dl50_edge_cpu3_bg30m_ul_best_n_320x180_speed1p0_raw,automated_experiments/results/run_742_20260703_040825_slice_ul25_dl50_edge_cpu3_bg30m_ul_best_n_320x180_speed1p0_raw,slice_ul25_dl50,25.0,50.0,edge_cpu3,3.0,0.375,320,180,320x180,1.0,best_n.pt,best_n.pt,raw,30.0,ul,oaitun_ue2,completed,False,50,0,50,50,7,0,43,7,0.14,0.0,0.86,0.14,factory_roundtrip_ms,328.6685,333.048,357.123,366.52255,389.35102,92.70077116,123.65290859999998,94.06622495999999,125.24235705,94.14802832,125.68102964999999,25.0,3.0,raw_prb_pct_cpu_product,75.0,0.5,1.0,60.0,correct_parts_per_min,8.4,0.0018666666666666669,0.0018666666666666669,0.112,5.9,False,29.9999363500366,0.037519346918812126,0.5546617121323012
run_743_20260703_041948_slice_ul25_dl50_edge_cpu3_bg30m_ul_best_n_320x180_speed1p5_raw,automated_experiments/results/run_743_20260703_041948_slice_ul25_dl50_edge_cpu3_bg30m_ul_best_n_320x180_speed1p5_raw,slice_ul25_dl50,25.0,50.0,edge_cpu3,3.0,0.375,320,180,320x180,1.5,best_n.pt,best_n.pt,raw,30.0,ul,oaitun_ue2,completed,False,50,0,50,50,7,0,43,7,0.14,0.0,0.86,0.14,factory_roundtrip_ms,337.37154000000004,328.28499999999997,379.20140000000004,428.69829999999985,492.6278299999999,97.23178891999999,146.46643215,98.57721649999999,147.70364955,98.65518849999998,147.83376815,25.0,3.0,raw_prb_pct_cpu_product,75.0,0.75,1.0,90.0,correct_parts_per_min,12.600000000000001,0.0018666666666666669,0.0018666666666666669,0.168,10.100000000000001,False,,,
run_744_20260703_042955_slice_ul25_dl50_edge_cpu3_bg30m_ul_best_n_320x180_speed2p0_raw,automated_experiments/results/run_744_20260703_042955_slice_ul25_dl50_edge_cpu3_bg30m_ul_best_n_320x180_speed2p0_raw,slice_ul25_dl50,25.0,50.0,edge_cpu3,3.0,0.375,320,180,320x180,2.0,best_n.pt,best_n.pt,raw,30.0,ul,oaitun_ue2,completed,False,50,0,50,50,7,0,43,7,0.14,0.0,0.86,0.14,factory_roundtrip_ms,332.6662,320.896,384.273,417.61819999999994,489.70975,93.87047069999998,141.39377675,95.17694552,142.8321922,95.24858132000001,142.89559509999998,25.0,3.0,raw_prb_pct_cpu_product,75.0,1.0,1.0,120.0,correct_parts_per_min,16.8,0.0018666666666666669,0.0018666666666666669,0.224,14.3,False,,,
run_752_20260704_215309_slice_ul35_dl50_edge_cpu2_bg30m_ul_best_n_640x360_speed2p0_raw,automated_experiments/results/run_752_20260704_215309_slice_ul35_dl50_edge_cpu2_bg30m_ul_best_n_640x360_speed2p0_raw,slice_ul35_dl50,35.0,50.0,edge_cpu2,2.0,0.25,640,360,640x360,2.0,best_n.pt,best_n.pt,raw,30.0,ul,oaitun_ue2,completed,False,50,0,50,50,0,50,0,0,0.0,1.0,0.0,0.0,factory_roundtrip_ms,561.3923,555.652,605.0994000000001,612.24165,624.30661,170.0107427,217.71536329999998,172.77098074000003,225.19028584999998,172.87903785999998,225.30256599999998,35.0,2.0,raw_prb_pct_cpu_product,70.0,1.0,1.0,120.0,correct_parts_per_min,0.0,0.0,0.0,0.0,-2.3333333333333335,False,,,
run_781_20260703_043951_slice_ul15_dl50_edge_cpu7_bg30m_ul_best_n_1280x720_speed0p5_raw,automated_experiments/results/run_781_20260703_043951_slice_ul15_dl50_edge_cpu7_bg30m_ul_best_n_1280x720_speed0p5_raw,slice_ul15_dl50,15.0,50.0,edge_cpu7,7.0,0.875,1280,720,1280x720,0.5,best_n.pt,best_n.pt,raw,30.0,ul,oaitun_ue2,completed,False,51,1,50,50,27,0,23,27,0.54,0.0,0.46,0.54,factory_roundtrip_ms,1352.6258599999999,1360.5075000000002,1376.4415,1387.84155,1412.75307,61.88013258,72.00006425,70.77021682,83.7401127,71.39902032,84.13527979999999,15.0,7.0,raw_prb_pct_cpu_product,105.0,0.25,1.0,30.0,correct_parts_per_min,16.200000000000003,0.0051428571428571435,0.0051428571428571435,0.1542857142857143,12.700000000000003,False,29.999957406688672,0.0,0.4125955259771944
run_782_20260703_045508_slice_ul15_dl50_edge_cpu7_bg30m_ul_best_n_1280x720_speed1p0_raw,automated_experiments/results/run_782_20260703_045508_slice_ul15_dl50_edge_cpu7_bg30m_ul_best_n_1280x720_speed1p0_raw,slice_ul15_dl50,15.0,50.0,edge_cpu7,7.0,0.875,1280,720,1280x720,1.0,best_n.pt,best_n.pt,raw,30.0,ul,oaitun_ue2,completed,False,84,34,50,50,0,50,0,0,0.0,1.0,0.0,0.0,factory_roundtrip_ms,1365.16138,1348.203,1413.4667000000002,1636.9382499999997,1685.35739,58.691049719999995,74.4892136,67.77800466,87.63799239999997,68.19793512,88.13905834999998,15.0,7.0,raw_prb_pct_cpu_product,105.0,0.5,1.0,60.0,correct_parts_per_min,0.0,0.0,0.0,0.0,-3.5,False,29.99993830673782,0.0,0.5187244391710397
run_783_20260703_051202_slice_ul15_dl50_edge_cpu7_bg30m_ul_best_n_1280x720_speed1p5_raw,automated_experiments/results/run_783_20260703_051202_slice_ul15_dl50_edge_cpu7_bg30m_ul_best_n_1280x720_speed1p5_raw,slice_ul15_dl50,15.0,50.0,edge_cpu7,7.0,0.875,1280,720,1280x720,1.5,best_n.pt,best_n.pt,raw,30.0,ul,oaitun_ue2,completed,False,57,7,50,50,0,50,0,0,0.0,1.0,0.0,0.0,factory_roundtrip_ms,1374.8941600000003,1355.0355,1399.0537000000002,1505.1534999999994,1750.28426,62.77462863999999,72.83063569999999,72.27373861999999,87.07910754999999,72.77325714000001,87.63468904999999,15.0,7.0,raw_prb_pct_cpu_product,105.0,0.75,1.0,90.0,correct_parts_per_min,0.0,0.0,0.0,0.0,-3.5,False,29.999949906705073,0.0,0.5243374447542364
run_784_20260703_052333_slice_ul15_dl50_edge_cpu7_bg30m_ul_best_n_1280x720_speed2p0_raw,automated_experiments/results/run_784_20260703_052333_slice_ul15_dl50_edge_cpu7_bg30m_ul_best_n_1280x720_speed2p0_raw,slice_ul15_dl50,15.0,50.0,edge_cpu7,7.0,0.875,1280,720,1280x720,2.0,best_n.pt,best_n.pt,raw,30.0,ul,oaitun_ue2,completed,False,51,1,50,50,0,50,0,0,0.0,1.0,0.0,0.0,factory_roundtrip_ms,1375.1132200000002,1362.5655000000002,1401.9078,1416.94885,1662.0846199999996,66.5502471,82.13394484999999,76.84679418,99.1783267,77.45357557999999,101.77819995,15.0,7.0,raw_prb_pct_cpu_product,105.0,1.0,1.0,120.0,correct_parts_per_min,0.0,0.0,0.0,0.0,-3.5,False,,,
run_785_20260703_053342_slice_ul15_dl50_edge_cpu7_bg30m_ul_best_n_640x360_speed0p5_raw,automated_experiments/results/run_785_20260703_053342_slice_ul15_dl50_edge_cpu7_bg30m_ul_best_n_640x360_speed0p5_raw,slice_ul15_dl50,15.0,50.0,edge_cpu7,7.0,0.875,640,360,640x360,0.5,best_n.pt,best_n.pt,raw,30.0,ul,oaitun_ue2,completed,False,50,0,50,50,15,0,35,15,0.3,0.0,0.7,0.3,factory_roundtrip_ms,660.86992,642.367,669.0708,756.3110499999998,1140.9655299999997,67.69728958,95.04935079999998,71.19946411999999,97.55293749999998,71.38139976,97.63900389999998,15.0,7.0,raw_prb_pct_cpu_product,105.0,0.25,1.0,30.0,correct_parts_per_min,9.0,0.002857142857142857,0.002857142857142857,0.08571428571428572,5.5,False,29.999935250039606,0.0,0.5436143625337116
run_786_20260703_054841_slice_ul15_dl50_edge_cpu7_bg30m_ul_best_n_640x360_speed1p0_raw,automated_experiments/results/run_786_20260703_054841_slice_ul15_dl50_edge_cpu7_bg30m_ul_best_n_640x360_speed1p0_raw,slice_ul15_dl50,15.0,50.0,edge_cpu7,7.0,0.875,640,360,640x360,1.0,best_n.pt,best_n.pt,raw,30.0,ul,oaitun_ue2,completed,False,55,5,50,50,11,1,38,11,0.22,0.02,0.76,0.22,factory_roundtrip_ms,657.9630199999999,636.0495000000001,692.9352,810.7727999999995,1049.8080999999997,66.24549461999999,90.45570564999997,68.89878893999999,94.21406299999997,69.02004498,94.57494054999998,15.0,7.0,raw_prb_pct_cpu_product,105.0,0.5,1.0,60.0,correct_parts_per_min,13.2,0.0020952380952380953,0.0020952380952380953,0.1257142857142857,9.7,False,29.999934350042125,0.0,0.7770465221176607
run_787_20260703_060053_slice_ul15_dl50_edge_cpu7_bg30m_ul_best_n_640x360_speed1p5_raw,automated_experiments/results/run_787_20260703_060053_slice_ul15_dl50_edge_cpu7_bg30m_ul_best_n_640x360_speed1p5_raw,slice_ul15_dl50,15.0,50.0,edge_cpu7,7.0,0.875,640,360,640x360,1.5,best_n.pt,best_n.pt,raw,30.0,ul,oaitun_ue2,completed,False,51,1,50,50,6,18,26,6,0.12,0.36,0.52,0.12,factory_roundtrip_ms,654.1120599999999,645.6655000000001,672.8933,693.42975,850.6058999999995,69.23004808,88.04636099999999,71.89612426,90.38278199999999,71.99316072,90.48424349999999,15.0,7.0,raw_prb_pct_cpu_product,105.0,0.75,1.0,90.0,correct_parts_per_min,10.799999999999999,0.0011428571428571427,0.0011428571428571427,0.10285714285714284,7.299999999999999,False,,,
run_788_20260703_061120_slice_ul15_dl50_edge_cpu7_bg30m_ul_best_n_640x360_speed2p0_raw,automated_experiments/results/run_788_20260703_061120_slice_ul15_dl50_edge_cpu7_bg30m_ul_best_n_640x360_speed2p0_raw,slice_ul15_dl50,15.0,50.0,edge_cpu7,7.0,0.875,640,360,640x360,2.0,best_n.pt,best_n.pt,raw,30.0,ul,oaitun_ue2,completed,False,50,0,50,50,0,50,0,0,0.0,1.0,0.0,0.0,factory_roundtrip_ms,665.50246,642.453,671.5311,742.5277999999997,1113.0060499999995,70.6430917,87.64193685,73.50583196000001,90.86933434999999,73.61048676,90.94901229999998,15.0,7.0,raw_prb_pct_cpu_product,105.0,1.0,1.0,120.0,correct_parts_per_min,0.0,0.0,0.0,0.0,-3.5,False,,,
run_789_20260703_062120_slice_ul15_dl50_edge_cpu7_bg30m_ul_best_n_320x180_speed0p5_raw,automated_experiments/results/run_789_20260703_062120_slice_ul15_dl50_edge_cpu7_bg30m_ul_best_n_320x180_speed0p5_raw,slice_ul15_dl50,15.0,50.0,edge_cpu7,7.0,0.875,320,180,320x180,0.5,best_n.pt,best_n.pt,raw,30.0,ul,oaitun_ue2,completed,False,50,0,50,50,6,0,44,6,0.12,0.0,0.88,0.12,factory_roundtrip_ms,379.30292000000003,366.84950000000003,384.73789999999997,395.4867,749.6573699999988,61.58751962,76.66735905,62.745967019999995,77.97178165,62.82671214,78.03554444999999,15.0,7.0,raw_prb_pct_cpu_product,105.0,0.25,1.0,30.0,correct_parts_per_min,3.5999999999999996,0.0011428571428571427,0.0011428571428571427,0.03428571428571428,0.09999999999999964,False,29.999961506681295,0.0,0.5339983142834238
run_790_20260703_063622_slice_ul15_dl50_edge_cpu7_bg30m_ul_best_n_320x180_speed1p0_raw,automated_experiments/results/run_790_20260703_063622_slice_ul15_dl50_edge_cpu7_bg30m_ul_best_n_320x180_speed1p0_raw,slice_ul15_dl50,15.0,50.0,edge_cpu7,7.0,0.875,320,180,320x180,1.0,best_n.pt,best_n.pt,raw,30.0,ul,oaitun_ue2,completed,False,50,0,50,50,5,0,45,5,0.1,0.0,0.9,0.1,factory_roundtrip_ms,382.61606,369.181,386.7906,401.25964999999997,697.3697499999989,64.00370148,77.67527454999998,65.02051768,79.4305558,65.07589936000001,79.4832304,15.0,7.0,raw_prb_pct_cpu_product,105.0,0.5,1.0,60.0,correct_parts_per_min,6.0,0.0009523809523809524,0.0009523809523809524,0.05714285714285714,2.5,False,29.9999503067041,0.0,0.4376650348733359
run_791_20260703_064753_slice_ul15_dl50_edge_cpu7_bg30m_ul_best_n_320x180_speed1p5_raw,automated_experiments/results/run_791_20260703_064753_slice_ul15_dl50_edge_cpu7_bg30m_ul_best_n_320x180_speed1p5_raw,slice_ul15_dl50,15.0,50.0,edge_cpu7,7.0,0.875,320,180,320x180,1.5,best_n.pt,best_n.pt,raw,30.0,ul,oaitun_ue2,completed,False,50,0,50,50,6,2,42,6,0.12,0.04,0.84,0.12,factory_roundtrip_ms,394.96618,366.0325,413.2658,536.1350999999995,890.2025099999992,65.52404487999999,91.61519234999999,66.65725512,92.76980964999998,66.7245393,92.83950169999999,15.0,7.0,raw_prb_pct_cpu_product,105.0,0.75,1.0,90.0,correct_parts_per_min,10.799999999999999,0.0011428571428571427,0.0011428571428571427,0.10285714285714284,7.299999999999999,False,,,
run_792_20260703_065758_slice_ul15_dl50_edge_cpu7_bg30m_ul_best_n_320x180_speed2p0_raw,automated_experiments/results/run_792_20260703_065758_slice_ul15_dl50_edge_cpu7_bg30m_ul_best_n_320x180_speed2p0_raw,slice_ul15_dl50,15.0,50.0,edge_cpu7,7.0,0.875,320,180,320x180,2.0,best_n.pt,best_n.pt,raw,30.0,ul,oaitun_ue2,completed,False,50,0,50,50,5,6,39,5,0.1,0.12,0.78,0.1,factory_roundtrip_ms,418.7763999999999,363.1005,702.7335000000002,831.2933499999998,958.5583199999996,59.91390716,67.677304,60.9931086,68.705129,61.04562126,68.76471049999999,15.0,7.0,raw_prb_pct_cpu_product,105.0,1.0,1.0,120.0,correct_parts_per_min,12.0,0.0009523809523809524,0.0009523809523809524,0.11428571428571428,8.5,False,,,
run_793_20260703_070735_slice_ul15_dl50_edge_cpu6_bg30m_ul_best_n_1280x720_speed0p5_raw,automated_experiments/results/run_793_20260703_070735_slice_ul15_dl50_edge_cpu6_bg30m_ul_best_n_1280x720_speed0p5_raw,slice_ul15_dl50,15.0,50.0,edge_cpu6,6.0,0.75,1280,720,1280x720,0.5,best_n.pt,best_n.pt,raw,30.0,ul,oaitun_ue2,completed,False,51,1,50,50,29,3,18,29,0.58,0.06,0.36,0.58,factory_roundtrip_ms,1406.14386,1334.17,1675.2803000000004,2063.1459999999993,2176.09539,55.62019342000001,67.17356064999998,63.46156226000001,74.91274675,63.93874758,75.4076116,15.0,6.0,raw_prb_pct_cpu_product,90.0,0.25,1.0,30.0,correct_parts_per_min,17.4,0.006444444444444444,0.006444444444444444,0.19333333333333333,14.399999999999999,False,29.99993190004926,0.0,0.5624482985651887
run_794_20260703_072225_slice_ul15_dl50_edge_cpu6_bg30m_ul_best_n_1280x720_speed1p0_raw,automated_experiments/results/run_794_20260703_072225_slice_ul15_dl50_edge_cpu6_bg30m_ul_best_n_1280x720_speed1p0_raw,slice_ul15_dl50,15.0,50.0,edge_cpu6,6.0,0.75,1280,720,1280x720,1.0,best_n.pt,best_n.pt,raw,30.0,ul,oaitun_ue2,completed,False,75,25,50,50,0,50,0,0,0.0,1.0,0.0,0.0,factory_roundtrip_ms,1411.4224600000002,1329.351,1473.6125000000006,2105.437899999999,2271.87424,58.898261860000005,75.71101239999997,69.09791915999999,109.10394404999998,69.59051614,111.55832685,15.0,6.0,raw_prb_pct_cpu_product,90.0,0.5,1.0,60.0,correct_parts_per_min,0.0,0.0,0.0,0.0,-3.0,False,29.99993025005429,0.0,0.3864180339893882
run_795_20260703_073759_slice_ul15_dl50_edge_cpu6_bg30m_ul_best_n_1280x720_speed1p5_raw,automated_experiments/results/run_795_20260703_073759_slice_ul15_dl50_edge_cpu6_bg30m_ul_best_n_1280x720_speed1p5_raw,slice_ul15_dl50,15.0,50.0,edge_cpu6,6.0,0.75,1280,720,1280x720,1.5,best_n.pt,best_n.pt,raw,30.0,ul,oaitun_ue2,completed,False,57,7,50,50,0,50,0,0,0.0,1.0,0.0,0.0,factory_roundtrip_ms,1472.49364,1358.213,1919.9668000000001,2267.8709,2646.4355799999985,61.055700879999996,72.41148589999999,70.16490206,91.79548044999996,70.6102574,92.26218014999995,15.0,6.0,raw_prb_pct_cpu_product,90.0,0.75,1.0,90.0,correct_parts_per_min,0.0,0.0,0.0,0.0,-3.0,False,29.99994055002586,0.0,0.5477579946082667
run_796_20260703_074940_slice_ul15_dl50_edge_cpu6_bg30m_ul_best_n_1280x720_speed2p0_raw,automated_experiments/results/run_796_20260703_074940_slice_ul15_dl50_edge_cpu6_bg30m_ul_best_n_1280x720_speed2p0_raw,slice_ul15_dl50,15.0,50.0,edge_cpu6,6.0,0.75,1280,720,1280x720,2.0,best_n.pt,best_n.pt,raw,30.0,ul,oaitun_ue2,completed,False,99,4,95,95,0,95,0,0,0.0,1.0,0.0,0.0,factory_roundtrip_ms,1406.9246315789474,1375.51,1452.1846,1482.7234,2260.46018,69.62717304210526,98.30134039999999,82.16471994736843,143.18538459999996,82.81926355789473,144.58696619999995,15.0,6.0,raw_prb_pct_cpu_product,90.0,1.0,1.0,120.0,correct_parts_per_min,0.0,0.0,0.0,0.0,-3.0,False,,,
run_797_20260703_081117_slice_ul15_dl50_edge_cpu6_bg30m_ul_best_n_640x360_speed0p5_raw,automated_experiments/results/run_797_20260703_081117_slice_ul15_dl50_edge_cpu6_bg30m_ul_best_n_640x360_speed0p5_raw,slice_ul15_dl50,15.0,50.0,edge_cpu6,6.0,0.75,640,360,640x360,0.5,best_n.pt,best_n.pt,raw,30.0,ul,oaitun_ue2,completed,False,50,0,50,50,14,0,36,14,0.28,0.0,0.72,0.28,factory_roundtrip_ms,639.8758,640.5685000000001,660.5019,664.44655,681.2108,64.20104601999998,78.6900398,66.80945642,81.06759619999998,66.92177224,81.13900944999999,15.0,6.0,raw_prb_pct_cpu_product,90.0,0.25,1.0,30.0,correct_parts_per_min,8.4,0.0031111111111111114,0.0031111111111111114,0.09333333333333334,5.4,False,29.99994105002466,0.0,0.529525056150014
run_798_20260703_082638_slice_ul15_dl50_edge_cpu6_bg30m_ul_best_n_640x360_speed1p0_raw,automated_experiments/results/run_798_20260703_082638_slice_ul15_dl50_edge_cpu6_bg30m_ul_best_n_640x360_speed1p0_raw,slice_ul15_dl50,15.0,50.0,edge_cpu6,6.0,0.75,640,360,640x360,1.0,best_n.pt,best_n.pt,raw,30.0,ul,oaitun_ue2,completed,False,57,7,50,50,13,0,37,13,0.26,0.0,0.74,0.26,factory_roundtrip_ms,631.4292599999999,633.2865,642.0097,645.3382499999999,656.43732,60.87065480000001,74.44719874999998,63.25229606,76.86327174999998,63.3299352,76.92674209999998,15.0,6.0,raw_prb_pct_cpu_product,90.0,0.5,1.0,60.0,correct_parts_per_min,15.600000000000001,0.002888888888888889,0.002888888888888889,0.17333333333333334,12.600000000000001,False,29.99992185008271,0.0,0.498558260296409
run_799_20260703_083919_slice_ul15_dl50_edge_cpu6_bg30m_ul_best_n_640x360_speed1p5_raw,automated_experiments/results/run_799_20260703_083919_slice_ul15_dl50_edge_cpu6_bg30m_ul_best_n_640x360_speed1p5_raw,slice_ul15_dl50,15.0,50.0,edge_cpu6,6.0,0.75,640,360,640x360,1.5,best_n.pt,best_n.pt,raw,30.0,ul,oaitun_ue2,completed,False,50,0,50,50,10,6,34,10,0.2,0.12,0.68,0.2,factory_roundtrip_ms,635.9412199999999,632.8074999999999,650.8792,658.4014999999999,685.18076,63.7171709,80.15162554999999,66.16058781999999,83.07602209999999,66.26225686,83.15206274999998,15.0,6.0,raw_prb_pct_cpu_product,90.0,0.75,1.0,90.0,correct_parts_per_min,18.0,0.0022222222222222222,0.0022222222222222222,0.2,15.0,False,,,
run_800_20260703_084940_slice_ul15_dl50_edge_cpu6_bg30m_ul_best_n_640x360_speed2p0_raw,automated_experiments/results/run_800_20260703_084940_slice_ul15_dl50_edge_cpu6_bg30m_ul_best_n_640x360_speed2p0_raw,slice_ul15_dl50,15.0,50.0,edge_cpu6,6.0,0.75,640,360,640x360,2.0,best_n.pt,best_n.pt,raw,30.0,ul,oaitun_ue2,completed,False,50,0,50,50,0,50,0,0,0.0,1.0,0.0,0.0,factory_roundtrip_ms,636.74712,634.3534999999999,648.1817,652.69085,686.7579999999999,64.37028581999999,76.08950839999999,67.0955823,78.734849,67.2113639,78.85028639999999,15.0,6.0,raw_prb_pct_cpu_product,90.0,1.0,1.0,120.0,correct_parts_per_min,0.0,0.0,0.0,0.0,-3.0,False,,,
run_801_20260703_085949_slice_ul15_dl50_edge_cpu6_bg30m_ul_best_n_320x180_speed0p5_raw,automated_experiments/results/run_801_20260703_085949_slice_ul15_dl50_edge_cpu6_bg30m_ul_best_n_320x180_speed0p5_raw,slice_ul15_dl50,15.0,50.0,edge_cpu6,6.0,0.75,320,180,320x180,0.5,best_n.pt,best_n.pt,raw,30.0,ul,oaitun_ue2,completed,False,50,0,50,50,6,0,44,6,0.12,0.0,0.88,0.12,factory_roundtrip_ms,368.43695999999994,362.331,380.6293,387.4633,518.3117499999998,56.1139294,69.3177238,57.14285242,70.38341204999999,57.19631658,70.47173914999999,15.0,6.0,raw_prb_pct_cpu_product,90.0,0.25,1.0,30.0,correct_parts_per_min,3.5999999999999996,0.0013333333333333333,0.0013333333333333333,0.039999999999999994,0.5999999999999996,False,29.999940300026466,0.0,0.6847279321212996
run_802_20260703_091444_slice_ul15_dl50_edge_cpu6_bg30m_ul_best_n_320x180_speed1p0_raw,automated_experiments/results/run_802_20260703_091444_slice_ul15_dl50_edge_cpu6_bg30m_ul_best_n_320x180_speed1p0_raw,slice_ul15_dl50,15.0,50.0,edge_cpu6,6.0,0.75,320,180,320x180,1.0,best_n.pt,best_n.pt,raw,30.0,ul,oaitun_ue2,completed,False,50,0,50,50,6,0,44,6,0.12,0.0,0.88,0.12,factory_roundtrip_ms,380.47568,368.2975,391.63860000000005,468.9170999999998,597.02726,60.92951304,79.66990839999998,61.986483119999995,81.21917999999998,62.043148099999996,81.26306095,15.0,6.0,raw_prb_pct_cpu_product,90.0,0.5,1.0,60.0,correct_parts_per_min,7.199999999999999,0.0013333333333333333,0.0013333333333333333,0.07999999999999999,4.199999999999999,False,,,
run_803_20260703_092540_slice_ul15_dl50_edge_cpu6_bg30m_ul_best_n_320x180_speed1p5_raw,automated_experiments/results/run_803_20260703_092540_slice_ul15_dl50_edge_cpu6_bg30m_ul_best_n_320x180_speed1p5_raw,slice_ul15_dl50,15.0,50.0,edge_cpu6,6.0,0.75,320,180,320x180,1.5,best_n.pt,best_n.pt,raw,30.0,ul,oaitun_ue2,completed,False,50,0,50,50,6,0,44,6,0.12,0.0,0.88,0.12,factory_roundtrip_ms,379.01588,366.9015,385.23310000000004,464.55079999999987,609.3389,59.39425612,71.81126275,60.434437360000004,73.31687695,60.49980149999998,73.36347135,15.0,6.0,raw_prb_pct_cpu_product,90.0,0.75,1.0,90.0,correct_parts_per_min,10.799999999999999,0.0013333333333333333,0.0013333333333333333,0.11999999999999998,7.799999999999999,False,,,
run_804_20260703_093512_slice_ul15_dl50_edge_cpu6_bg30m_ul_best_n_320x180_speed2p0_raw,automated_experiments/results/run_804_20260703_093512_slice_ul15_dl50_edge_cpu6_bg30m_ul_best_n_320x180_speed2p0_raw,slice_ul15_dl50,15.0,50.0,edge_cpu6,6.0,0.75,320,180,320x180,2.0,best_n.pt,best_n.pt,raw,30.0,ul,oaitun_ue2,completed,False,50,0,50,50,5,3,42,5,0.1,0.06,0.84,0.1,factory_roundtrip_ms,389.93811999999997,372.437,399.0139,474.8647499999996,705.17688,63.76126966000001,74.66252444999999,65.03030556,77.19633040000001,65.09615892,77.35377515,15.0,6.0,raw_prb_pct_cpu_product,90.0,1.0,1.0,120.0,correct_parts_per_min,12.0,0.0011111111111111111,0.0011111111111111111,0.13333333333333333,9.0,False,,,
run_805_20260703_094519_slice_ul15_dl50_edge_cpu5_bg30m_ul_best_n_1280x720_speed0p5_raw,automated_experiments/results/run_805_20260703_094519_slice_ul15_dl50_edge_cpu5_bg30m_ul_best_n_1280x720_speed0p5_raw,slice_ul15_dl50,15.0,50.0,edge_cpu5,5.0,0.625,1280,720,1280x720,0.5,best_n.pt,best_n.pt,raw,30.0,ul,oaitun_ue2,completed,False,53,3,50,50,29,0,21,29,0.58,0.0,0.42,0.58,factory_roundtrip_ms,1364.8423200000002,1348.4225000000001,1395.5352,1485.6442999999995,1703.2568899999997,56.53347162,68.72851059999999,66.21689934,78.84313875,66.86544527999999,79.34145799999999,15.0,5.0,raw_prb_pct_cpu_product,75.0,0.25,1.0,30.0,correct_parts_per_min,17.4,0.0077333333333333325,0.0077333333333333325,0.23199999999999998,14.899999999999999,False,29.99993170004986,0.0,0.547364541131869
run_806_20260703_100108_slice_ul15_dl50_edge_cpu5_bg30m_ul_best_n_1280x720_speed1p0_raw,automated_experiments/results/run_806_20260703_100108_slice_ul15_dl50_edge_cpu5_bg30m_ul_best_n_1280x720_speed1p0_raw,slice_ul15_dl50,15.0,50.0,edge_cpu5,5.0,0.625,1280,720,1280x720,1.0,best_n.pt,best_n.pt,raw,30.0,ul,oaitun_ue2,completed,False,66,16,50,50,0,50,0,0,0.0,1.0,0.0,0.0,factory_roundtrip_ms,1387.8966199999998,1359.4785000000002,1577.8098,1739.0405999999996,1830.50086,62.196986800000005,78.65171669999998,70.84203278,88.71459909999999,71.28637556,89.74625674999999,15.0,5.0,raw_prb_pct_cpu_product,75.0,0.5,1.0,60.0,correct_parts_per_min,0.0,0.0,0.0,0.0,-2.5,False,29.999932700046887,0.0,0.43717945935572244
run_807_20260703_101610_slice_ul15_dl50_edge_cpu5_bg30m_ul_best_n_1280x720_speed1p5_raw,automated_experiments/results/run_807_20260703_101610_slice_ul15_dl50_edge_cpu5_bg30m_ul_best_n_1280x720_speed1p5_raw,slice_ul15_dl50,15.0,50.0,edge_cpu5,5.0,0.625,1280,720,1280x720,1.5,best_n.pt,best_n.pt,raw,30.0,ul,oaitun_ue2,completed,False,56,6,50,50,0,50,0,0,0.0,1.0,0.0,0.0,factory_roundtrip_ms,1408.76742,1361.6725000000001,1581.1286,1666.99905,1852.28063,62.728680219999994,75.81140264999999,71.63266484,85.48699654999999,72.01037538,86.01842174999999,15.0,5.0,raw_prb_pct_cpu_product,75.0,0.75,1.0,90.0,correct_parts_per_min,0.0,0.0,0.0,0.0,-2.5,False,29.999929700056,0.0,0.42579886315441984
run_808_20260703_102759_slice_ul15_dl50_edge_cpu5_bg30m_ul_best_n_1280x720_speed2p0_raw,automated_experiments/results/run_808_20260703_102759_slice_ul15_dl50_edge_cpu5_bg30m_ul_best_n_1280x720_speed2p0_raw,slice_ul15_dl50,15.0,50.0,edge_cpu5,5.0,0.625,1280,720,1280x720,2.0,best_n.pt,best_n.pt,raw,30.0,ul,oaitun_ue2,completed,False,54,4,50,50,0,50,0,0,0.0,1.0,0.0,0.0,factory_roundtrip_ms,1433.5138,1388.4475,1642.2892,1782.2007999999996,1936.7013299999999,66.9703846,79.81483569999999,77.70600926,90.8041442,78.55551908000001,91.28857629999999,15.0,5.0,raw_prb_pct_cpu_product,75.0,1.0,1.0,120.0,correct_parts_per_min,0.0,0.0,0.0,0.0,-2.5,False,29.999940850025137,0.0,0.503304742673855
run_809_20260703_103908_slice_ul15_dl50_edge_cpu5_bg30m_ul_best_n_640x360_speed0p5_raw,automated_experiments/results/run_809_20260703_103908_slice_ul15_dl50_edge_cpu5_bg30m_ul_best_n_640x360_speed0p5_raw,slice_ul15_dl50,15.0,50.0,edge_cpu5,5.0,0.625,640,360,640x360,0.5,best_n.pt,best_n.pt,raw,30.0,ul,oaitun_ue2,completed,False,51,1,50,50,14,0,36,14,0.28,0.0,0.72,0.28,factory_roundtrip_ms,677.6856,634.432,658.9339,1160.5319,1295.5613799999996,64.65310869999999,82.31173579999998,67.19229566,85.73045279999998,67.28695539999998,85.88115649999997,15.0,5.0,raw_prb_pct_cpu_product,75.0,0.25,1.0,30.0,correct_parts_per_min,8.4,0.0037333333333333337,0.0037333333333333337,0.112,5.9,False,29.999925600069442,0.0,0.780724265844137
run_810_20260703_105357_slice_ul15_dl50_edge_cpu5_bg30m_ul_best_n_640x360_speed1p0_raw,automated_experiments/results/run_810_20260703_105357_slice_ul15_dl50_edge_cpu5_bg30m_ul_best_n_640x360_speed1p0_raw,slice_ul15_dl50,15.0,50.0,edge_cpu5,5.0,0.625,640,360,640x360,1.0,best_n.pt,best_n.pt,raw,30.0,ul,oaitun_ue2,completed,False,55,5,50,50,10,5,35,10,0.2,0.1,0.7,0.2,factory_roundtrip_ms,700.70616,636.5464999999999,930.5766000000001,1120.96045,1419.7752299999995,68.23618090000001,83.37530589999999,70.59139411999999,85.67882039999999,70.67407932,85.77216159999999,15.0,5.0,raw_prb_pct_cpu_product,75.0,0.5,1.0,60.0,correct_parts_per_min,12.0,0.002666666666666667,0.002666666666666667,0.16,9.5,False,29.99993590003782,0.0,0.629202118098886
run_811_20260703_110628_slice_ul15_dl50_edge_cpu5_bg30m_ul_best_n_640x360_speed1p5_raw,automated_experiments/results/run_811_20260703_110628_slice_ul15_dl50_edge_cpu5_bg30m_ul_best_n_640x360_speed1p5_raw,slice_ul15_dl50,15.0,50.0,edge_cpu5,5.0,0.625,640,360,640x360,1.5,best_n.pt,best_n.pt,raw,30.0,ul,oaitun_ue2,completed,False,51,1,50,50,10,14,26,10,0.2,0.28,0.52,0.2,factory_roundtrip_ms,746.1437999999999,640.935,1103.9807,1299.5440999999998,1465.6550599999998,67.98130932000001,75.59077665000001,70.43303472,78.5480447,70.52410046,78.6377168,15.0,5.0,raw_prb_pct_cpu_product,75.0,0.75,1.0,90.0,correct_parts_per_min,18.0,0.002666666666666667,0.002666666666666667,0.24,15.5,False,,,
run_812_20260703_111647_slice_ul15_dl50_edge_cpu5_bg30m_ul_best_n_640x360_speed2p0_raw,automated_experiments/results/run_812_20260703_111647_slice_ul15_dl50_edge_cpu5_bg30m_ul_best_n_640x360_speed2p0_raw,slice_ul15_dl50,15.0,50.0,edge_cpu5,5.0,0.625,640,360,640x360,2.0,best_n.pt,best_n.pt,raw,30.0,ul,oaitun_ue2,completed,False,51,1,50,50,0,50,0,0,0.0,1.0,0.0,0.0,factory_roundtrip_ms,706.51394,652.3635,732.2368000000001,972.7372499999993,1627.9176899999998,72.91577606000001,96.10222759999999,75.5034276,98.8117791,75.60187911999999,98.90001825,15.0,5.0,raw_prb_pct_cpu_product,75.0,1.0,1.0,120.0,correct_parts_per_min,0.0,0.0,0.0,0.0,-2.5,False,,,
run_813_20260703_112717_slice_ul15_dl50_edge_cpu5_bg30m_ul_best_n_320x180_speed0p5_raw,automated_experiments/results/run_813_20260703_112717_slice_ul15_dl50_edge_cpu5_bg30m_ul_best_n_320x180_speed0p5_raw,slice_ul15_dl50,15.0,50.0,edge_cpu5,5.0,0.625,320,180,320x180,0.5,best_n.pt,best_n.pt,raw,30.0,ul,oaitun_ue2,completed,False,52,1,51,51,6,0,45,6,0.11764705882352941,0.0,0.8823529411764706,0.11764705882352941,factory_roundtrip_ms,475.80405882352943,474.511,497.464,513.8435,526.4225,60.2268964117647,92.55695800000001,61.29457101960784,93.72707650000001,61.357609411764706,93.7821325,15.0,5.0,raw_prb_pct_cpu_product,75.0,0.25,1.0,30.0,correct_parts_per_min,3.5294117647058822,0.001568627450980392,0.001568627450980392,0.047058823529411764,1.0294117647058822,False,29.99995000670483,0.0,0.4432542283526003
run_814_20260703_115015_slice_ul15_dl50_edge_cpu5_bg30m_ul_best_n_320x180_speed1p0_raw,automated_experiments/results/run_814_20260703_115015_slice_ul15_dl50_edge_cpu5_bg30m_ul_best_n_320x180_speed1p0_raw,slice_ul15_dl50,15.0,50.0,edge_cpu5,5.0,0.625,320,180,320x180,1.0,best_n.pt,best_n.pt,raw,30.0,ul,oaitun_ue2,completed,False,60,10,50,50,6,0,44,6,0.12,0.0,0.88,0.12,factory_roundtrip_ms,478.97374000000013,473.2355,498.0978,500.7815,588.9532999999997,60.042857559999995,77.91446139999996,61.00084886,79.40909464999997,61.06622962,79.49506019999997,15.0,5.0,raw_prb_pct_cpu_product,75.0,0.5,1.0,60.0,correct_parts_per_min,7.199999999999999,0.0015999999999999999,0.0015999999999999999,0.09599999999999999,4.699999999999999,False,29.999941950022546,0.0,0.5108640763809418
run_815_20260703_120338_slice_ul15_dl50_edge_cpu5_bg30m_ul_best_n_320x180_speed1p5_raw,automated_experiments/results/run_815_20260703_120338_slice_ul15_dl50_edge_cpu5_bg30m_ul_best_n_320x180_speed1p5_raw,slice_ul15_dl50,15.0,50.0,edge_cpu5,5.0,0.625,320,180,320x180,1.5,best_n.pt,best_n.pt,raw,30.0,ul,oaitun_ue2,completed,False,50,0,50,50,6,0,44,6,0.12,0.0,0.88,0.12,factory_roundtrip_ms,470.38858,467.75149999999996,490.21209999999996,500.01124999999996,538.6671499999999,58.80610421999999,76.50969965,59.82040734,77.48540469999999,59.885451159999995,77.55964144999999,15.0,5.0,raw_prb_pct_cpu_product,75.0,0.75,1.0,90.0,correct_parts_per_min,10.799999999999999,0.0015999999999999999,0.0015999999999999999,0.144,8.299999999999999,False,,,
run_816_20260703_121350_slice_ul15_dl50_edge_cpu5_bg30m_ul_best_n_320x180_speed2p0_raw,automated_experiments/results/run_816_20260703_121350_slice_ul15_dl50_edge_cpu5_bg30m_ul_best_n_320x180_speed2p0_raw,slice_ul15_dl50,15.0,50.0,edge_cpu5,5.0,0.625,320,180,320x180,2.0,best_n.pt,best_n.pt,raw,30.0,ul,oaitun_ue2,completed,False,50,0,50,50,6,0,44,6,0.12,0.0,0.88,0.12,factory_roundtrip_ms,461.15296,460.211,479.49940000000004,481.5343,483.88267,52.60920782,65.1381385,53.57759414,65.9794865,53.63168098,66.08152974999999,15.0,5.0,raw_prb_pct_cpu_product,75.0,1.0,1.0,120.0,correct_parts_per_min,14.399999999999999,0.0015999999999999999,0.0015999999999999999,0.19199999999999998,11.899999999999999,False,,,
run_829_20260703_122321_slice_ul15_dl50_edge_cpu3_bg30m_ul_best_n_1280x720_speed0p5_raw,automated_experiments/results/run_829_20260703_122321_slice_ul15_dl50_edge_cpu3_bg30m_ul_best_n_1280x720_speed0p5_raw,slice_ul15_dl50,15.0,50.0,edge_cpu3,3.0,0.375,1280,720,1280x720,0.5,best_n.pt,best_n.pt,raw,30.0,ul,oaitun_ue2,completed,False,71,21,50,50,29,0,21,29,0.58,0.0,0.42,0.58,factory_roundtrip_ms,1773.98834,1766.807,1809.6248,1818.92435,1840.8818,71.13020444,111.72492584999999,78.12348838,119.5482914,78.426889,119.8738518,15.0,3.0,raw_prb_pct_cpu_product,45.0,0.25,1.0,30.0,correct_parts_per_min,17.4,0.012888888888888887,0.012888888888888887,0.38666666666666666,15.899999999999999,False,29.99992125008492,0.006242498543953303,0.48803735630770667
run_830_20260703_124240_slice_ul15_dl50_edge_cpu3_bg30m_ul_best_n_1280x720_speed1p0_raw,automated_experiments/results/run_830_20260703_124240_slice_ul15_dl50_edge_cpu3_bg30m_ul_best_n_1280x720_speed1p0_raw,slice_ul15_dl50,15.0,50.0,edge_cpu3,3.0,0.375,1280,720,1280x720,1.0,best_n.pt,best_n.pt,raw,30.0,ul,oaitun_ue2,completed,False,105,55,50,50,0,50,0,0,0.0,1.0,0.0,0.0,factory_roundtrip_ms,1780.1987200000003,1776.438,1818.0438000000001,1823.28005,1859.60549,77.73701598,113.6753501,84.06951766,121.7999272,84.32302158,122.09872725,15.0,3.0,raw_prb_pct_cpu_product,45.0,0.5,1.0,60.0,correct_parts_per_min,0.0,0.0,0.0,0.0,-1.5,False,29.99993125005122,0.014286955430491065,0.4823731085614136
run_831_20260703_130222_slice_ul15_dl50_edge_cpu3_bg30m_ul_best_n_1280x720_speed1p5_raw,automated_experiments/results/run_831_20260703_130222_slice_ul15_dl50_edge_cpu3_bg30m_ul_best_n_1280x720_speed1p5_raw,slice_ul15_dl50,15.0,50.0,edge_cpu3,3.0,0.375,1280,720,1280x720,1.5,best_n.pt,best_n.pt,raw,30.0,ul,oaitun_ue2,completed,False,82,32,50,50,0,50,0,0,0.0,1.0,0.0,0.0,factory_roundtrip_ms,1770.0170600000001,1763.9569999999999,1809.3431,1813.0829,1826.038,71.70795718,111.76162914999999,79.21358686,120.90779869999999,79.49878627999999,121.23160359999999,15.0,3.0,raw_prb_pct_cpu_product,45.0,0.75,1.0,90.0,correct_parts_per_min,0.0,0.0,0.0,0.0,-1.5,False,29.999956256690947,0.01885619480701682,0.4171363062482792
run_832_20260703_131647_slice_ul15_dl50_edge_cpu3_bg30m_ul_best_n_1280x720_speed2p0_raw,automated_experiments/results/run_832_20260703_131647_slice_ul15_dl50_edge_cpu3_bg30m_ul_best_n_1280x720_speed2p0_raw,slice_ul15_dl50,15.0,50.0,edge_cpu3,3.0,0.375,1280,720,1280x720,2.0,best_n.pt,best_n.pt,raw,30.0,ul,oaitun_ue2,completed,False,69,19,50,50,0,50,0,0,0.0,1.0,0.0,0.0,factory_roundtrip_ms,1768.6745200000003,1765.908,1804.269,1812.6588,1825.82135,68.41765143999999,108.2425473,75.35030244,113.6986024,75.59594721999999,113.9838207,15.0,3.0,raw_prb_pct_cpu_product,45.0,1.0,1.0,120.0,correct_parts_per_min,0.0,0.0,0.0,0.0,-1.5,False,29.999940800025257,0.017504738185106172,0.48953383545887125
run_833_20260703_132902_slice_ul15_dl50_edge_cpu3_bg30m_ul_best_n_640x360_speed0p5_raw,automated_experiments/results/run_833_20260703_132902_slice_ul15_dl50_edge_cpu3_bg30m_ul_best_n_640x360_speed0p5_raw,slice_ul15_dl50,15.0,50.0,edge_cpu3,3.0,0.375,640,360,640x360,0.5,best_n.pt,best_n.pt,raw,30.0,ul,oaitun_ue2,completed,False,51,1,50,50,13,0,37,13,0.26,0.0,0.74,0.26,factory_roundtrip_ms,832.00938,829.3164999999999,867.8464,869.96415,881.18886,76.59364658,111.274943,78.50677947999999,113.70023545,78.57686360000001,113.7622287,15.0,3.0,raw_prb_pct_cpu_product,45.0,0.25,1.0,30.0,correct_parts_per_min,7.800000000000001,0.005777777777777778,0.005777777777777778,0.17333333333333334,6.300000000000001,False,29.999935550038778,0.026321462932751557,0.559770064552102
run_834_20260703_134337_slice_ul15_dl50_edge_cpu3_bg30m_ul_best_n_640x360_speed1p0_raw,automated_experiments/results/run_834_20260703_134337_slice_ul15_dl50_edge_cpu3_bg30m_ul_best_n_640x360_speed1p0_raw,slice_ul15_dl50,15.0,50.0,edge_cpu3,3.0,0.375,640,360,640x360,1.0,best_n.pt,best_n.pt,raw,30.0,ul,oaitun_ue2,completed,False,56,6,50,50,13,0,37,13,0.26,0.0,0.74,0.26,factory_roundtrip_ms,826.3955000000001,813.9455,866.3841,872.3042,874.6325400000001,72.36825116,111.64532114999999,74.26328939999999,113.34629979999998,74.32432174,113.40483844999999,15.0,3.0,raw_prb_pct_cpu_product,45.0,0.5,1.0,60.0,correct_parts_per_min,15.600000000000001,0.005777777777777778,0.005777777777777778,0.3466666666666667,14.100000000000001,False,29.99992575006893,0.0183413617013061,0.6664316785036097
run_835_20260703_135539_slice_ul15_dl50_edge_cpu3_bg30m_ul_best_n_640x360_speed1p5_raw,automated_experiments/results/run_835_20260703_135539_slice_ul15_dl50_edge_cpu3_bg30m_ul_best_n_640x360_speed1p5_raw,slice_ul15_dl50,15.0,50.0,edge_cpu3,3.0,0.375,640,360,640x360,1.5,best_n.pt,best_n.pt,raw,30.0,ul,oaitun_ue2,completed,False,53,3,50,50,0,50,0,0,0.0,1.0,0.0,0.0,factory_roundtrip_ms,835.2077400000002,829.046,871.7311,884.85445,948.7763699999999,81.68634666,130.75349639999996,83.73202938,132.78847579999993,83.80434595999999,132.92171254999994,15.0,3.0,raw_prb_pct_cpu_product,45.0,0.75,1.0,90.0,correct_parts_per_min,0.0,0.0,0.0,0.0,-1.5,False,,,
run_836_20260703_140613_slice_ul15_dl50_edge_cpu3_bg30m_ul_best_n_640x360_speed2p0_raw,automated_experiments/results/run_836_20260703_140613_slice_ul15_dl50_edge_cpu3_bg30m_ul_best_n_640x360_speed2p0_raw,slice_ul15_dl50,15.0,50.0,edge_cpu3,3.0,0.375,640,360,640x360,2.0,best_n.pt,best_n.pt,raw,30.0,ul,oaitun_ue2,completed,False,51,1,50,50,0,50,0,0,0.0,1.0,0.0,0.0,factory_roundtrip_ms,833.72462,836.0915,865.0114,881.06595,922.1744599999998,82.85236506,122.31752494999998,84.92054305999999,124.77008685,84.98907344000001,125.06579509999999,15.0,3.0,raw_prb_pct_cpu_product,45.0,1.0,1.0,120.0,correct_parts_per_min,0.0,0.0,0.0,0.0,-1.5,False,,,
run_837_20260703_141606_slice_ul15_dl50_edge_cpu3_bg30m_ul_best_n_320x180_speed0p5_raw,automated_experiments/results/run_837_20260703_141606_slice_ul15_dl50_edge_cpu3_bg30m_ul_best_n_320x180_speed0p5_raw,slice_ul15_dl50,15.0,50.0,edge_cpu3,3.0,0.375,320,180,320x180,0.5,best_n.pt,best_n.pt,raw,30.0,ul,oaitun_ue2,completed,False,50,0,50,50,6,0,44,6,0.12,0.0,0.88,0.12,factory_roundtrip_ms,484.39086000000003,483.1885,519.7878000000001,529.1890999999999,541.58182,72.20254025999999,110.96539915,73.0996395,111.96227285,73.15124261999999,112.01033775,15.0,3.0,raw_prb_pct_cpu_product,45.0,0.25,1.0,30.0,correct_parts_per_min,3.5999999999999996,0.0026666666666666666,0.0026666666666666666,0.07999999999999999,2.0999999999999996,False,29.99993870003044,0.00958899260875301,0.3857740414803192
run_838_20260703_143043_slice_ul15_dl50_edge_cpu3_bg30m_ul_best_n_320x180_speed1p0_raw,automated_experiments/results/run_838_20260703_143043_slice_ul15_dl50_edge_cpu3_bg30m_ul_best_n_320x180_speed1p0_raw,slice_ul15_dl50,15.0,50.0,edge_cpu3,3.0,0.375,320,180,320x180,1.0,best_n.pt,best_n.pt,raw,30.0,ul,oaitun_ue2,completed,False,53,3,50,50,7,0,43,7,0.14,0.0,0.86,0.14,factory_roundtrip_ms,484.8313,480.1205,524.1398,527.4914,530.49667,77.63654453999999,114.59169144999998,78.56745778,115.48670759999999,78.61619962,115.57193009999999,15.0,3.0,raw_prb_pct_cpu_product,45.0,0.5,1.0,60.0,correct_parts_per_min,8.4,0.0031111111111111114,0.0031111111111111114,0.18666666666666668,6.9,False,29.999938200031725,0.028059065620243715,0.582583133024814
run_839_20260703_144237_slice_ul15_dl50_edge_cpu3_bg30m_ul_best_n_320x180_speed1p5_raw,automated_experiments/results/run_839_20260703_144237_slice_ul15_dl50_edge_cpu3_bg30m_ul_best_n_320x180_speed1p5_raw,slice_ul15_dl50,15.0,50.0,edge_cpu3,3.0,0.375,320,180,320x180,1.5,best_n.pt,best_n.pt,raw,30.0,ul,oaitun_ue2,completed,False,50,0,50,50,7,0,43,7,0.14,0.0,0.86,0.14,factory_roundtrip_ms,486.53416000000004,486.642,526.6412,529.8381,533.48398,77.15159449999999,112.52012874999998,78.06850342000001,113.34565744999999,78.13366426,113.39803989999999,15.0,3.0,raw_prb_pct_cpu_product,45.0,0.75,1.0,90.0,correct_parts_per_min,12.600000000000001,0.0031111111111111114,0.0031111111111111114,0.28,11.100000000000001,False,,,
run_840_20260703_145248_slice_ul15_dl50_edge_cpu3_bg30m_ul_best_n_320x180_speed2p0_raw,automated_experiments/results/run_840_20260703_145248_slice_ul15_dl50_edge_cpu3_bg30m_ul_best_n_320x180_speed2p0_raw,slice_ul15_dl50,15.0,50.0,edge_cpu3,3.0,0.375,320,180,320x180,2.0,best_n.pt,best_n.pt,raw,30.0,ul,oaitun_ue2,completed,False,50,0,50,50,3,17,30,3,0.06,0.34,0.6,0.06,factory_roundtrip_ms,488.58973999999995,481.78200000000004,523.5871,532.3519,577.6177899999999,81.80406608,117.69876165,82.78852490000001,118.6437289,82.83387836,118.67911875,15.0,3.0,raw_prb_pct_cpu_product,45.0,1.0,1.0,120.0,correct_parts_per_min,7.199999999999999,0.0013333333333333333,0.0013333333333333333,0.15999999999999998,5.699999999999999,False,,,
run_865_20260703_150231_slice_ul10_dl50_edge_cpu8_bg30m_ul_best_n_1280x720_speed0p5_raw,automated_experiments/results/run_865_20260703_150231_slice_ul10_dl50_edge_cpu8_bg30m_ul_best_n_1280x720_speed0p5_raw,slice_ul10_dl50,10.0,50.0,edge_cpu8,8.0,1.0,1280,720,1280x720,0.5,best_n.pt,best_n.pt,raw,30.0,ul,oaitun_ue2,completed,False,79,29,50,50,0,50,0,0,0.0,1.0,0.0,0.0,factory_roundtrip_ms,2394.6637,2392.1059999999998,2421.6490000000003,2430.2590999999998,2433.81477,50.73112456,59.22674404999999,57.495153560000006,69.24484555,57.79999900000001,69.56163509999999,10.0,8.0,raw_prb_pct_cpu_product,80.0,0.25,1.0,30.0,correct_parts_per_min,0.0,0.0,0.0,0.0,-2.6666666666666665,False,29.99994050002598,0.0,0.6490118466646835
run_866_20260703_152328_slice_ul10_dl50_edge_cpu8_bg30m_ul_best_n_1280x720_speed1p0_raw,automated_experiments/results/run_866_20260703_152328_slice_ul10_dl50_edge_cpu8_bg30m_ul_best_n_1280x720_speed1p0_raw,slice_ul10_dl50,10.0,50.0,edge_cpu8,8.0,1.0,1280,720,1280x720,1.0,best_n.pt,best_n.pt,raw,30.0,ul,oaitun_ue2,completed,False,97,47,50,50,0,50,0,0,0.0,1.0,0.0,0.0,factory_roundtrip_ms,2390.3444799999997,2388.3230000000003,2420.1126,2428.48575,2431.58155,50.03349,59.2335151,56.87702372,66.83062305,57.1766457,67.1457158,10.0,8.0,raw_prb_pct_cpu_product,80.0,0.5,1.0,60.0,correct_parts_per_min,0.0,0.0,0.0,0.0,-2.6666666666666665,False,29.99993645003633,0.0,0.4616744448079315
run_867_20260703_154234_slice_ul10_dl50_edge_cpu8_bg30m_ul_best_n_1280x720_speed1p5_raw,automated_experiments/results/run_867_20260703_154234_slice_ul10_dl50_edge_cpu8_bg30m_ul_best_n_1280x720_speed1p5_raw,slice_ul10_dl50,10.0,50.0,edge_cpu8,8.0,1.0,1280,720,1280x720,1.5,best_n.pt,best_n.pt,raw,30.0,ul,oaitun_ue2,completed,False,92,42,50,50,0,50,0,0,0.0,1.0,0.0,0.0,factory_roundtrip_ms,2394.2853800000003,2390.174,2428.6933,2433.82035,2452.44503,49.543945779999994,61.007318299999994,56.54374889999999,68.26514499999999,56.808101180000016,68.5913381,10.0,8.0,raw_prb_pct_cpu_product,80.0,0.75,1.0,90.0,correct_parts_per_min,0.0,0.0,0.0,0.0,-2.6666666666666665,False,29.999940350026343,0.0,0.6838198209077324
run_868_20260703_155919_slice_ul10_dl50_edge_cpu8_bg30m_ul_best_n_1280x720_speed2p0_raw,automated_experiments/results/run_868_20260703_155919_slice_ul10_dl50_edge_cpu8_bg30m_ul_best_n_1280x720_speed2p0_raw,slice_ul10_dl50,10.0,50.0,edge_cpu8,8.0,1.0,1280,720,1280x720,2.0,best_n.pt,best_n.pt,raw,30.0,ul,oaitun_ue2,completed,False,67,17,50,50,0,50,0,0,0.0,1.0,0.0,0.0,factory_roundtrip_ms,2395.2334600000004,2389.334,2430.7843,2438.06905,2449.47635,53.6860998,65.43695685,61.156930259999996,76.08169439999999,61.486127100000004,76.49189275,10.0,8.0,raw_prb_pct_cpu_product,80.0,1.0,1.0,120.0,correct_parts_per_min,0.0,0.0,0.0,0.0,-2.6666666666666665,False,29.999939200029186,0.0,0.8040103543163705
run_869_20260703_161142_slice_ul10_dl50_edge_cpu8_bg30m_ul_best_n_640x360_speed0p5_raw,automated_experiments/results/run_869_20260703_161142_slice_ul10_dl50_edge_cpu8_bg30m_ul_best_n_640x360_speed0p5_raw,slice_ul10_dl50,10.0,50.0,edge_cpu8,8.0,1.0,640,360,640x360,0.5,best_n.pt,best_n.pt,raw,30.0,ul,oaitun_ue2,completed,False,50,0,50,50,14,0,36,14,0.28,0.0,0.72,0.28,factory_roundtrip_ms,975.42546,970.0795,1003.1681,1023.4155,1027.23601,55.76295886,75.32209164999999,57.81713524,78.0793515,57.8923252,78.20086884999999,10.0,8.0,raw_prb_pct_cpu_product,80.0,0.25,1.0,30.0,correct_parts_per_min,8.4,0.0035000000000000005,0.0035000000000000005,0.10500000000000001,5.733333333333334,False,29.9999086001371,0.0,0.5249910426933417
run_870_20260703_162645_slice_ul10_dl50_edge_cpu8_bg30m_ul_best_n_640x360_speed1p0_raw,automated_experiments/results/run_870_20260703_162645_slice_ul10_dl50_edge_cpu8_bg30m_ul_best_n_640x360_speed1p0_raw,slice_ul10_dl50,10.0,50.0,edge_cpu8,8.0,1.0,640,360,640x360,1.0,best_n.pt,best_n.pt,raw,30.0,ul,oaitun_ue2,completed,False,58,8,50,50,10,3,37,10,0.2,0.06,0.74,0.2,factory_roundtrip_ms,971.6820599999999,971.8444999999999,990.3276999999999,992.49395,1013.21461,57.105171399999996,73.40434429999999,59.328155319999986,76.4680497,59.43299727999999,76.5316171,10.0,8.0,raw_prb_pct_cpu_product,80.0,0.5,1.0,60.0,correct_parts_per_min,12.0,0.0025,0.0025,0.15,9.333333333333334,False,29.999936600035923,0.0,0.798397081997209
run_871_20260703_163950_slice_ul10_dl50_edge_cpu8_bg30m_ul_best_n_640x360_speed1p5_raw,automated_experiments/results/run_871_20260703_163950_slice_ul10_dl50_edge_cpu8_bg30m_ul_best_n_640x360_speed1p5_raw,slice_ul10_dl50,10.0,50.0,edge_cpu8,8.0,1.0,640,360,640x360,1.5,best_n.pt,best_n.pt,raw,30.0,ul,oaitun_ue2,completed,False,51,1,50,50,0,50,0,0,0.0,1.0,0.0,0.0,factory_roundtrip_ms,984.12182,981.3435,1017.5833,1032.64335,1057.8061799999998,58.7462673,73.4276892,60.89003186000001,75.9046276,60.99214038,75.98865789999999,10.0,8.0,raw_prb_pct_cpu_product,80.0,0.75,1.0,90.0,correct_parts_per_min,0.0,0.0,0.0,0.0,-2.6666666666666665,False,29.999939200029186,0.0,0.550496053583157
run_872_20260703_165123_slice_ul10_dl50_edge_cpu8_bg30m_ul_best_n_640x360_speed2p0_raw,automated_experiments/results/run_872_20260703_165123_slice_ul10_dl50_edge_cpu8_bg30m_ul_best_n_640x360_speed2p0_raw,slice_ul10_dl50,10.0,50.0,edge_cpu8,8.0,1.0,640,360,640x360,2.0,best_n.pt,best_n.pt,raw,30.0,ul,oaitun_ue2,completed,False,51,1,50,50,0,50,0,0,0.0,1.0,0.0,0.0,factory_roundtrip_ms,987.3877,981.1535,1025.9971,1049.9802,1067.52295,60.81924894000001,81.51557774999995,63.23464792,84.52499329999995,63.33188682,84.61910494999995,10.0,8.0,raw_prb_pct_cpu_product,80.0,1.0,1.0,120.0,correct_parts_per_min,0.0,0.0,0.0,0.0,-2.6666666666666665,False,,,
run_873_20260703_170219_slice_ul10_dl50_edge_cpu8_bg30m_ul_best_n_320x180_speed0p5_raw,automated_experiments/results/run_873_20260703_170219_slice_ul10_dl50_edge_cpu8_bg30m_ul_best_n_320x180_speed0p5_raw,slice_ul10_dl50,10.0,50.0,edge_cpu8,8.0,1.0,320,180,320x180,0.5,best_n.pt,best_n.pt,raw,30.0,ul,oaitun_ue2,completed,False,50,0,50,50,5,0,45,5,0.1,0.0,0.9,0.1,factory_roundtrip_ms,558.25114,554.662,577.0689,609.3701500000001,622.81085,54.41374613999999,67.2409808,55.4025187,68.255403,55.47323084000001,68.3114304,10.0,8.0,raw_prb_pct_cpu_product,80.0,0.25,1.0,30.0,correct_parts_per_min,3.0,0.00125,0.00125,0.0375,0.3333333333333335,False,29.999935150039885,0.0,0.755161376508488
run_874_20260703_171727_slice_ul10_dl50_edge_cpu8_bg30m_ul_best_n_320x180_speed1p0_raw,automated_experiments/results/run_874_20260703_171727_slice_ul10_dl50_edge_cpu8_bg30m_ul_best_n_320x180_speed1p0_raw,slice_ul10_dl50,10.0,50.0,edge_cpu8,8.0,1.0,320,180,320x180,1.0,best_n.pt,best_n.pt,raw,30.0,ul,oaitun_ue2,completed,False,53,3,50,50,6,0,44,6,0.12,0.0,0.88,0.12,factory_roundtrip_ms,553.9051800000001,551.039,559.4045,604.1374999999999,629.52426,51.386813139999994,61.704106249999995,52.3014491,62.78394024999999,52.364335000000004,62.83266544999999,10.0,8.0,raw_prb_pct_cpu_product,80.0,0.5,1.0,60.0,correct_parts_per_min,7.199999999999999,0.0015,0.0015,0.09,4.533333333333333,False,29.999954906693723,0.0,0.7272068311488282
run_875_20260703_172921_slice_ul10_dl50_edge_cpu8_bg30m_ul_best_n_320x180_speed1p5_raw,automated_experiments/results/run_875_20260703_172921_slice_ul10_dl50_edge_cpu8_bg30m_ul_best_n_320x180_speed1p5_raw,slice_ul10_dl50,10.0,50.0,edge_cpu8,8.0,1.0,320,180,320x180,1.5,best_n.pt,best_n.pt,raw,30.0,ul,oaitun_ue2,completed,False,50,0,50,50,6,0,44,6,0.12,0.0,0.88,0.12,factory_roundtrip_ms,547.46714,545.6085,566.1495000000001,569.27265,591.36402,54.01152492,65.66217119999999,54.951798360000005,66.52740139999999,55.00536386000001,66.57515194999999,10.0,8.0,raw_prb_pct_cpu_product,80.0,0.75,1.0,90.0,correct_parts_per_min,10.799999999999999,0.0015,0.0015,0.13499999999999998,8.133333333333333,False,,,
run_876_20260703_173931_slice_ul10_dl50_edge_cpu8_bg30m_ul_best_n_320x180_speed2p0_raw,automated_experiments/results/run_876_20260703_173931_slice_ul10_dl50_edge_cpu8_bg30m_ul_best_n_320x180_speed2p0_raw,slice_ul10_dl50,10.0,50.0,edge_cpu8,8.0,1.0,320,180,320x180,2.0,best_n.pt,best_n.pt,raw,30.0,ul,oaitun_ue2,completed,False,50,0,50,50,0,50,0,0,0.0,1.0,0.0,0.0,factory_roundtrip_ms,556.60164,549.0405000000001,572.5886,631.1865499999999,649.3872799999999,55.955521680000004,66.77621425,56.87573344,67.76862374999999,56.93314356,67.8095861,10.0,8.0,raw_prb_pct_cpu_product,80.0,1.0,1.0,120.0,correct_parts_per_min,0.0,0.0,0.0,0.0,-2.6666666666666665,False,,,
run_877_20260703_174935_slice_ul10_dl50_edge_cpu7_bg30m_ul_best_n_1280x720_speed0p5_raw,automated_experiments/results/run_877_20260703_174935_slice_ul10_dl50_edge_cpu7_bg30m_ul_best_n_1280x720_speed0p5_raw,slice_ul10_dl50,10.0,50.0,edge_cpu7,7.0,0.875,1280,720,1280x720,0.5,best_n.pt,best_n.pt,raw,30.0,ul,oaitun_ue2,completed,False,71,21,50,50,0,50,0,0,0.0,1.0,0.0,0.0,factory_roundtrip_ms,2398.16864,2391.8595,2458.9510999999998,2476.50765,2480.92888,51.12110028000001,64.6229523,58.0091606,73.20986465,58.36907009999999,73.73984695,10.0,7.0,raw_prb_pct_cpu_product,70.0,0.25,1.0,30.0,correct_parts_per_min,0.0,0.0,0.0,0.0,-2.3333333333333335,False,29.99994050002598,0.0,0.7973063891324017
run_878_20260703_180922_slice_ul10_dl50_edge_cpu7_bg30m_ul_best_n_1280x720_speed1p0_raw,automated_experiments/results/run_878_20260703_180922_slice_ul10_dl50_edge_cpu7_bg30m_ul_best_n_1280x720_speed1p0_raw,slice_ul10_dl50,10.0,50.0,edge_cpu7,7.0,0.875,1280,720,1280x720,1.0,best_n.pt,best_n.pt,raw,30.0,ul,oaitun_ue2,completed,False,118,68,50,50,0,50,0,0,0.0,1.0,0.0,0.0,factory_roundtrip_ms,2416.95414,2407.038,2492.4748,2506.6769,2520.42464,47.705575079999996,55.986272449999994,54.045286020000006,63.87660565,54.31002912000001,64.1423495,10.0,7.0,raw_prb_pct_cpu_product,70.0,0.5,1.0,60.0,correct_parts_per_min,0.0,0.0,0.0,0.0,-2.3333333333333335,False,29.99995845668668,0.0,0.3515173111801827
run_879_20260703_183159_slice_ul10_dl50_edge_cpu7_bg30m_ul_best_n_1280x720_speed1p5_raw,automated_experiments/results/run_879_20260703_183159_slice_ul10_dl50_edge_cpu7_bg30m_ul_best_n_1280x720_speed1p5_raw,slice_ul10_dl50,10.0,50.0,edge_cpu7,7.0,0.875,1280,720,1280x720,1.5,best_n.pt,best_n.pt,raw,30.0,ul,oaitun_ue2,completed,False,77,27,50,50,0,50,0,0,0.0,1.0,0.0,0.0,factory_roundtrip_ms,2394.9021,2384.0294999999996,2441.6849,2486.7689,2500.93858,50.642103739999996,60.48929079999999,57.70995938,68.66364809999999,58.00830043999999,68.8518086,10.0,7.0,raw_prb_pct_cpu_product,70.0,0.75,1.0,90.0,correct_parts_per_min,0.0,0.0,0.0,0.0,-2.3333333333333335,False,29.999932000048958,0.0,0.5133375551374367
run_880_20260703_184627_slice_ul10_dl50_edge_cpu7_bg30m_ul_best_n_1280x720_speed2p0_raw,automated_experiments/results/run_880_20260703_184627_slice_ul10_dl50_edge_cpu7_bg30m_ul_best_n_1280x720_speed2p0_raw,slice_ul10_dl50,10.0,50.0,edge_cpu7,7.0,0.875,1280,720,1280x720,2.0,best_n.pt,best_n.pt,raw,30.0,ul,oaitun_ue2,completed,False,75,25,50,50,0,50,0,0,0.0,1.0,0.0,0.0,factory_roundtrip_ms,2404.55814,2390.6185,2482.6641,2486.38575,2513.50642,52.12696830000001,64.3786296,59.115558060000005,73.50052185,59.3884003,73.88845914999999,10.0,7.0,raw_prb_pct_cpu_product,70.0,1.0,1.0,120.0,correct_parts_per_min,0.0,0.0,0.0,0.0,-2.3333333333333335,False,29.999935200039744,0.0,0.41807027393505125
run_881_20260703_190039_slice_ul10_dl50_edge_cpu7_bg30m_ul_best_n_640x360_speed0p5_raw,automated_experiments/results/run_881_20260703_190039_slice_ul10_dl50_edge_cpu7_bg30m_ul_best_n_640x360_speed0p5_raw,slice_ul10_dl50,10.0,50.0,edge_cpu7,7.0,0.875,640,360,640x360,0.5,best_n.pt,best_n.pt,raw,30.0,ul,oaitun_ue2,completed,False,50,0,50,50,14,0,36,14,0.28,0.0,0.72,0.28,factory_roundtrip_ms,976.14508,968.4525000000001,988.446,1073.5348,1096.63917,53.59035286000001,68.18897555,55.632825520000004,70.77326359999999,55.71853244000001,70.94790725,10.0,7.0,raw_prb_pct_cpu_product,70.0,0.25,1.0,30.0,correct_parts_per_min,8.4,0.004,0.004,0.12000000000000001,6.066666666666666,False,29.9999345000417,0.0,0.6104270605796907
run_882_20260703_191534_slice_ul10_dl50_edge_cpu7_bg30m_ul_best_n_640x360_speed1p0_raw,automated_experiments/results/run_882_20260703_191534_slice_ul10_dl50_edge_cpu7_bg30m_ul_best_n_640x360_speed1p0_raw,slice_ul10_dl50,10.0,50.0,edge_cpu7,7.0,0.875,640,360,640x360,1.0,best_n.pt,best_n.pt,raw,30.0,ul,oaitun_ue2,completed,False,62,12,50,50,13,3,34,13,0.26,0.06,0.68,0.26,factory_roundtrip_ms,971.4677399999999,965.072,982.5668000000001,1016.2459999999999,1097.00656,53.35311390000001,69.03486334999998,55.29400304000001,71.67635784999999,55.36350794,71.78405454999998,10.0,7.0,raw_prb_pct_cpu_product,70.0,0.5,1.0,60.0,correct_parts_per_min,15.600000000000001,0.0037142857142857142,0.0037142857142857142,0.22285714285714286,13.266666666666667,False,29.99994105002466,0.0,0.6780052713033906
run_883_20260703_192858_slice_ul10_dl50_edge_cpu7_bg30m_ul_best_n_640x360_speed1p5_raw,automated_experiments/results/run_883_20260703_192858_slice_ul10_dl50_edge_cpu7_bg30m_ul_best_n_640x360_speed1p5_raw,slice_ul10_dl50,10.0,50.0,edge_cpu7,7.0,0.875,640,360,640x360,1.5,best_n.pt,best_n.pt,raw,30.0,ul,oaitun_ue2,completed,False,50,0,50,50,0,50,0,0,0.0,1.0,0.0,0.0,factory_roundtrip_ms,975.1504600000002,963.2035,1050.4227,1079.8175,1098.68925,56.73062526,69.45870675,58.86082534,72.33989389999999,58.93728056,72.39175284999999,10.0,7.0,raw_prb_pct_cpu_product,70.0,0.75,1.0,90.0,correct_parts_per_min,0.0,0.0,0.0,0.0,-2.3333333333333335,False,,,
run_884_20260703_193933_slice_ul10_dl50_edge_cpu7_bg30m_ul_best_n_640x360_speed2p0_raw,automated_experiments/results/run_884_20260703_193933_slice_ul10_dl50_edge_cpu7_bg30m_ul_best_n_640x360_speed2p0_raw,slice_ul10_dl50,10.0,50.0,edge_cpu7,7.0,0.875,640,360,640x360,2.0,best_n.pt,best_n.pt,raw,30.0,ul,oaitun_ue2,completed,False,50,0,50,50,0,50,0,0,0.0,1.0,0.0,0.0,factory_roundtrip_ms,967.8188799999999,963.8115,982.9309,991.39895,1093.00228,56.556025500000004,72.78903999999999,58.62752468000001,75.2237864,58.7018867,75.28588874999998,10.0,7.0,raw_prb_pct_cpu_product,70.0,1.0,1.0,120.0,correct_parts_per_min,0.0,0.0,0.0,0.0,-2.3333333333333335,False,,,
run_885_20260703_194940_slice_ul10_dl50_edge_cpu7_bg30m_ul_best_n_320x180_speed0p5_raw,automated_experiments/results/run_885_20260703_194940_slice_ul10_dl50_edge_cpu7_bg30m_ul_best_n_320x180_speed0p5_raw,slice_ul10_dl50,10.0,50.0,edge_cpu7,7.0,0.875,320,180,320x180,0.5,best_n.pt,best_n.pt,raw,30.0,ul,oaitun_ue2,completed,False,50,0,50,50,6,0,44,6,0.12,0.0,0.88,0.12,factory_roundtrip_ms,568.57162,550.9100000000001,688.5906,698.3267,760.8852899999998,53.454882260000005,70.2958177,54.411116379999996,71.34008695,54.46408357999999,71.37976115,10.0,7.0,raw_prb_pct_cpu_product,70.0,0.25,1.0,30.0,correct_parts_per_min,3.5999999999999996,0.0017142857142857142,0.0017142857142857142,0.05142857142857142,1.2666666666666662,False,29.999952256699533,0.0,0.39605788697889865
run_886_20260703_200404_slice_ul10_dl50_edge_cpu7_bg30m_ul_best_n_320x180_speed1p0_raw,automated_experiments/results/run_886_20260703_200404_slice_ul10_dl50_edge_cpu7_bg30m_ul_best_n_320x180_speed1p0_raw,slice_ul10_dl50,10.0,50.0,edge_cpu7,7.0,0.875,320,180,320x180,1.0,best_n.pt,best_n.pt,raw,30.0,ul,oaitun_ue2,completed,False,53,3,50,50,6,0,44,6,0.12,0.0,0.88,0.12,factory_roundtrip_ms,549.96864,543.232,562.1757,603.0959999999999,654.9598199999999,51.43273043999999,60.648039,52.292137379999986,61.54765835,52.35988283999999,61.8233876,10.0,7.0,raw_prb_pct_cpu_product,70.0,0.5,1.0,60.0,correct_parts_per_min,7.199999999999999,0.0017142857142857142,0.0017142857142857142,0.10285714285714284,4.866666666666665,False,29.99996675667348,0.0,0.5159071124296405
run_887_20260703_201603_slice_ul10_dl50_edge_cpu7_bg30m_ul_best_n_320x180_speed1p5_raw,automated_experiments/results/run_887_20260703_201603_slice_ul10_dl50_edge_cpu7_bg30m_ul_best_n_320x180_speed1p5_raw,slice_ul10_dl50,10.0,50.0,edge_cpu7,7.0,0.875,320,180,320x180,1.5,best_n.pt,best_n.pt,raw,30.0,ul,oaitun_ue2,completed,False,51,1,50,50,6,3,41,6,0.12,0.06,0.82,0.12,factory_roundtrip_ms,557.5197199999999,552.3985,564.8138,634.4339499999998,697.37078,53.92354584,66.28856015,54.880686559999994,67.519925,54.930569219999995,67.56935165,10.0,7.0,raw_prb_pct_cpu_product,70.0,0.75,1.0,90.0,correct_parts_per_min,10.799999999999999,0.0017142857142857142,0.0017142857142857142,0.15428571428571428,8.466666666666665,False,,,
run_888_20260703_202638_slice_ul10_dl50_edge_cpu7_bg30m_ul_best_n_320x180_speed2p0_raw,automated_experiments/results/run_888_20260703_202638_slice_ul10_dl50_edge_cpu7_bg30m_ul_best_n_320x180_speed2p0_raw,slice_ul10_dl50,10.0,50.0,edge_cpu7,7.0,0.875,320,180,320x180,2.0,best_n.pt,best_n.pt,raw,30.0,ul,oaitun_ue2,completed,False,50,0,50,50,0,50,0,0,0.0,1.0,0.0,0.0,factory_roundtrip_ms,556.74442,545.1095,561.1532,694.90635,731.8060899999999,55.136047600000005,66.81435445000001,56.05401662,68.17668955,56.10727327999999,68.22362414999999,10.0,7.0,raw_prb_pct_cpu_product,70.0,1.0,1.0,120.0,correct_parts_per_min,0.0,0.0,0.0,0.0,-2.3333333333333335,False,,,
run_889_20260703_203648_slice_ul10_dl50_edge_cpu6_bg30m_ul_best_n_1280x720_speed0p5_raw,automated_experiments/results/run_889_20260703_203648_slice_ul10_dl50_edge_cpu6_bg30m_ul_best_n_1280x720_speed0p5_raw,slice_ul10_dl50,10.0,50.0,edge_cpu6,6.0,0.75,1280,720,1280x720,0.5,best_n.pt,best_n.pt,raw,30.0,ul,oaitun_ue2,completed,False,77,27,50,50,0,50,0,0,0.0,1.0,0.0,0.0,factory_roundtrip_ms,2427.0548799999997,2393.2025000000003,2556.3633,2565.82735,2572.92001,50.092697320000006,61.407618849999984,56.83966222,70.94930405,57.108671740000005,71.41910884999999,10.0,6.0,raw_prb_pct_cpu_product,60.0,0.25,1.0,30.0,correct_parts_per_min,0.0,0.0,0.0,0.0,-2.0,False,29.99992940005695,0.0,0.778637805862197
run_890_20260703_205857_slice_ul10_dl50_edge_cpu6_bg30m_ul_best_n_1280x720_speed1p0_raw,automated_experiments/results/run_890_20260703_205857_slice_ul10_dl50_edge_cpu6_bg30m_ul_best_n_1280x720_speed1p0_raw,slice_ul10_dl50,10.0,50.0,edge_cpu6,6.0,0.75,1280,720,1280x720,1.0,best_n.pt,best_n.pt,raw,30.0,ul,oaitun_ue2,completed,False,112,62,50,50,0,50,0,0,0.0,1.0,0.0,0.0,factory_roundtrip_ms,2433.7897399999997,2402.9809999999998,2548.1857,2569.287,2587.7802199999996,48.96415762000001,55.071689199999994,55.35313392,64.268033,55.611101040000015,64.64758160000001,10.0,6.0,raw_prb_pct_cpu_product,60.0,0.5,1.0,60.0,correct_parts_per_min,0.0,0.0,0.0,0.0,-2.0,False,29.99993315004557,0.0,0.5725882175701763
run_891_20260703_212105_slice_ul10_dl50_edge_cpu6_bg30m_ul_best_n_1280x720_speed1p5_raw,automated_experiments/results/run_891_20260703_212105_slice_ul10_dl50_edge_cpu6_bg30m_ul_best_n_1280x720_speed1p5_raw,slice_ul10_dl50,10.0,50.0,edge_cpu6,6.0,0.75,1280,720,1280x720,1.5,best_n.pt,best_n.pt,raw,30.0,ul,oaitun_ue2,completed,False,87,37,50,50,0,50,0,0,0.0,1.0,0.0,0.0,factory_roundtrip_ms,2419.3212000000003,2390.197,2556.5031999999997,2588.08875,2606.38287,50.5686942,58.75173944999999,57.372166500000006,66.72139754999999,57.62648838,66.90216724999999,10.0,6.0,raw_prb_pct_cpu_product,60.0,0.75,1.0,90.0,correct_parts_per_min,0.0,0.0,0.0,0.0,-2.0,False,29.999939200029186,0.0,0.5008039711541268
run_892_20260703_213702_slice_ul10_dl50_edge_cpu6_bg30m_ul_best_n_1280x720_speed2p0_raw,automated_experiments/results/run_892_20260703_213702_slice_ul10_dl50_edge_cpu6_bg30m_ul_best_n_1280x720_speed2p0_raw,slice_ul10_dl50,10.0,50.0,edge_cpu6,6.0,0.75,1280,720,1280x720,2.0,best_n.pt,best_n.pt,raw,30.0,ul,oaitun_ue2,completed,False,61,11,50,50,0,50,0,0,0.0,1.0,0.0,0.0,factory_roundtrip_ms,2391.1650400000003,2384.0860000000002,2404.2152,2422.20325,2579.4634,54.36242416,63.207824699999996,62.26215950000001,74.74313674999999,62.574981019999996,74.94315615,10.0,6.0,raw_prb_pct_cpu_product,60.0,1.0,1.0,120.0,correct_parts_per_min,0.0,0.0,0.0,0.0,-2.0,False,29.999947006712414,0.0,0.3944503496953128
run_893_20260703_214859_slice_ul10_dl50_edge_cpu6_bg30m_ul_best_n_640x360_speed0p5_raw,automated_experiments/results/run_893_20260703_214859_slice_ul10_dl50_edge_cpu6_bg30m_ul_best_n_640x360_speed0p5_raw,slice_ul10_dl50,10.0,50.0,edge_cpu6,6.0,0.75,640,360,640x360,0.5,best_n.pt,best_n.pt,raw,30.0,ul,oaitun_ue2,completed,False,50,0,50,50,13,0,37,13,0.26,0.0,0.74,0.26,factory_roundtrip_ms,973.7503600000001,967.2945,983.3199999999999,986.3802000000001,1131.8087099999998,54.563132859999996,69.64132415,56.788091439999995,73.69934605,56.90310816,73.7546401,10.0,6.0,raw_prb_pct_cpu_product,60.0,0.25,1.0,30.0,correct_parts_per_min,7.800000000000001,0.004333333333333333,0.004333333333333333,0.13,5.800000000000001,False,29.99992040008809,0.0,0.6668090897395663
run_894_20260703_220408_slice_ul10_dl50_edge_cpu6_bg30m_ul_best_n_640x360_speed1p0_raw,automated_experiments/results/run_894_20260703_220408_slice_ul10_dl50_edge_cpu6_bg30m_ul_best_n_640x360_speed1p0_raw,slice_ul10_dl50,10.0,50.0,edge_cpu6,6.0,0.75,640,360,640x360,1.0,best_n.pt,best_n.pt,raw,30.0,ul,oaitun_ue2,completed,False,59,9,50,50,12,3,35,12,0.24,0.06,0.7,0.24,factory_roundtrip_ms,971.7775600000001,962.8595,983.2186,1075.9180999999994,1170.20911,51.7667794,65.6555766,53.52844584,67.92256935,53.595130340000004,67.98654085,10.0,6.0,raw_prb_pct_cpu_product,60.0,0.5,1.0,60.0,correct_parts_per_min,14.399999999999999,0.004,0.004,0.23999999999999996,12.399999999999999,False,29.999958106687334,6.435561367582533e-05,0.515202106301771
run_895_20260703_221717_slice_ul10_dl50_edge_cpu6_bg30m_ul_best_n_640x360_speed1p5_raw,automated_experiments/results/run_895_20260703_221717_slice_ul10_dl50_edge_cpu6_bg30m_ul_best_n_640x360_speed1p5_raw,slice_ul10_dl50,10.0,50.0,edge_cpu6,6.0,0.75,640,360,640x360,1.5,best_n.pt,best_n.pt,raw,30.0,ul,oaitun_ue2,completed,False,50,0,50,50,0,50,0,0,0.0,1.0,0.0,0.0,factory_roundtrip_ms,990.6085400000001,963.703,1161.4067,1167.0563499999998,1186.0428200000001,55.50644311999999,67.30251735,57.58199204,69.84899974999999,57.65917402,69.94642024999999,10.0,6.0,raw_prb_pct_cpu_product,60.0,0.75,1.0,90.0,correct_parts_per_min,0.0,0.0,0.0,0.0,-2.0,False,,,
run_896_20260703_222806_slice_ul10_dl50_edge_cpu6_bg30m_ul_best_n_640x360_speed2p0_raw,automated_experiments/results/run_896_20260703_222806_slice_ul10_dl50_edge_cpu6_bg30m_ul_best_n_640x360_speed2p0_raw,slice_ul10_dl50,10.0,50.0,edge_cpu6,6.0,0.75,640,360,640x360,2.0,best_n.pt,best_n.pt,raw,30.0,ul,oaitun_ue2,completed,False,52,2,50,50,0,50,0,0,0.0,1.0,0.0,0.0,factory_roundtrip_ms,985.4226599999998,967.115,995.3552000000001,1184.18815,1206.21289,56.91823020000001,70.83999645,58.99085156,73.4696132,59.08565594000001,73.52515265,10.0,6.0,raw_prb_pct_cpu_product,60.0,1.0,1.0,120.0,correct_parts_per_min,0.0,0.0,0.0,0.0,-2.0,False,,,
run_897_20260703_223844_slice_ul10_dl50_edge_cpu6_bg30m_ul_best_n_320x180_speed0p5_raw,automated_experiments/results/run_897_20260703_223844_slice_ul10_dl50_edge_cpu6_bg30m_ul_best_n_320x180_speed0p5_raw,slice_ul10_dl50,10.0,50.0,edge_cpu6,6.0,0.75,320,180,320x180,0.5,best_n.pt,best_n.pt,raw,30.0,ul,oaitun_ue2,completed,False,50,0,50,50,6,0,44,6,0.12,0.0,0.88,0.12,factory_roundtrip_ms,557.5059200000001,550.1565,568.5921000000001,579.2283,750.3394299999998,52.476506740000005,63.762791899999996,53.4025028,65.09539015,53.46196632000001,65.46710064999999,10.0,6.0,raw_prb_pct_cpu_product,60.0,0.25,1.0,30.0,correct_parts_per_min,3.5999999999999996,0.002,0.002,0.05999999999999999,1.5999999999999996,False,29.999960006683864,0.0,0.40801570564668554
run_898_20260703_225355_slice_ul10_dl50_edge_cpu6_bg30m_ul_best_n_320x180_speed1p0_raw,automated_experiments/results/run_898_20260703_225355_slice_ul10_dl50_edge_cpu6_bg30m_ul_best_n_320x180_speed1p0_raw,slice_ul10_dl50,10.0,50.0,edge_cpu6,6.0,0.75,320,180,320x180,1.0,best_n.pt,best_n.pt,raw,30.0,ul,oaitun_ue2,completed,False,51,1,50,50,7,0,43,7,0.14,0.0,0.86,0.14,factory_roundtrip_ms,556.3783999999999,546.365,563.7936,593.0842499999999,785.81234,50.77649915999999,62.335982699999995,51.711216979999996,63.6094123,51.78110786000001,63.69632925,10.0,6.0,raw_prb_pct_cpu_product,60.0,0.5,1.0,60.0,correct_parts_per_min,8.4,0.0023333333333333335,0.0023333333333333335,0.14,6.4,False,29.999940300026466,0.0,0.43165704476434175
run_899_20260703_230548_slice_ul10_dl50_edge_cpu6_bg30m_ul_best_n_320x180_speed1p5_raw,automated_experiments/results/run_899_20260703_230548_slice_ul10_dl50_edge_cpu6_bg30m_ul_best_n_320x180_speed1p5_raw,slice_ul10_dl50,10.0,50.0,edge_cpu6,6.0,0.75,320,180,320x180,1.5,best_n.pt,best_n.pt,raw,30.0,ul,oaitun_ue2,completed,False,51,1,50,50,6,1,43,6,0.12,0.02,0.86,0.12,factory_roundtrip_ms,551.23428,549.6475,559.4902,569.9516,679.5549199999998,53.24314784,66.84007564999999,54.20336053999999,67.9239059,54.27651476,67.96338384999999,10.0,6.0,raw_prb_pct_cpu_product,60.0,0.75,1.0,90.0,correct_parts_per_min,10.799999999999999,0.002,0.002,0.18,8.799999999999999,False,,,
run_900_20260703_231638_slice_ul10_dl50_edge_cpu6_bg30m_ul_best_n_320x180_speed2p0_raw,automated_experiments/results/run_900_20260703_231638_slice_ul10_dl50_edge_cpu6_bg30m_ul_best_n_320x180_speed2p0_raw,slice_ul10_dl50,10.0,50.0,edge_cpu6,6.0,0.75,320,180,320x180,2.0,best_n.pt,best_n.pt,raw,30.0,ul,oaitun_ue2,completed,False,50,0,50,50,0,50,0,0,0.0,1.0,0.0,0.0,factory_roundtrip_ms,556.54178,549.178,566.6278,576.67515,752.6063099999998,54.14339692000001,68.273239,55.108876179999996,69.6800688,55.15788208,69.75141305,10.0,6.0,raw_prb_pct_cpu_product,60.0,1.0,1.0,120.0,correct_parts_per_min,0.0,0.0,0.0,0.0,-2.0,False,,,
run_901_20260703_232702_slice_ul10_dl50_edge_cpu5_bg30m_ul_best_n_1280x720_speed0p5_raw,automated_experiments/results/run_901_20260703_232702_slice_ul10_dl50_edge_cpu5_bg30m_ul_best_n_1280x720_speed0p5_raw,slice_ul10_dl50,10.0,50.0,edge_cpu5,5.0,0.625,1280,720,1280x720,0.5,best_n.pt,best_n.pt,raw,30.0,ul,oaitun_ue2,completed,False,67,17,50,50,0,50,0,0,0.0,1.0,0.0,0.0,factory_roundtrip_ms,2435.67016,2388.2485,2651.4043,2658.38225,2672.2308399999997,49.66030336,62.88355435,56.06906418,70.86885135,56.34074538000001,71.17805874999999,10.0,5.0,raw_prb_pct_cpu_product,50.0,0.25,1.0,30.0,correct_parts_per_min,0.0,0.0,0.0,0.0,-1.6666666666666667,False,29.99995215669976,0.0,0.6554778408736394
run_902_20260703_234619_slice_ul10_dl50_edge_cpu5_bg30m_ul_best_n_1280x720_speed1p0_raw,automated_experiments/results/run_902_20260703_234619_slice_ul10_dl50_edge_cpu5_bg30m_ul_best_n_1280x720_speed1p0_raw,slice_ul10_dl50,10.0,50.0,edge_cpu5,5.0,0.625,1280,720,1280x720,1.0,best_n.pt,best_n.pt,raw,30.0,ul,oaitun_ue2,completed,False,110,60,50,50,0,50,0,0,0.0,1.0,0.0,0.0,factory_roundtrip_ms,2433.1007200000004,2391.3149999999996,2638.0437,2671.08465,2681.55574,49.96486484,59.91161095,56.65866132,69.25374374999998,56.90908728,69.73054174999999,10.0,5.0,raw_prb_pct_cpu_product,50.0,0.5,1.0,60.0,correct_parts_per_min,0.0,0.0,0.0,0.0,-1.6666666666666667,False,29.99993120005137,0.0,0.7350771561774226
run_903_20260704_000828_slice_ul10_dl50_edge_cpu5_bg30m_ul_best_n_1280x720_speed1p5_raw,automated_experiments/results/run_903_20260704_000828_slice_ul10_dl50_edge_cpu5_bg30m_ul_best_n_1280x720_speed1p5_raw,slice_ul10_dl50,10.0,50.0,edge_cpu5,5.0,0.625,1280,720,1280x720,1.5,best_n.pt,best_n.pt,raw,30.0,ul,oaitun_ue2,completed,False,82,32,50,50,0,50,0,0,0.0,1.0,0.0,0.0,factory_roundtrip_ms,2440.26382,2391.096,2665.5409999999997,2689.2368500000002,2699.72605,51.56054841999999,62.01728969999999,58.43851752,70.9800689,58.71029883999999,71.3139796,10.0,5.0,raw_prb_pct_cpu_product,50.0,0.75,1.0,90.0,correct_parts_per_min,0.0,0.0,0.0,0.0,-1.6666666666666667,False,29.999935500038916,0.0,0.6145374156096655
run_904_20260704_002428_slice_ul10_dl50_edge_cpu5_bg30m_ul_best_n_1280x720_speed2p0_raw,automated_experiments/results/run_904_20260704_002428_slice_ul10_dl50_edge_cpu5_bg30m_ul_best_n_1280x720_speed2p0_raw,slice_ul10_dl50,10.0,50.0,edge_cpu5,5.0,0.625,1280,720,1280x720,2.0,best_n.pt,best_n.pt,raw,30.0,ul,oaitun_ue2,completed,False,70,20,50,50,0,50,0,0,0.0,1.0,0.0,0.0,factory_roundtrip_ms,2441.47192,2385.3725000000004,2677.6331999999998,2688.928,2690.73021,52.05944274,62.13882165,59.184942420000006,71.63139534999999,59.486545299999996,71.9629671,10.0,5.0,raw_prb_pct_cpu_product,50.0,1.0,1.0,120.0,correct_parts_per_min,0.0,0.0,0.0,0.0,-1.6666666666666667,False,29.999926450066564,0.0,0.431548050546698
run_905_20260704_003748_slice_ul10_dl50_edge_cpu5_bg30m_ul_best_n_640x360_speed0p5_raw,automated_experiments/results/run_905_20260704_003748_slice_ul10_dl50_edge_cpu5_bg30m_ul_best_n_640x360_speed0p5_raw,slice_ul10_dl50,10.0,50.0,edge_cpu5,5.0,0.625,640,360,640x360,0.5,best_n.pt,best_n.pt,raw,30.0,ul,oaitun_ue2,completed,False,50,0,50,50,13,0,37,13,0.26,0.0,0.74,0.26,factory_roundtrip_ms,989.4882599999999,967.2745,989.7615000000001,1227.1929499999997,1274.9192899999998,54.99429075999999,67.7544202,56.956480739999996,70.40524545,57.032850460000006,70.50597085,10.0,5.0,raw_prb_pct_cpu_product,50.0,0.25,1.0,30.0,correct_parts_per_min,7.800000000000001,0.0052,0.0052,0.15600000000000003,6.133333333333334,False,29.99994105002466,0.0,0.40313357810307726
run_906_20260704_005310_slice_ul10_dl50_edge_cpu5_bg30m_ul_best_n_640x360_speed1p0_raw,automated_experiments/results/run_906_20260704_005310_slice_ul10_dl50_edge_cpu5_bg30m_ul_best_n_640x360_speed1p0_raw,slice_ul10_dl50,10.0,50.0,edge_cpu5,5.0,0.625,640,360,640x360,1.0,best_n.pt,best_n.pt,raw,30.0,ul,oaitun_ue2,completed,False,67,17,50,50,14,2,34,14,0.28,0.04,0.68,0.28,factory_roundtrip_ms,970.5823000000001,962.2425000000001,976.2444,985.02345,1213.0037899999998,52.12506568,66.617674,54.0595927,68.2447576,54.12434124000001,68.29603675,10.0,5.0,raw_prb_pct_cpu_product,50.0,0.5,1.0,60.0,correct_parts_per_min,16.8,0.005600000000000001,0.005600000000000001,0.336,15.133333333333335,False,29.9999342500424,0.0,0.551682312611488
run_907_20260704_010747_slice_ul10_dl50_edge_cpu5_bg30m_ul_best_n_640x360_speed1p5_raw,automated_experiments/results/run_907_20260704_010747_slice_ul10_dl50_edge_cpu5_bg30m_ul_best_n_640x360_speed1p5_raw,slice_ul10_dl50,10.0,50.0,edge_cpu5,5.0,0.625,640,360,640x360,1.5,best_n.pt,best_n.pt,raw,30.0,ul,oaitun_ue2,completed,False,53,1,52,52,0,52,0,0,0.0,1.0,0.0,0.0,factory_roundtrip_ms,752.8564615384615,746.5805,759.9135,767.2616499999999,964.3248500000001,59.49905290384615,73.17002604999999,61.811672807692304,75.93816215,61.89809876923078,75.9925038,10.0,5.0,raw_prb_pct_cpu_product,50.0,0.75,1.0,90.0,correct_parts_per_min,0.0,0.0,0.0,0.0,-1.6666666666666667,False,29.99994055002586,0.0,0.548450601504932
run_908_20260704_012300_slice_ul10_dl50_edge_cpu5_bg30m_ul_best_n_640x360_speed2p0_raw,automated_experiments/results/run_908_20260704_012300_slice_ul10_dl50_edge_cpu5_bg30m_ul_best_n_640x360_speed2p0_raw,slice_ul10_dl50,10.0,50.0,edge_cpu5,5.0,0.625,640,360,640x360,2.0,best_n.pt,best_n.pt,raw,30.0,ul,oaitun_ue2,completed,False,50,0,50,50,0,50,0,0,0.0,1.0,0.0,0.0,factory_roundtrip_ms,743.0253799999998,742.865,753.4434,756.7056,768.41211,62.33755494,70.6157959,65.10564388,76.15760619999999,65.2056785,76.2200982,10.0,5.0,raw_prb_pct_cpu_product,50.0,1.0,1.0,120.0,correct_parts_per_min,0.0,0.0,0.0,0.0,-1.6666666666666667,False,29.999961106681965,0.0,0.5429406953747026
run_909_20260704_013428_slice_ul10_dl50_edge_cpu5_bg30m_ul_best_n_320x180_speed0p5_raw,automated_experiments/results/run_909_20260704_013428_slice_ul10_dl50_edge_cpu5_bg30m_ul_best_n_320x180_speed0p5_raw,slice_ul10_dl50,10.0,50.0,edge_cpu5,5.0,0.625,320,180,320x180,0.5,best_n.pt,best_n.pt,raw,30.0,ul,oaitun_ue2,completed,False,50,0,50,50,6,0,44,6,0.12,0.0,0.88,0.12,factory_roundtrip_ms,423.3379,422.207,440.0015,446.19309999999996,449.00736,55.752441680000004,70.37910215,56.85322861999999,71.69198994999999,56.91624518,71.7491412,10.0,5.0,raw_prb_pct_cpu_product,50.0,0.25,1.0,30.0,correct_parts_per_min,3.5999999999999996,0.0024,0.0024,0.072,1.933333333333333,False,29.99992275007944,0.0,0.496941179177064
run_910_20260704_015108_slice_ul10_dl50_edge_cpu5_bg30m_ul_best_n_320x180_speed1p0_raw,automated_experiments/results/run_910_20260704_015108_slice_ul10_dl50_edge_cpu5_bg30m_ul_best_n_320x180_speed1p0_raw,slice_ul10_dl50,10.0,50.0,edge_cpu5,5.0,0.625,320,180,320x180,1.0,best_n.pt,best_n.pt,raw,30.0,ul,oaitun_ue2,completed,False,50,0,50,50,6,0,44,6,0.12,0.0,0.88,0.12,factory_roundtrip_ms,433.19484000000006,429.153,439.8029,447.2589,544.6061499999996,57.759958960000006,67.9792132,58.75183258,69.2857277,58.80597285999999,69.34169295000001,10.0,5.0,raw_prb_pct_cpu_product,50.0,0.5,1.0,60.0,correct_parts_per_min,7.199999999999999,0.0024,0.0024,0.144,5.533333333333332,False,29.999959406684933,0.0,0.5427294001331645
run_911_20260704_020400_slice_ul10_dl50_edge_cpu5_bg30m_ul_best_n_320x180_speed1p5_raw,automated_experiments/results/run_911_20260704_020400_slice_ul10_dl50_edge_cpu5_bg30m_ul_best_n_320x180_speed1p5_raw,slice_ul10_dl50,10.0,50.0,edge_cpu5,5.0,0.625,320,180,320x180,1.5,best_n.pt,best_n.pt,raw,30.0,ul,oaitun_ue2,completed,False,50,0,50,50,6,0,44,6,0.12,0.0,0.88,0.12,factory_roundtrip_ms,429.4060400000001,429.3025,441.2108,442.0549,445.3014,59.46482808,68.25093195,60.58066819999999,69.29694015,60.65147718000001,69.3330458,10.0,5.0,raw_prb_pct_cpu_product,50.0,0.75,1.0,90.0,correct_parts_per_min,10.799999999999999,0.0024,0.0024,0.21599999999999997,9.133333333333333,False,29.999940800025257,0.0,0.5037636965143996
run_912_20260704_021534_slice_ul10_dl50_edge_cpu5_bg30m_ul_best_n_320x180_speed2p0_raw,automated_experiments/results/run_912_20260704_021534_slice_ul10_dl50_edge_cpu5_bg30m_ul_best_n_320x180_speed2p0_raw,slice_ul10_dl50,10.0,50.0,edge_cpu5,5.0,0.625,320,180,320x180,2.0,best_n.pt,best_n.pt,raw,30.0,ul,oaitun_ue2,completed,False,50,0,50,50,6,0,44,6,0.12,0.0,0.88,0.12,factory_roundtrip_ms,427.08457999999996,426.997,440.544,440.9891,446.07542,58.4135652,69.7320866,59.41557564,71.24283390000001,59.47895800000001,71.37188835,10.0,5.0,raw_prb_pct_cpu_product,50.0,1.0,1.0,120.0,correct_parts_per_min,14.399999999999999,0.0024,0.0024,0.288,12.733333333333333,False,29.99993910002944,0.0,0.6349322880482956
run_913_20260704_022703_slice_ul10_dl50_edge_cpu4_bg30m_ul_best_n_1280x720_speed0p5_raw,automated_experiments/results/run_913_20260704_022703_slice_ul10_dl50_edge_cpu4_bg30m_ul_best_n_1280x720_speed0p5_raw,slice_ul10_dl50,10.0,50.0,edge_cpu4,4.0,0.5,1280,720,1280x720,0.5,best_n.pt,best_n.pt,raw,30.0,ul,oaitun_ue2,completed,False,50,0,50,50,30,0,20,30,0.6,0.0,0.4,0.6,factory_roundtrip_ms,1822.8572800000004,1831.3049999999998,1863.4992,1878.01425,1892.68264,63.04843256,96.85704095,72.66173376,111.46151529999997,73.25586795999999,113.22758354999996,10.0,4.0,raw_prb_pct_cpu_product,40.0,0.25,1.0,30.0,correct_parts_per_min,18.0,0.015,0.015,0.45,16.666666666666668,False,29.99993560003864,0.002702937513876688,0.6448151875776162
run_914_20260704_024303_slice_ul10_dl50_edge_cpu4_bg30m_ul_best_n_1280x720_speed1p0_raw,automated_experiments/results/run_914_20260704_024303_slice_ul10_dl50_edge_cpu4_bg30m_ul_best_n_1280x720_speed1p0_raw,slice_ul10_dl50,10.0,50.0,edge_cpu4,4.0,0.5,1280,720,1280x720,1.0,best_n.pt,best_n.pt,raw,30.0,ul,oaitun_ue2,completed,False,68,18,50,50,0,50,0,0,0.0,1.0,0.0,0.0,factory_roundtrip_ms,1804.81574,1801.1675,1849.7846,1862.6074999999998,1871.0345200000002,58.82713045999999,87.1339771,66.43063357999999,95.81604674999998,66.7333266,96.44424504999999,10.0,4.0,raw_prb_pct_cpu_product,40.0,0.5,1.0,60.0,correct_parts_per_min,0.0,0.0,0.0,0.0,-1.3333333333333333,False,29.99993415004269,0.0019306696527690629,0.682848946751811
run_915_20260704_025956_slice_ul10_dl50_edge_cpu4_bg30m_ul_best_n_1280x720_speed1p5_raw,automated_experiments/results/run_915_20260704_025956_slice_ul10_dl50_edge_cpu4_bg30m_ul_best_n_1280x720_speed1p5_raw,slice_ul10_dl50,10.0,50.0,edge_cpu4,4.0,0.5,1280,720,1280x720,1.5,best_n.pt,best_n.pt,raw,30.0,ul,oaitun_ue2,completed,False,53,3,50,50,0,50,0,0,0.0,1.0,0.0,0.0,factory_roundtrip_ms,1816.35154,1813.308,1855.2263,1873.5145499999999,1930.91021,61.19004926,100.17088150000001,68.92804751999999,107.2697192,69.22673244,107.5490402,10.0,4.0,raw_prb_pct_cpu_product,40.0,0.75,1.0,90.0,correct_parts_per_min,0.0,0.0,0.0,0.0,-1.3333333333333333,False,29.999940700025498,0.0023168035833228753,0.692359970712671
run_916_20260704_031222_slice_ul10_dl50_edge_cpu4_bg30m_ul_best_n_1280x720_speed2p0_raw,automated_experiments/results/run_916_20260704_031222_slice_ul10_dl50_edge_cpu4_bg30m_ul_best_n_1280x720_speed2p0_raw,slice_ul10_dl50,10.0,50.0,edge_cpu4,4.0,0.5,1280,720,1280x720,2.0,best_n.pt,best_n.pt,raw,30.0,ul,oaitun_ue2,completed,False,51,1,50,50,0,50,0,0,0.0,1.0,0.0,0.0,factory_roundtrip_ms,1826.4440800000002,1820.365,1866.731,1895.30605,1918.05025,68.22370514,96.2784714,77.93454616,108.58847259999999,78.47741081999999,108.8154383,10.0,4.0,raw_prb_pct_cpu_product,40.0,1.0,1.0,120.0,correct_parts_per_min,0.0,0.0,0.0,0.0,-1.3333333333333333,False,29.9999374000338,0.0030247157893381984,0.472295862240063
run_917_20260704_032403_slice_ul10_dl50_edge_cpu4_bg30m_ul_best_n_640x360_speed0p5_raw,automated_experiments/results/run_917_20260704_032403_slice_ul10_dl50_edge_cpu4_bg30m_ul_best_n_640x360_speed0p5_raw,slice_ul10_dl50,10.0,50.0,edge_cpu4,4.0,0.5,640,360,640x360,0.5,best_n.pt,best_n.pt,raw,30.0,ul,oaitun_ue2,completed,False,50,0,50,50,14,0,36,14,0.28,0.0,0.72,0.28,factory_roundtrip_ms,746.1532200000001,745.5425,770.7369000000001,782.63625,834.7251699999998,60.91511978,94.20950384999999,63.50146142,96.91499144999997,63.60240653999999,97.02734774999998,10.0,4.0,raw_prb_pct_cpu_product,40.0,0.25,1.0,30.0,correct_parts_per_min,8.4,0.007000000000000001,0.007000000000000001,0.21000000000000002,7.066666666666667,False,29.999931400050762,0.0002574226203692084,0.40910201697125775
run_918_20260704_034052_slice_ul10_dl50_edge_cpu4_bg30m_ul_best_n_640x360_speed1p0_raw,automated_experiments/results/run_918_20260704_034052_slice_ul10_dl50_edge_cpu4_bg30m_ul_best_n_640x360_speed1p0_raw,slice_ul10_dl50,10.0,50.0,edge_cpu4,4.0,0.5,640,360,640x360,1.0,best_n.pt,best_n.pt,raw,30.0,ul,oaitun_ue2,completed,False,54,4,50,50,14,0,36,14,0.28,0.0,0.72,0.28,factory_roundtrip_ms,749.4472599999999,740.014,783.716,792.33345,863.0627499999998,65.91087596,105.89803644999999,68.19792722,107.95902464999999,68.29579265999999,108.07061925,10.0,4.0,raw_prb_pct_cpu_product,40.0,0.5,1.0,60.0,correct_parts_per_min,16.8,0.007000000000000001,0.007000000000000001,0.42000000000000004,15.466666666666667,False,29.999934750041,0.0023811592384151777,0.7088500869171885
run_919_20260704_035353_slice_ul10_dl50_edge_cpu4_bg30m_ul_best_n_640x360_speed1p5_raw,automated_experiments/results/run_919_20260704_035353_slice_ul10_dl50_edge_cpu4_bg30m_ul_best_n_640x360_speed1p5_raw,slice_ul10_dl50,10.0,50.0,edge_cpu4,4.0,0.5,640,360,640x360,1.5,best_n.pt,best_n.pt,raw,30.0,ul,oaitun_ue2,completed,False,50,0,50,50,0,50,0,0,0.0,1.0,0.0,0.0,factory_roundtrip_ms,757.1828600000002,750.6835000000001,783.9359000000001,798.73675,843.6868599999998,70.22869723999999,103.62977005,72.70180821999999,105.82428035000001,72.80030268,105.89865155,10.0,4.0,raw_prb_pct_cpu_product,40.0,0.75,1.0,90.0,correct_parts_per_min,0.0,0.0,0.0,0.0,-1.3333333333333333,False,29.999957006689453,0.0013514678871923318,0.46677347346555353
run_920_20260704_040516_slice_ul10_dl50_edge_cpu4_bg30m_ul_best_n_640x360_speed2p0_raw,automated_experiments/results/run_920_20260704_040516_slice_ul10_dl50_edge_cpu4_bg30m_ul_best_n_640x360_speed2p0_raw,slice_ul10_dl50,10.0,50.0,edge_cpu4,4.0,0.5,640,360,640x360,2.0,best_n.pt,best_n.pt,raw,30.0,ul,oaitun_ue2,completed,False,50,0,50,50,0,50,0,0,0.0,1.0,0.0,0.0,factory_roundtrip_ms,755.00704,747.9145000000001,786.8372,795.2040499999999,840.7676999999999,71.45611284,106.81253815,73.76855674,108.9185768,73.84154032,108.98985284999999,10.0,4.0,raw_prb_pct_cpu_product,40.0,1.0,1.0,120.0,correct_parts_per_min,0.0,0.0,0.0,0.0,-1.3333333333333333,False,29.99994015002683,0.003346494064799709,0.4895717687650497
run_921_20260704_041644_slice_ul10_dl50_edge_cpu4_bg30m_ul_best_n_320x180_speed0p5_raw,automated_experiments/results/run_921_20260704_041644_slice_ul10_dl50_edge_cpu4_bg30m_ul_best_n_320x180_speed0p5_raw,slice_ul10_dl50,10.0,50.0,edge_cpu4,4.0,0.5,320,180,320x180,0.5,best_n.pt,best_n.pt,raw,30.0,ul,oaitun_ue2,completed,False,50,0,50,50,6,0,44,6,0.12,0.0,0.88,0.12,factory_roundtrip_ms,440.44514,426.9205,459.1803,541.2137999999997,663.65257,55.330534740000004,70.48741795,56.346598220000004,71.52719169999999,56.40182748,71.60895679999999,10.0,4.0,raw_prb_pct_cpu_product,40.0,0.25,1.0,30.0,correct_parts_per_min,3.5999999999999996,0.003,0.003,0.09,2.2666666666666666,False,29.999961656681045,0.001995024023950585,0.5943737897861968
run_922_20260704_043332_slice_ul10_dl50_edge_cpu4_bg30m_ul_best_n_320x180_speed1p0_raw,automated_experiments/results/run_922_20260704_043332_slice_ul10_dl50_edge_cpu4_bg30m_ul_best_n_320x180_speed1p0_raw,slice_ul10_dl50,10.0,50.0,edge_cpu4,4.0,0.5,320,180,320x180,1.0,best_n.pt,best_n.pt,raw,30.0,ul,oaitun_ue2,completed,False,50,0,50,50,6,0,44,6,0.12,0.0,0.88,0.12,factory_roundtrip_ms,447.2531000000001,427.8355,477.123,506.09539999999987,696.6495799999999,65.41056798,107.77859064999998,66.47701556000001,109.06804409999998,66.5310699,109.1042744,10.0,4.0,raw_prb_pct_cpu_product,40.0,0.5,1.0,60.0,correct_parts_per_min,7.199999999999999,0.003,0.003,0.18,5.866666666666666,False,29.999933700043975,0.001995025307861365,0.624953216544607
run_923_20260704_044624_slice_ul10_dl50_edge_cpu4_bg30m_ul_best_n_320x180_speed1p5_raw,automated_experiments/results/run_923_20260704_044624_slice_ul10_dl50_edge_cpu4_bg30m_ul_best_n_320x180_speed1p5_raw,slice_ul10_dl50,10.0,50.0,edge_cpu4,4.0,0.5,320,180,320x180,1.5,best_n.pt,best_n.pt,raw,30.0,ul,oaitun_ue2,completed,False,50,0,50,50,7,0,43,7,0.14,0.0,0.86,0.14,factory_roundtrip_ms,431.7212000000001,429.1575,460.2278,464.3637,485.78929999999997,61.42709226,95.32630175,62.51117226,96.5088275,62.564792100000005,96.55039534999999,10.0,4.0,raw_prb_pct_cpu_product,40.0,0.75,1.0,90.0,correct_parts_per_min,12.600000000000001,0.0035000000000000005,0.0035000000000000005,0.31500000000000006,11.266666666666667,False,29.999939200029186,0.0002574226203692084,0.6108783011494034
run_924_20260704_045802_slice_ul10_dl50_edge_cpu4_bg30m_ul_best_n_320x180_speed2p0_raw,automated_experiments/results/run_924_20260704_045802_slice_ul10_dl50_edge_cpu4_bg30m_ul_best_n_320x180_speed2p0_raw,slice_ul10_dl50,10.0,50.0,edge_cpu4,4.0,0.5,320,180,320x180,2.0,best_n.pt,best_n.pt,raw,30.0,ul,oaitun_ue2,completed,False,50,0,50,50,6,2,42,6,0.12,0.04,0.84,0.12,factory_roundtrip_ms,445.59348,432.37149999999997,470.3221,482.647,691.1034499999994,65.06021519999999,98.8624066,66.17415664,99.8357087,66.2280007,99.96544909999999,10.0,4.0,raw_prb_pct_cpu_product,40.0,1.0,1.0,120.0,correct_parts_per_min,14.399999999999999,0.003,0.003,0.36,13.066666666666665,False,29.99994055002586,0.002574226203692084,0.6546581505290292
run_925_20260704_050931_slice_ul10_dl50_edge_cpu3_bg30m_ul_best_n_1280x720_speed0p5_raw,automated_experiments/results/run_925_20260704_050931_slice_ul10_dl50_edge_cpu3_bg30m_ul_best_n_1280x720_speed0p5_raw,slice_ul10_dl50,10.0,50.0,edge_cpu3,3.0,0.375,1280,720,1280x720,0.5,best_n.pt,best_n.pt,raw,30.0,ul,oaitun_ue2,completed,False,51,1,50,50,26,4,20,26,0.52,0.08,0.4,0.52,factory_roundtrip_ms,1862.6469799999998,1836.1399999999999,1897.1139,2195.70125,2230.59926,77.66185954,116.76699894999999,87.02093043999999,128.81436779999999,87.65371814,129.8240371,10.0,3.0,raw_prb_pct_cpu_product,30.0,0.25,1.0,30.0,correct_parts_per_min,15.600000000000001,0.017333333333333333,0.017333333333333333,0.52,14.600000000000001,False,29.999959656684485,0.0093959195966705,0.45097343763337433
run_926_20260704_052630_slice_ul10_dl50_edge_cpu3_bg30m_ul_best_n_1280x720_speed1p0_raw,automated_experiments/results/run_926_20260704_052630_slice_ul10_dl50_edge_cpu3_bg30m_ul_best_n_1280x720_speed1p0_raw,slice_ul10_dl50,10.0,50.0,edge_cpu3,3.0,0.375,1280,720,1280x720,1.0,best_n.pt,best_n.pt,raw,30.0,ul,oaitun_ue2,completed,False,68,18,50,50,0,50,0,0,0.0,1.0,0.0,0.0,factory_roundtrip_ms,1882.98388,1824.0549999999998,2274.1641,2286.3242,2340.7258699999998,85.95200134000001,121.0864302,93.43329245999999,129.7398663,93.71842542,129.9257255,10.0,3.0,raw_prb_pct_cpu_product,30.0,0.5,1.0,60.0,correct_parts_per_min,0.0,0.0,0.0,0.0,-1.0,False,29.999940100026954,0.018598784321675308,0.48666825874511743
run_927_20260704_054248_slice_ul10_dl50_edge_cpu3_bg30m_ul_best_n_1280x720_speed1p5_raw,automated_experiments/results/run_927_20260704_054248_slice_ul10_dl50_edge_cpu3_bg30m_ul_best_n_1280x720_speed1p5_raw,slice_ul10_dl50,10.0,50.0,edge_cpu3,3.0,0.375,1280,720,1280x720,1.5,best_n.pt,best_n.pt,raw,30.0,ul,oaitun_ue2,completed,False,55,5,50,50,0,50,0,0,0.0,1.0,0.0,0.0,factory_roundtrip_ms,1895.1115,1835.441,2191.9996,2344.82215,2363.56967,84.55060836000001,122.73413439999999,93.03363982,131.38789014999998,93.51217608,131.6623244,10.0,3.0,raw_prb_pct_cpu_product,30.0,0.75,1.0,90.0,correct_parts_per_min,0.0,0.0,0.0,0.0,-1.0,False,29.999949056707162,0.024969978106220227,0.5240556268194325
run_928_20260704_055537_slice_ul10_dl50_edge_cpu3_bg30m_ul_best_n_1280x720_speed2p0_raw,automated_experiments/results/run_928_20260704_055537_slice_ul10_dl50_edge_cpu3_bg30m_ul_best_n_1280x720_speed2p0_raw,slice_ul10_dl50,10.0,50.0,edge_cpu3,3.0,0.375,1280,720,1280x720,2.0,best_n.pt,best_n.pt,raw,30.0,ul,oaitun_ue2,completed,False,54,4,50,50,0,50,0,0,0.0,1.0,0.0,0.0,factory_roundtrip_ms,1905.1122,1841.7835,2091.2312,2340.83975,2608.146949999999,92.14880958000002,129.06459934999998,103.16533520000002,141.76875554999998,103.79303865999998,143.83218134999998,10.0,3.0,raw_prb_pct_cpu_product,30.0,1.0,1.0,120.0,correct_parts_per_min,0.0,0.0,0.0,0.0,-1.0,False,29.999959806684217,0.03224216245158849,0.57924061649326
run_929_20260704_060742_slice_ul10_dl50_edge_cpu3_bg30m_ul_best_n_640x360_speed0p5_raw,automated_experiments/results/run_929_20260704_060742_slice_ul10_dl50_edge_cpu3_bg30m_ul_best_n_640x360_speed0p5_raw,slice_ul10_dl50,10.0,50.0,edge_cpu3,3.0,0.375,640,360,640x360,0.5,best_n.pt,best_n.pt,raw,30.0,ul,oaitun_ue2,completed,False,51,1,50,50,13,0,37,13,0.26,0.0,0.74,0.26,factory_roundtrip_ms,787.2014,755.2805000000001,807.5735000000001,962.0217499999992,1343.4004599999998,83.22885154,126.54961234999999,85.48142743999999,130.1148164,85.58461836000001,130.24308294999997,10.0,3.0,raw_prb_pct_cpu_product,30.0,0.25,1.0,30.0,correct_parts_per_min,7.800000000000001,0.008666666666666666,0.008666666666666666,0.26,6.800000000000001,False,29.99993760003328,0.024776927210536308,0.503998073735013
run_930_20260704_062448_slice_ul10_dl50_edge_cpu3_bg30m_ul_best_n_640x360_speed1p0_raw,automated_experiments/results/run_930_20260704_062448_slice_ul10_dl50_edge_cpu3_bg30m_ul_best_n_640x360_speed1p0_raw,slice_ul10_dl50,10.0,50.0,edge_cpu3,3.0,0.375,640,360,640x360,1.0,best_n.pt,best_n.pt,raw,30.0,ul,oaitun_ue2,completed,False,52,2,50,50,11,3,36,11,0.22,0.06,0.72,0.22,factory_roundtrip_ms,788.5511800000002,762.796,799.8454,1002.9874,1323.7733799999996,80.59968902,118.5304147,82.79964022,120.68072244999999,82.90085444,120.79083834999999,10.0,3.0,raw_prb_pct_cpu_product,30.0,0.5,1.0,60.0,correct_parts_per_min,13.2,0.007333333333333333,0.007333333333333333,0.44,12.2,False,29.9999592066853,0.02645015722076421,0.4248893061283821
run_931_20260704_063804_slice_ul10_dl50_edge_cpu3_bg30m_ul_best_n_640x360_speed1p5_raw,automated_experiments/results/run_931_20260704_063804_slice_ul10_dl50_edge_cpu3_bg30m_ul_best_n_640x360_speed1p5_raw,slice_ul10_dl50,10.0,50.0,edge_cpu3,3.0,0.375,640,360,640x360,1.5,best_n.pt,best_n.pt,raw,30.0,ul,oaitun_ue2,completed,False,50,0,50,50,0,50,0,0,0.0,1.0,0.0,0.0,factory_roundtrip_ms,798.2429199999999,769.4965,814.2786,1020.1014999999991,1289.0424899999996,88.37887545999997,127.26930245,90.69478167999999,129.6855401,90.79150528,129.7565355,10.0,3.0,raw_prb_pct_cpu_product,30.0,0.75,1.0,90.0,correct_parts_per_min,0.0,0.0,0.0,0.0,-1.0,False,29.999932750046742,0.0429252219465655,0.5284405356275482
run_932_20260704_064955_slice_ul10_dl50_edge_cpu3_bg30m_ul_best_n_640x360_speed2p0_raw,automated_experiments/results/run_932_20260704_064955_slice_ul10_dl50_edge_cpu3_bg30m_ul_best_n_640x360_speed2p0_raw,slice_ul10_dl50,10.0,50.0,edge_cpu3,3.0,0.375,640,360,640x360,2.0,best_n.pt,best_n.pt,raw,30.0,ul,oaitun_ue2,completed,False,50,0,50,50,0,50,0,0,0.0,1.0,0.0,0.0,factory_roundtrip_ms,777.1706999999999,768.8355,803.3689999999999,844.2662499999998,1065.9911499999998,88.56150514,123.9898504,90.7985112,125.8901954,90.91335040000001,125.95990714999999,10.0,3.0,raw_prb_pct_cpu_product,30.0,1.0,1.0,120.0,correct_parts_per_min,0.0,0.0,0.0,0.0,-1.0,False,29.9999404500261,0.03732627995353522,0.5342667504380677
run_933_20260704_070128_slice_ul10_dl50_edge_cpu3_bg30m_ul_best_n_320x180_speed0p5_raw,automated_experiments/results/run_933_20260704_070128_slice_ul10_dl50_edge_cpu3_bg30m_ul_best_n_320x180_speed0p5_raw,slice_ul10_dl50,10.0,50.0,edge_cpu3,3.0,0.375,320,180,320x180,0.5,best_n.pt,best_n.pt,raw,30.0,ul,oaitun_ue2,completed,False,50,0,50,50,5,0,45,5,0.1,0.0,0.9,0.1,factory_roundtrip_ms,454.2488000000001,439.983,488.9089,495.62879999999996,745.3893299999991,75.4691237,118.70680005,76.56474412,119.8248336,76.61923363999999,119.86367645,10.0,3.0,raw_prb_pct_cpu_product,30.0,0.25,1.0,30.0,correct_parts_per_min,3.0,0.0033333333333333335,0.0033333333333333335,0.1,2.0,False,29.99992295007872,0.02400465934942868,0.5181521390350552
run_934_20260704_071819_slice_ul10_dl50_edge_cpu3_bg30m_ul_best_n_320x180_speed1p0_raw,automated_experiments/results/run_934_20260704_071819_slice_ul10_dl50_edge_cpu3_bg30m_ul_best_n_320x180_speed1p0_raw,slice_ul10_dl50,10.0,50.0,edge_cpu3,3.0,0.375,320,180,320x180,1.0,best_n.pt,best_n.pt,raw,30.0,ul,oaitun_ue2,completed,False,50,0,50,50,6,2,42,6,0.12,0.04,0.84,0.12,factory_roundtrip_ms,493.89131999999995,453.103,578.0049000000001,752.3740499999999,1063.5837399999998,78.7339189,120.78282215,79.83056318,121.73998919999998,79.88861170000001,121.81169724999998,10.0,3.0,raw_prb_pct_cpu_product,30.0,0.5,1.0,60.0,correct_parts_per_min,7.199999999999999,0.004,0.004,0.23999999999999996,6.199999999999999,False,29.999939800027697,0.03192040492578184,0.5018062129542475
run_935_20260704_073115_slice_ul10_dl50_edge_cpu3_bg30m_ul_best_n_320x180_speed1p5_raw,automated_experiments/results/run_935_20260704_073115_slice_ul10_dl50_edge_cpu3_bg30m_ul_best_n_320x180_speed1p5_raw,slice_ul10_dl50,10.0,50.0,edge_cpu3,3.0,0.375,320,180,320x180,1.5,best_n.pt,best_n.pt,raw,30.0,ul,oaitun_ue2,completed,False,50,0,50,50,6,3,41,6,0.12,0.06,0.82,0.12,factory_roundtrip_ms,491.63676,450.911,489.8975,810.6473999999984,1152.0506699999999,82.89568818,115.6268067,83.87426754,116.73481005000001,83.93017458,116.7691376,10.0,3.0,raw_prb_pct_cpu_product,30.0,0.75,1.0,90.0,correct_parts_per_min,10.799999999999999,0.004,0.004,0.36,9.799999999999999,False,29.99993720003433,0.0395143722266735,0.603645968579396
run_936_20260704_074256_slice_ul10_dl50_edge_cpu3_bg30m_ul_best_n_320x180_speed2p0_raw,automated_experiments/results/run_936_20260704_074256_slice_ul10_dl50_edge_cpu3_bg30m_ul_best_n_320x180_speed2p0_raw,slice_ul10_dl50,10.0,50.0,edge_cpu3,3.0,0.375,320,180,320x180,2.0,best_n.pt,best_n.pt,raw,30.0,ul,oaitun_ue2,completed,False,50,0,50,50,5,4,41,5,0.1,0.08,0.82,0.1,factory_roundtrip_ms,484.9239,448.13800000000003,489.5541,623.3463999999993,1152.3647399999998,80.8353321,116.2726168,81.9263314,117.235202,81.97645120000001,117.2770195,10.0,3.0,raw_prb_pct_cpu_product,30.0,1.0,1.0,120.0,correct_parts_per_min,12.0,0.0033333333333333335,0.0033333333333333335,0.4,11.0,False,,,
run_937_20260704_075346_slice_ul10_dl50_edge_cpu2_bg30m_ul_best_n_1280x720_speed0p5_raw,automated_experiments/results/run_937_20260704_075346_slice_ul10_dl50_edge_cpu2_bg30m_ul_best_n_1280x720_speed0p5_raw,slice_ul10_dl50,10.0,50.0,edge_cpu2,2.0,0.25,1280,720,1280x720,0.5,best_n.pt,best_n.pt,raw,30.0,ul,oaitun_ue2,completed,False,52,2,50,50,23,9,18,23,0.46,0.18,0.36,0.46,factory_roundtrip_ms,1982.1151600000003,1910.9540000000002,2402.2657,2547.7342,2861.44203,144.83363531999998,205.1193127,153.23107849999997,212.7909105,153.6883383,213.03425964999997,10.0,2.0,raw_prb_pct_cpu_product,20.0,0.25,1.0,30.0,correct_parts_per_min,13.8,0.023,0.023,0.6900000000000001,13.133333333333335,False,29.999957106689255,0.17871553917776695,0.36901222852376175
run_938_20260704_081106_slice_ul10_dl50_edge_cpu2_bg30m_ul_best_n_1280x720_speed1p0_raw,automated_experiments/results/run_938_20260704_081106_slice_ul10_dl50_edge_cpu2_bg30m_ul_best_n_1280x720_speed1p0_raw,slice_ul10_dl50,10.0,50.0,edge_cpu2,2.0,0.25,1280,720,1280x720,1.0,best_n.pt,best_n.pt,raw,30.0,ul,oaitun_ue2,completed,False,104,26,78,78,0,78,0,0,0.0,1.0,0.0,0.0,factory_roundtrip_ms,1960.6720897435898,1904.9009999999998,1995.0987,2531.3383499999995,2921.3646500000004,150.64520012820515,210.5758742,157.90057065384616,218.10151639999998,158.21913638461538,218.41349505,10.0,2.0,raw_prb_pct_cpu_product,20.0,0.5,1.0,60.0,correct_parts_per_min,0.0,0.0,0.0,0.0,-0.6666666666666666,False,29.99993935002881,0.1958986141009676,0.45263996233244386
run_939_20260704_083918_slice_ul10_dl50_edge_cpu2_bg30m_ul_best_n_1280x720_speed1p5_raw,automated_experiments/results/run_939_20260704_083918_slice_ul10_dl50_edge_cpu2_bg30m_ul_best_n_1280x720_speed1p5_raw,slice_ul10_dl50,10.0,50.0,edge_cpu2,2.0,0.25,1280,720,1280x720,1.5,best_n.pt,best_n.pt,raw,30.0,ul,oaitun_ue2,completed,False,56,6,50,50,0,50,0,0,0.0,1.0,0.0,0.0,factory_roundtrip_ms,1922.3231,1929.2150000000001,1969.3591999999999,1986.89295,2115.1486999999997,158.06694538,204.58903785,166.79014107999998,214.07463604999998,167.14377389999999,214.555308,10.0,2.0,raw_prb_pct_cpu_product,20.0,0.75,1.0,90.0,correct_parts_per_min,0.0,0.0,0.0,0.0,-0.6666666666666666,False,29.999930800052596,0.22125474220733463,0.605544758761818
run_940_20260704_085244_slice_ul10_dl50_edge_cpu2_bg30m_ul_best_n_1280x720_speed2p0_raw,automated_experiments/results/run_940_20260704_085244_slice_ul10_dl50_edge_cpu2_bg30m_ul_best_n_1280x720_speed2p0_raw,slice_ul10_dl50,10.0,50.0,edge_cpu2,2.0,0.25,1280,720,1280x720,2.0,best_n.pt,best_n.pt,raw,30.0,ul,oaitun_ue2,completed,False,54,4,50,50,0,50,0,0,0.0,1.0,0.0,0.0,factory_roundtrip_ms,1923.44314,1931.526,1968.0112000000001,1981.9198999999999,1984.02163,157.98368268000002,203.0989204,165.55506774000003,209.52592875,165.85646999999997,209.9078504,10.0,2.0,raw_prb_pct_cpu_product,20.0,1.0,1.0,120.0,correct_parts_per_min,0.0,0.0,0.0,0.0,-0.6666666666666666,False,29.999931950049106,0.2706798853182226,0.742233079271575
run_941_20260704_090514_slice_ul10_dl50_edge_cpu2_bg30m_ul_best_n_640x360_speed0p5_raw,automated_experiments/results/run_941_20260704_090514_slice_ul10_dl50_edge_cpu2_bg30m_ul_best_n_640x360_speed0p5_raw,slice_ul10_dl50,10.0,50.0,edge_cpu2,2.0,0.25,640,360,640x360,0.5,best_n.pt,best_n.pt,raw,30.0,ul,oaitun_ue2,completed,False,50,0,50,50,14,0,36,14,0.28,0.0,0.72,0.28,factory_roundtrip_ms,826.2463600000001,827.9515,888.8806000000001,900.86405,912.10254,142.90067132000001,210.563921,145.13672584,213.1331443,145.22114894,213.1855913,10.0,2.0,raw_prb_pct_cpu_product,20.0,0.25,1.0,30.0,correct_parts_per_min,8.4,0.014000000000000002,0.014000000000000002,0.42000000000000004,7.733333333333333,False,29.99994050002598,0.16526532227703178,0.60963016861022
run_942_20260704_092249_slice_ul10_dl50_edge_cpu2_bg30m_ul_best_n_640x360_speed1p0_raw,automated_experiments/results/run_942_20260704_092249_slice_ul10_dl50_edge_cpu2_bg30m_ul_best_n_640x360_speed1p0_raw,slice_ul10_dl50,10.0,50.0,edge_cpu2,2.0,0.25,640,360,640x360,1.0,best_n.pt,best_n.pt,raw,30.0,ul,oaitun_ue2,completed,False,51,1,50,50,11,1,38,11,0.22,0.02,0.76,0.22,factory_roundtrip_ms,839.3844399999999,846.422,889.7351,891.57095,991.2271999999997,158.75058716,212.52997999999997,161.08925792,215.73449144999998,161.17623678,215.80271234999998,10.0,2.0,raw_prb_pct_cpu_product,20.0,0.5,1.0,60.0,correct_parts_per_min,13.2,0.011,0.011,0.6599999999999999,12.533333333333333,False,29.999933350044987,0.2363139654989333,0.591499105881619
run_943_20260704_093626_slice_ul10_dl50_edge_cpu2_bg30m_ul_best_n_640x360_speed1p5_raw,automated_experiments/results/run_943_20260704_093626_slice_ul10_dl50_edge_cpu2_bg30m_ul_best_n_640x360_speed1p5_raw,slice_ul10_dl50,10.0,50.0,edge_cpu2,2.0,0.25,640,360,640x360,1.5,best_n.pt,best_n.pt,raw,30.0,ul,oaitun_ue2,completed,False,51,1,50,50,0,50,0,0,0.0,1.0,0.0,0.0,factory_roundtrip_ms,856.0449399999999,858.938,897.5386,939.2808499999998,1081.00219,169.26010629999996,237.2634160499999,172.08436956000003,251.67234579999982,172.20151228000003,252.27462054999984,10.0,2.0,raw_prb_pct_cpu_product,20.0,0.75,1.0,90.0,correct_parts_per_min,0.0,0.0,0.0,0.0,-0.6666666666666666,False,29.99994020002671,0.27904612048022187,0.48976135388371783
run_944_20260704_094851_slice_ul10_dl50_edge_cpu2_bg30m_ul_best_n_640x360_speed2p0_raw,automated_experiments/results/run_944_20260704_094851_slice_ul10_dl50_edge_cpu2_bg30m_ul_best_n_640x360_speed2p0_raw,slice_ul10_dl50,10.0,50.0,edge_cpu2,2.0,0.25,640,360,640x360,2.0,best_n.pt,best_n.pt,raw,30.0,ul,oaitun_ue2,completed,False,50,0,50,50,0,50,0,0,0.0,1.0,0.0,0.0,factory_roundtrip_ms,853.5644199999999,857.268,905.7968,949.3462,986.95399,166.75316802,230.43937985,169.0593677,232.95067469999998,169.15364698000005,233.01166684999998,10.0,2.0,raw_prb_pct_cpu_product,20.0,1.0,1.0,120.0,correct_parts_per_min,0.0,0.0,0.0,0.0,-0.6666666666666666,False,29.999939250029062,0.3026002902440045,0.763548473964931
run_945_20260704_100105_slice_ul10_dl50_edge_cpu2_bg30m_ul_best_n_320x180_speed0p5_raw,automated_experiments/results/run_945_20260704_100105_slice_ul10_dl50_edge_cpu2_bg30m_ul_best_n_320x180_speed0p5_raw,slice_ul10_dl50,10.0,50.0,edge_cpu2,2.0,0.25,320,180,320x180,0.5,best_n.pt,best_n.pt,raw,30.0,ul,oaitun_ue2,completed,False,50,0,50,50,6,0,44,6,0.12,0.0,0.88,0.12,factory_roundtrip_ms,512.11078,508.841,566.2088,577.1862,663.1129899999997,139.71185952,200.42867195,140.73516816,201.35373439999998,140.79319842000004,201.38849405,10.0,2.0,raw_prb_pct_cpu_product,20.0,0.25,1.0,30.0,correct_parts_per_min,3.5999999999999996,0.006,0.006,0.18,2.933333333333333,False,29.99995735668877,0.1679037960802283,0.43479563699845514
run_946_20260704_101849_slice_ul10_dl50_edge_cpu2_bg30m_ul_best_n_320x180_speed1p0_raw,automated_experiments/results/run_946_20260704_101849_slice_ul10_dl50_edge_cpu2_bg30m_ul_best_n_320x180_speed1p0_raw,slice_ul10_dl50,10.0,50.0,edge_cpu2,2.0,0.25,320,180,320x180,1.0,best_n.pt,best_n.pt,raw,30.0,ul,oaitun_ue2,completed,False,51,0,51,51,6,0,45,6,0.11764705882352941,0.0,0.8823529411764706,0.11764705882352941,factory_roundtrip_ms,514.806,507.768,584.598,592.653,694.576,141.7630789019608,216.46707650000002,142.7386686470588,217.3259335,142.79658874509806,217.360346,10.0,2.0,raw_prb_pct_cpu_product,20.0,0.5,1.0,60.0,correct_parts_per_min,7.0588235294117645,0.0058823529411764705,0.0058823529411764705,0.3529411764705882,6.3921568627450975,False,29.999955206693095,0.24982849228955392,0.45877876037467746
run_947_20260704_103548_slice_ul10_dl50_edge_cpu2_bg30m_ul_best_n_320x180_speed1p5_raw,automated_experiments/results/run_947_20260704_103548_slice_ul10_dl50_edge_cpu2_bg30m_ul_best_n_320x180_speed1p5_raw,slice_ul10_dl50,10.0,50.0,edge_cpu2,2.0,0.25,320,180,320x180,1.5,best_n.pt,best_n.pt,raw,30.0,ul,oaitun_ue2,completed,False,50,0,50,50,6,0,44,6,0.12,0.0,0.88,0.12,factory_roundtrip_ms,523.99252,522.6324999999999,573.8811000000001,585.2216999999999,630.4480699999999,152.1473487,213.92489719999998,154.65594172,214.98341409999995,154.7105833,215.01840944999995,10.0,2.0,raw_prb_pct_cpu_product,20.0,0.75,1.0,90.0,correct_parts_per_min,10.799999999999999,0.006,0.006,0.5399999999999999,10.133333333333333,False,29.9999345000417,0.26508094332519233,0.48681894526236674
run_948_20260704_104809_slice_ul10_dl50_edge_cpu2_bg30m_ul_best_n_320x180_speed2p0_raw,automated_experiments/results/run_948_20260704_104809_slice_ul10_dl50_edge_cpu2_bg30m_ul_best_n_320x180_speed2p0_raw,slice_ul10_dl50,10.0,50.0,edge_cpu2,2.0,0.25,320,180,320x180,2.0,best_n.pt,best_n.pt,raw,30.0,ul,oaitun_ue2,completed,False,50,0,50,50,2,31,17,2,0.04,0.62,0.34,0.04,factory_roundtrip_ms,517.88046,516.4304999999999,579.9484,592.70695,683.1841099999998,148.51344862,221.5163939,150.95256918,223.09210495,151.01058663999999,223.17892409999996,10.0,2.0,raw_prb_pct_cpu_product,20.0,1.0,1.0,120.0,correct_parts_per_min,4.8,0.002,0.002,0.24,4.133333333333333,False,29.999954206695215,0.2870903926078568,0.5953389620884094
run_949_20260704_110017_slice_ul10_dl50_edge_cpu1_bg30m_ul_best_n_1280x720_speed0p5_raw,automated_experiments/results/run_949_20260704_110017_slice_ul10_dl50_edge_cpu1_bg30m_ul_best_n_1280x720_speed0p5_raw,slice_ul10_dl50,10.0,50.0,edge_cpu1,1.0,0.125,1280,720,1280x720,0.5,best_n.pt,best_n.pt,raw,30.0,ul,oaitun_ue2,completed,False,51,1,50,50,0,50,0,0,0.0,1.0,0.0,0.0,factory_roundtrip_ms,2157.24588,2145.639,2239.7007000000003,2313.86075,2389.9850199999996,418.77387161999997,537.4305134499999,426.76206996,549.2623433999998,427.14348514000005,551.0492902999998,10.0,1.0,raw_prb_pct_cpu_product,10.0,0.25,1.0,30.0,correct_parts_per_min,0.0,0.0,0.0,0.0,-0.3333333333333333,False,29.999939700027937,0.9065137576301674,0.729065937350496
run_950_20260704_111806_slice_ul10_dl50_edge_cpu1_bg30m_ul_best_n_1280x720_speed1p0_raw,automated_experiments/results/run_950_20260704_111806_slice_ul10_dl50_edge_cpu1_bg30m_ul_best_n_1280x720_speed1p0_raw,slice_ul10_dl50,10.0,50.0,edge_cpu1,1.0,0.125,1280,720,1280x720,1.0,best_n.pt,best_n.pt,raw,30.0,ul,oaitun_ue2,completed,False,56,6,50,50,0,50,0,0,0.0,1.0,0.0,0.0,factory_roundtrip_ms,2147.2693400000003,2141.446,2214.4108,2262.75445,2302.28275,418.89761110000006,514.3715860999998,426.5912503,521.8204542499999,426.91926149999995,522.4791709999998,10.0,1.0,raw_prb_pct_cpu_product,10.0,0.5,1.0,60.0,correct_parts_per_min,0.0,0.0,0.0,0.0,-0.3333333333333333,False,29.999926700065725,1.166124470272514,0.6129631846468016
run_951_20260704_113251_slice_ul10_dl50_edge_cpu1_bg30m_ul_best_n_1280x720_speed1p5_raw,automated_experiments/results/run_951_20260704_113251_slice_ul10_dl50_edge_cpu1_bg30m_ul_best_n_1280x720_speed1p5_raw,slice_ul10_dl50,10.0,50.0,edge_cpu1,1.0,0.125,1280,720,1280x720,1.5,best_n.pt,best_n.pt,raw,30.0,ul,oaitun_ue2,completed,False,53,3,50,50,0,50,0,0,0.0,1.0,0.0,0.0,factory_roundtrip_ms,2163.5835800000004,2165.4685,2234.8827,2250.03595,2285.5829599999997,426.30009505999993,504.5613391,434.2394491400001,512.7919644,434.54891292,513.00040185,10.0,1.0,raw_prb_pct_cpu_product,10.0,0.75,1.0,90.0,correct_parts_per_min,0.0,0.0,0.0,0.0,-0.3333333333333333,False,29.999936600035923,1.230222702744447,0.618375665289189
run_952_20260704_114600_slice_ul10_dl50_edge_cpu1_bg30m_ul_best_n_1280x720_speed2p0_raw,automated_experiments/results/run_952_20260704_114600_slice_ul10_dl50_edge_cpu1_bg30m_ul_best_n_1280x720_speed2p0_raw,slice_ul10_dl50,10.0,50.0,edge_cpu1,1.0,0.125,1280,720,1280x720,2.0,best_n.pt,best_n.pt,raw,30.0,ul,oaitun_ue2,completed,False,52,2,50,50,0,50,0,0,0.0,1.0,0.0,0.0,factory_roundtrip_ms,2153.76276,2149.125,2237.6657,2254.4023,2339.23126,410.03728994,508.00446,419.5245499,517.0869341,420.09512758000005,517.3930985,10.0,1.0,raw_prb_pct_cpu_product,10.0,1.0,1.0,120.0,correct_parts_per_min,0.0,0.0,0.0,0.0,-0.3333333333333333,False,29.99993910002944,1.311825673401486,0.47659572556373264
run_953_20260704_115829_slice_ul10_dl50_edge_cpu1_bg30m_ul_best_n_640x360_speed0p5_raw,automated_experiments/results/run_953_20260704_115829_slice_ul10_dl50_edge_cpu1_bg30m_ul_best_n_640x360_speed0p5_raw,slice_ul10_dl50,10.0,50.0,edge_cpu1,1.0,0.125,640,360,640x360,0.5,best_n.pt,best_n.pt,raw,30.0,ul,oaitun_ue2,completed,False,50,0,50,50,14,0,36,14,0.28,0.0,0.72,0.28,factory_roundtrip_ms,1104.54928,1086.1915,1268.703,1280.1299000000001,1450.7765999999997,427.24713577999995,606.09345205,429.44850740000004,608.5946113,429.5477627,608.6490202499999,10.0,1.0,raw_prb_pct_cpu_product,10.0,0.25,1.0,30.0,correct_parts_per_min,8.4,0.028000000000000004,0.028000000000000004,0.8400000000000001,8.066666666666666,False,29.999950606703383,0.981101330487957,0.49949628693455966
run_954_20260704_121523_slice_ul10_dl50_edge_cpu1_bg30m_ul_best_n_640x360_speed1p0_raw,automated_experiments/results/run_954_20260704_121523_slice_ul10_dl50_edge_cpu1_bg30m_ul_best_n_640x360_speed1p0_raw,slice_ul10_dl50,10.0,50.0,edge_cpu1,1.0,0.125,640,360,640x360,1.0,best_n.pt,best_n.pt,raw,30.0,ul,oaitun_ue2,completed,False,58,8,50,50,1,44,5,1,0.02,0.88,0.1,0.02,factory_roundtrip_ms,1091.0595799999999,1072.9859999999999,1196.6752,1300.3962499999996,1592.4529799999996,418.80967236,632.7246661499996,420.9762154400001,634.7963450499996,421.07371592,634.8552935499996,10.0,1.0,raw_prb_pct_cpu_product,10.0,0.5,1.0,60.0,correct_parts_per_min,1.2,0.002,0.002,0.12,0.8666666666666667,False,29.999951206701958,1.0034327284334685,0.4237009405392956
run_955_20260704_123118_slice_ul10_dl50_edge_cpu1_bg30m_ul_best_n_640x360_speed1p5_raw,automated_experiments/results/run_955_20260704_123118_slice_ul10_dl50_edge_cpu1_bg30m_ul_best_n_640x360_speed1p5_raw,slice_ul10_dl50,10.0,50.0,edge_cpu1,1.0,0.125,640,360,640x360,1.5,best_n.pt,best_n.pt,raw,30.0,ul,oaitun_ue2,completed,False,50,0,50,50,0,50,0,0,0.0,1.0,0.0,0.0,factory_roundtrip_ms,1106.05218,1093.1305,1188.5743,1217.9307999999999,1294.9432499999998,428.47358488,541.4828732499999,430.8772968800001,545.79019165,430.9650522,545.8472755999999,10.0,1.0,raw_prb_pct_cpu_product,10.0,0.75,1.0,90.0,correct_parts_per_min,0.0,0.0,0.0,0.0,-0.3333333333333333,False,29.999939950027326,1.4281806978083682,0.4332710994359727
run_956_20260704_124256_slice_ul10_dl50_edge_cpu1_bg30m_ul_best_n_640x360_speed2p0_raw,automated_experiments/results/run_956_20260704_124256_slice_ul10_dl50_edge_cpu1_bg30m_ul_best_n_640x360_speed2p0_raw,slice_ul10_dl50,10.0,50.0,edge_cpu1,1.0,0.125,640,360,640x360,2.0,best_n.pt,best_n.pt,raw,30.0,ul,oaitun_ue2,completed,False,50,0,50,50,0,50,0,0,0.0,1.0,0.0,0.0,factory_roundtrip_ms,1093.18316,1085.0810000000001,1190.2163,1208.17475,1349.99884,416.51389500000005,529.1691647499999,418.8530438199999,531.64604115,418.9586327,531.7158141,10.0,1.0,raw_prb_pct_cpu_product,10.0,1.0,1.0,120.0,correct_parts_per_min,0.0,0.0,0.0,0.0,-0.3333333333333333,False,29.999933300045132,1.3851911202067104,0.49964300005975343
run_957_20260704_125507_slice_ul10_dl50_edge_cpu1_bg30m_ul_best_n_320x180_speed0p5_raw,automated_experiments/results/run_957_20260704_125507_slice_ul10_dl50_edge_cpu1_bg30m_ul_best_n_320x180_speed0p5_raw,slice_ul10_dl50,10.0,50.0,edge_cpu1,1.0,0.125,320,180,320x180,0.5,best_n.pt,best_n.pt,raw,30.0,ul,oaitun_ue2,completed,False,50,0,50,50,5,0,45,5,0.1,0.0,0.9,0.1,factory_roundtrip_ms,779.51794,752.8555,870.0074999999999,938.8835999999998,1067.2879299999997,404.91091241999993,560.8746270499998,405.94752346,562.6251964999998,406.02067470000003,562.6648796499999,10.0,1.0,raw_prb_pct_cpu_product,10.0,0.25,1.0,30.0,correct_parts_per_min,3.0,0.01,0.01,0.3,2.6666666666666665,False,29.999936250036864,0.7655748729780257,0.4797764419928939
run_958_20260704_131245_slice_ul10_dl50_edge_cpu1_bg30m_ul_best_n_320x180_speed1p0_raw,automated_experiments/results/run_958_20260704_131245_slice_ul10_dl50_edge_cpu1_bg30m_ul_best_n_320x180_speed1p0_raw,slice_ul10_dl50,10.0,50.0,edge_cpu1,1.0,0.125,320,180,320x180,1.0,best_n.pt,best_n.pt,raw,30.0,ul,oaitun_ue2,completed,False,50,0,50,50,6,3,41,6,0.12,0.06,0.82,0.12,factory_roundtrip_ms,801.24556,781.2715000000001,893.8248000000001,997.8569999999999,1122.3993,430.32173372,588.2791039499999,433.0674101000001,589.3783348999999,433.11794612,589.4831393999999,10.0,1.0,raw_prb_pct_cpu_product,10.0,0.5,1.0,60.0,correct_parts_per_min,7.199999999999999,0.012,0.012,0.72,6.866666666666666,False,29.999936600035923,1.1906439748626811,0.572603835108006
run_959_20260704_132632_slice_ul10_dl50_edge_cpu1_bg30m_ul_best_n_320x180_speed1p5_raw,automated_experiments/results/run_959_20260704_132632_slice_ul10_dl50_edge_cpu1_bg30m_ul_best_n_320x180_speed1p5_raw,slice_ul10_dl50,10.0,50.0,edge_cpu1,1.0,0.125,320,180,320x180,1.5,best_n.pt,best_n.pt,raw,30.0,ul,oaitun_ue2,completed,False,50,0,50,50,0,50,0,0,0.0,1.0,0.0,0.0,factory_roundtrip_ms,782.3579000000001,766.6365000000001,916.7003,950.63045,982.9916299999999,416.387247,583.87712715,417.43911744,584.8892254,417.49309184000003,584.9263134,10.0,1.0,raw_prb_pct_cpu_product,10.0,0.75,1.0,90.0,correct_parts_per_min,0.0,0.0,0.0,0.0,-0.3333333333333333,False,29.99993445004184,1.2914249307372263,0.6197140057837576
run_960_20260704_133907_slice_ul10_dl50_edge_cpu1_bg30m_ul_best_n_320x180_speed2p0_raw,automated_experiments/results/run_960_20260704_133907_slice_ul10_dl50_edge_cpu1_bg30m_ul_best_n_320x180_speed2p0_raw,slice_ul10_dl50,10.0,50.0,edge_cpu1,1.0,0.125,320,180,320x180,2.0,best_n.pt,best_n.pt,raw,30.0,ul,oaitun_ue2,completed,False,50,0,50,50,0,50,0,0,0.0,1.0,0.0,0.0,factory_roundtrip_ms,786.1618200000001,752.2165,863.138,883.44215,1357.0164999999984,417.01452854,514.74681905,418.11578125999995,515.81392765,418.17527784000004,515.9040959,10.0,1.0,raw_prb_pct_cpu_product,10.0,1.0,1.0,120.0,correct_parts_per_min,0.0,0.0,0.0,0.0,-0.3333333333333333,False,29.99993810003198,1.332290771720838,0.6141674727683766
